"sampleid","processid","fieldid","phylum","class","order","family","subfamily","genus","species","uri","extrainfo","lat","long","collectiondate","fk_marker","nucraw_length","code"
"BIOUG18860-F03.NTS","CONTB117-15","GMP#00614","Arthropoda","Insecta","Hymenoptera","Braconidae","Microgastrinae","Apanteles","Apanteles eduardoramirezi","BOLD:AAA4554","BSE Malaise Trap",10.8438,-85.6138,"2012-05-29","1",588,"CONTB"
"CCDB-46554-A01","CRMSA1046-23","GMP#42929","Arthropoda","Insecta","Hymenoptera","Braconidae","Microgastrinae","Diolcogaster","Diolcogaster Choi106","BOLD:AAA1265","ESG",NA,NA,"","1",653,"CRMSA"
"CCDB-46554-A10","CRMSA1055-23","GMP#42930","Arthropoda","Insecta","Hymenoptera","Braconidae","Microgastrinae","Pseudapanteles","Pseudapanteles margaritapenonae","BOLD:AAA2445","ESG",NA,NA,"","1",653,"CRMSA"
"CCDB-46555-F12","CRMSA1212-23","GMP#42938","Arthropoda","Insecta","Hymenoptera","Braconidae","Microgastrinae","Papanteles","Papanteles Whitfield04","BOLD:AAB6336","ESG",NA,NA,"","1",653,"CRMSA"
"CCDB-46555-G01","CRMSA1213-23","GMP#42938","Arthropoda","Insecta","Hymenoptera","Braconidae","Microgastrinae","Glyptapanteles","Glyptapanteles stephaniecluttsae","BOLD:AAL3684","ESG",NA,NA,"","1",653,"CRMSA"
"CCDB-46555-H04","CRMSA1228-23","GMP#42931","Arthropoda","Insecta","Hymenoptera","Braconidae","Microgastrinae","Diolcogaster","Diolcogaster Choi106","BOLD:AAA1265","ESG",NA,NA,"","1",653,"CRMSA"
"CCDB-46556-E05","CRMSA1241-23","GMP#45336","Arthropoda","Insecta","Hymenoptera","Braconidae","Microgastrinae","Alphomelon","Alphomelon xestopyga","BOLD:AAE5701","Malaise trap BSE",10.8438,-85.6138,"","1",653,"CRMSA"
"CCDB-38206-A07","CRMSA1290-24","GMP#45335","Arthropoda","Insecta","Hymenoptera","Braconidae","Microgastrinae","Glyptapanteles","Glyptapanteles sondrawardae","BOLD:AAA3077","Malaise trap BSE",10.8438,-85.6138,"","1",658,"CRMSA"
"CCDB-38206-C02","CRMSA1309-24","GMP#45365","Arthropoda","Insecta","Hymenoptera","Braconidae","Microgastrinae","","","BOLD:ACL4489","Malaise trap BSE",10.8438,-85.6138,"","1",658,"CRMSA"
"CCDB-38206-C12","CRMSA1319-24","GMP#42941","Arthropoda","Insecta","Hymenoptera","Braconidae","Microgastrinae","","","BOLD:AAD9754","ESG",10.88009,-85.38887,"","1",658,"CRMSA"
"BIOUG80544-A04","CRSIA34675-22","GMP#23135","Arthropoda","Insecta","Hymenoptera","Braconidae","Microgastrinae","Hypomicrogaster","Hypomicrogaster Malaise6626","BOLD:ABY6626","Malaise trap PL12-4F",10.763,-85.334,"2019-07-04","1",652,"CRSIA"
"BIOUG80544-B01","CRSIA34684-22","GMP#23135","Arthropoda","Insecta","Hymenoptera","Braconidae","Microgastrinae","Hypomicrogaster","Hypomicrogaster Malaise5139","BOLD:AES5139","Malaise trap PL12-4F",10.763,-85.334,"2019-07-04","1",653,"CRSIA"
"BIOUG80544-C07","CRSIA34702-22","GMP#23135","Arthropoda","Insecta","Hymenoptera","Braconidae","Microgastrinae","microMalaise01","microMalaise01 Malaise2421","BOLD:AES2421","Malaise trap PL12-4F",10.763,-85.334,"2019-07-04","1",656,"CRSIA"
"BIOUG80544-C11","CRSIA34706-22","GMP#23135","Arthropoda","Insecta","Hymenoptera","Braconidae","Microgastrinae","Glyptapanteles","Glyptapanteles nataliaivanovae","BOLD:AAC5317","Malaise trap PL12-4F",10.763,-85.334,"2019-07-04","1",651,"CRSIA"
"BIOUG80544-C12","CRSIA34707-22","GMP#23135","Arthropoda","Insecta","Hymenoptera","Braconidae","Microgastrinae","Apanteles","Apanteles petronariosae","BOLD:AET3846","Malaise trap PL12-4F",10.763,-85.334,"2019-07-04","1",652,"CRSIA"
"BIOUG80544-E05","CRSIA34724-22","GMP#23135","Arthropoda","Insecta","Hymenoptera","Braconidae","Microgastrinae","microMalaise01","microMalaise01 Malaise0043","BOLD:AEU0043","Malaise trap PL12-4F",10.763,-85.334,"2019-07-04","1",651,"CRSIA"
"BIOUG80544-E09","CRSIA34728-22","GMP#23135","Arthropoda","Insecta","Hymenoptera","Braconidae","Microgastrinae","Hypomicrogaster","Hypomicrogaster Malaise9119","BOLD:AEO9119","Malaise trap PL12-4F",10.763,-85.334,"2019-07-04","1",651,"CRSIA"
"BIOUG25662-C04","GMAAA118-15","GMP#05869","Arthropoda","Insecta","Hymenoptera","Braconidae","Microgastrinae","Glyptapanteles","Glyptapanteles sureshnaiki","BOLD:AAA6269","ESG Malaise Trap",10.88,-85.389,"2014-08-11","1",614,"GMAAA"
"BIOUG27681-B02","GMAAB171-16","GMP#05820","Arthropoda","Insecta","Hymenoptera","Braconidae","Microgastrinae","Diolcogaster","Diolcogaster Choi107","BOLD:AAA1223","ESG Malaise Trap",10.8801,-85.389,"2013-09-02","1",600,"GMAAB"
"BIOUG27681-B04","GMAAB173-16","GMP#05820","Arthropoda","Insecta","Hymenoptera","Braconidae","Microgastrinae","Diolcogaster","Diolcogaster Choi106","BOLD:AAA1265","ESG Malaise Trap",10.8801,-85.389,"2013-09-02","1",576,"GMAAB"
"BIOUG27681-B11","GMAAB180-16","GMP#05820","Arthropoda","Insecta","Hymenoptera","Braconidae","Microgastrinae","Diolcogaster","Diolcogaster Choi107","BOLD:AAA1223","ESG Malaise Trap",10.8801,-85.389,"2013-09-02","1",585,"GMAAB"
"BIOUG27681-C02","GMAAB183-16","GMP#05820","Arthropoda","Insecta","Hymenoptera","Braconidae","Microgastrinae","Diolcogaster","Diolcogaster Choi106","BOLD:AAA1265","ESG Malaise Trap",10.8801,-85.389,"2013-09-02","1",585,"GMAAB"
"BIOUG27682-C03","GMAAB262-16","GMP#05820","Arthropoda","Insecta","Hymenoptera","Braconidae","Microgastrinae","Glyptapanteles","Glyptapanteles scottshawi","BOLD:AAA2958","ESG Malaise Trap",10.8801,-85.389,"2013-09-02","1",594,"GMAAB"
"BIOUG27682-D05","GMAAB276-16","GMP#05820","Arthropoda","Insecta","Hymenoptera","Braconidae","Microgastrinae","Glyptapanteles","Glyptapanteles Whitfield155","BOLD:AAB2471","ESG Malaise Trap",10.8801,-85.389,"2013-09-02","1",594,"GMAAB"
"BIOUG27682-D06","GMAAB277-16","GMP#05820","Arthropoda","Insecta","Hymenoptera","Braconidae","Microgastrinae","Glyptapanteles","Glyptapanteles sondrawardae","BOLD:AAA3077","ESG Malaise Trap",10.8801,-85.389,"2013-09-02","1",594,"GMAAB"
"BIOUG27682-F01","GMAAB296-16","GMP#05820","Arthropoda","Insecta","Hymenoptera","Braconidae","Microgastrinae","Glyptapanteles","Glyptapanteles sondrawardae","BOLD:AAA3077","ESG Malaise Trap",10.8801,-85.389,"2013-09-02","1",579,"GMAAB"
"BIOUG27682-F08","GMAAB303-16","GMP#05820","Arthropoda","Insecta","Hymenoptera","Braconidae","Microgastrinae","Glyptapanteles","Glyptapanteles sondrawardae","BOLD:AAA3077","ESG Malaise Trap",10.8801,-85.389,"2013-09-02","1",480,"GMAAB"
"BIOUG27682-F10","GMAAB305-16","GMP#05820","Arthropoda","Insecta","Hymenoptera","Braconidae","Microgastrinae","Diolcogaster","Diolcogaster Choi106","BOLD:AAA1265","ESG Malaise Trap",10.8801,-85.389,"2013-09-02","1",594,"GMAAB"
"BIOUG27798-A06","GMAAC1635-16","GMP#05822","Arthropoda","Insecta","Hymenoptera","Braconidae","Microgastrinae","Glyptapanteles","Glyptapanteles sureshnaiki","BOLD:AAA6269","ESG Malaise Trap",10.8801,-85.389,"2013-09-16","1",588,"GMAAC"
"BIOUG27772-A07","GMAAC164-16","GMP#05822","Arthropoda","Insecta","Hymenoptera","Braconidae","Microgastrinae","Diolcogaster","Diolcogaster Choi107","BOLD:AAA1223","ESG Malaise Trap",10.8801,-85.389,"2013-09-16","1",585,"GMAAC"
"BIOUG27798-C07","GMAAC1660-16","GMP#05822","Arthropoda","Insecta","Hymenoptera","Braconidae","Microgastrinae","Pseudapanteles","Pseudapanteles margaritapenonae","BOLD:AAA2445","ESG Malaise Trap",10.8801,-85.389,"2013-09-16","1",594,"GMAAC"
"BIOUG27798-D05","GMAAC1670-16","GMP#05822","Arthropoda","Insecta","Hymenoptera","Braconidae","Microgastrinae","Glyptapanteles","Glyptapanteles mikesharkeyi","BOLD:AAA2794","ESG Malaise Trap",10.8801,-85.389,"2013-09-16","1",586,"GMAAC"
"BIOUG27798-D12","GMAAC1677-16","GMP#05822","Arthropoda","Insecta","Hymenoptera","Braconidae","Microgastrinae","Glyptapanteles","Glyptapanteles mikesharkeyi","BOLD:AAA2794","ESG Malaise Trap",10.8801,-85.389,"2013-09-16","1",577,"GMAAC"
"BIOUG27798-E09","GMAAC1686-16","GMP#05822","Arthropoda","Insecta","Hymenoptera","Braconidae","Microgastrinae","Glyptapanteles","Glyptapanteles Whitfield118","BOLD:AAD1799","ESG Malaise Trap",10.8801,-85.389,"2013-09-16","1",600,"GMAAC"
"BIOUG27798-H05","GMAAC1718-16","GMP#05822","Arthropoda","Insecta","Hymenoptera","Braconidae","Microgastrinae","Pseudapanteles","Pseudapanteles christianafigueresae","BOLD:AAA6668","ESG Malaise Trap",10.8801,-85.389,"2013-09-16","1",585,"GMAAC"
"BIOUG27798-H08","GMAAC1721-16","GMP#05822","Arthropoda","Insecta","Hymenoptera","Braconidae","Microgastrinae","Glyptapanteles","Glyptapanteles charlesporteri","BOLD:ACE4337","ESG Malaise Trap",10.8801,-85.389,"2013-09-16","1",588,"GMAAC"
"BIOUG27799-B01","GMAAC1737-16","GMP#05822","Arthropoda","Insecta","Hymenoptera","Braconidae","Microgastrinae","Apanteles","Apanteles carlosguadamuzi","BOLD:ABX5981","ESG Malaise Trap",10.8801,-85.389,"2013-09-16","1",576,"GMAAC"
"BIOUG27799-B04","GMAAC1740-16","GMP#05822","Arthropoda","Insecta","Hymenoptera","Braconidae","Microgastrinae","Diolcogaster","Diolcogaster Choi107","BOLD:AAA1223","ESG Malaise Trap",10.8801,-85.389,"2013-09-16","1",585,"GMAAC"
"BIOUG27772-B05","GMAAC174-16","GMP#05822","Arthropoda","Insecta","Hymenoptera","Braconidae","Microgastrinae","Diolcogaster","Diolcogaster Choi107","BOLD:AAA1223","ESG Malaise Trap",10.8801,-85.389,"2013-09-16","1",588,"GMAAC"
"BIOUG27799-B06","GMAAC1742-16","GMP#05822","Arthropoda","Insecta","Hymenoptera","Braconidae","Microgastrinae","Glyptapanteles","Glyptapanteles mikesharkeyi","BOLD:AAA2794","ESG Malaise Trap",10.8801,-85.389,"2013-09-16","1",585,"GMAAC"
"BIOUG27799-C05","GMAAC1753-16","GMP#05822","Arthropoda","Insecta","Hymenoptera","Braconidae","Microgastrinae","Pseudapanteles","Pseudapanteles christianafigueresae","BOLD:AAA6668","ESG Malaise Trap",10.8801,-85.389,"2013-09-16","1",534,"GMAAC"
"BIOUG27772-B07","GMAAC176-16","GMP#05822","Arthropoda","Insecta","Hymenoptera","Braconidae","Microgastrinae","Diolcogaster","Diolcogaster Choi107","BOLD:AAA1223","ESG Malaise Trap",10.8801,-85.389,"2013-09-16","1",585,"GMAAC"
"BIOUG27772-B08","GMAAC177-16","GMP#05822","Arthropoda","Insecta","Hymenoptera","Braconidae","Microgastrinae","Diolcogaster","Diolcogaster Choi107","BOLD:AAA1223","ESG Malaise Trap",10.8801,-85.389,"2013-09-16","1",588,"GMAAC"
"BIOUG27772-B09","GMAAC178-16","GMP#05822","Arthropoda","Insecta","Hymenoptera","Braconidae","Microgastrinae","Diolcogaster","Diolcogaster Choi107","BOLD:AAA1223","ESG Malaise Trap",10.8801,-85.389,"2013-09-16","1",594,"GMAAC"
"BIOUG27772-B11","GMAAC180-16","GMP#05822","Arthropoda","Insecta","Hymenoptera","Braconidae","Microgastrinae","Diolcogaster","Diolcogaster Choi107","BOLD:AAA1223","ESG Malaise Trap",10.8801,-85.389,"2013-09-16","1",522,"GMAAC"
"BIOUG27772-E05","GMAAD051-16","GMP#05824","Arthropoda","Insecta","Hymenoptera","Braconidae","Microgastrinae","Apanteles","Apanteles luisgaritai","BOLD:AAF8074","ESG Malaise Trap",10.88,-85.389,"2013-09-30","1",588,"GMAAD"
"BIOUG27772-E11","GMAAD057-16","GMP#05824","Arthropoda","Insecta","Hymenoptera","Braconidae","Microgastrinae","Diolcogaster","Diolcogaster Choi106","BOLD:AAA1265","ESG Malaise Trap",10.88,-85.389,"2013-09-30","1",588,"GMAAD"
"BIOUG27863-G08","GMAAD1001-16","GMP#05824","Arthropoda","Insecta","Hymenoptera","Braconidae","Microgastrinae","Glyptapanteles","Glyptapanteles Whitfield141","BOLD:AAA2816","ESG Malaise Trap",10.88,-85.389,"2013-09-30","1",522,"GMAAD"
"BIOUG27863-H01","GMAAD1006-16","GMP#05824","Arthropoda","Insecta","Hymenoptera","Braconidae","Microgastrinae","Glyptapanteles","Glyptapanteles Whitfield142","BOLD:AAD4440","ESG Malaise Trap",10.88,-85.389,"2013-09-30","1",522,"GMAAD"
"BIOUG27863-C10","GMAAD955-16","GMP#05824","Arthropoda","Insecta","Hymenoptera","Braconidae","Microgastrinae","Glyptapanteles","Glyptapanteles mikesharkeyi","BOLD:AAA2794","ESG Malaise Trap",10.88,-85.389,"2013-09-30","1",606,"GMAAD"
"BIOUG27863-C12","GMAAD957-16","GMP#05824","Arthropoda","Insecta","Hymenoptera","Braconidae","Microgastrinae","Glyptapanteles","Glyptapanteles Whitfield145","BOLD:AAD1805","ESG Malaise Trap",10.88,-85.389,"2013-09-30","1",513,"GMAAD"
"BIOUG27863-D10","GMAAD967-16","GMP#05824","Arthropoda","Insecta","Hymenoptera","Braconidae","Microgastrinae","Glyptapanteles","Glyptapanteles sondrawardae","BOLD:AAA3077","ESG Malaise Trap",10.88,-85.389,"2013-09-30","1",567,"GMAAD"
"BIOUG27868-H07","GMAAE060-16","GMP#05826","Arthropoda","Insecta","Hymenoptera","Braconidae","Microgastrinae","Glyptapanteles","Glyptapanteles ninazitaniae","BOLD:AAA6269","ESG Malaise Trap",10.8801,-85.3889,"2013-10-14","1",585,"GMAAE"
"BIOUG27868-H11","GMAAE064-16","GMP#05826","Arthropoda","Insecta","Hymenoptera","Braconidae","Microgastrinae","Diolcogaster","Diolcogaster Choi107","BOLD:AAA1223","ESG Malaise Trap",10.8801,-85.3889,"2013-10-14","1",585,"GMAAE"
"BIOUG27938-F02","GMAAE1172-16","GMP#05826","Arthropoda","Insecta","Hymenoptera","Braconidae","Microgastrinae","Glyptapanteles","Glyptapanteles sondrawardae","BOLD:AAA3077","ESG Malaise Trap",10.8801,-85.3889,"2013-10-14","1",585,"GMAAE"
"BIOUG27939-A06","GMAAE1211-16","GMP#05826","Arthropoda","Insecta","Hymenoptera","Braconidae","Microgastrinae","Apanteles","Apanteles carlosguadamuzi","BOLD:ABX5981","ESG Malaise Trap",10.8801,-85.3889,"2013-10-14","1",594,"GMAAE"
"BIOUG27939-B04","GMAAE1221-16","GMP#05826","Arthropoda","Insecta","Hymenoptera","Braconidae","Microgastrinae","Glyptapanteles","Glyptapanteles scottshawi","BOLD:AAA2958","ESG Malaise Trap",10.8801,-85.3889,"2013-10-14","1",594,"GMAAE"
"BIOUG27901-A06","GMAAE137-16","GMP#05826","Arthropoda","Insecta","Hymenoptera","Braconidae","Microgastrinae","Apanteles","Apanteles Malaise1876","BOLD:ADA1876","ESG Malaise Trap",10.8801,-85.3889,"2013-10-14","1",594,"GMAAE"
"BIOUG28003-B09","GMAAF752-16","GMP#05828","Arthropoda","Insecta","Hymenoptera","Braconidae","Microgastrinae","Diolcogaster","Diolcogaster Choi107","BOLD:AAA1223","ESG Malaise Trap",10.88,-85.389,"2013-10-28","1",585,"GMAAF"
"BIOUG28003-D02","GMAAF769-16","GMP#05828","Arthropoda","Insecta","Hymenoptera","Braconidae","Microgastrinae","Glyptapanteles","Glyptapanteles ninazitaniae","BOLD:AAA6269","ESG Malaise Trap",10.88,-85.389,"2013-10-28","1",594,"GMAAF"
"BIOUG28003-G01","GMAAF804-16","GMP#05828","Arthropoda","Insecta","Hymenoptera","Braconidae","Microgastrinae","Glyptapanteles","Glyptapanteles ninazitaniae","BOLD:AAA6269","ESG Malaise Trap",10.88,-85.389,"2013-10-28","1",588,"GMAAF"
"BIOUG28003-G04","GMAAF807-16","GMP#05828","Arthropoda","Insecta","Hymenoptera","Braconidae","Microgastrinae","Glyptapanteles","Glyptapanteles sondrawardae","BOLD:AAA3077","ESG Malaise Trap",10.88,-85.389,"2013-10-28","1",564,"GMAAF"
"BIOUG28003-H03","GMAAF818-16","GMP#05828","Arthropoda","Insecta","Hymenoptera","Braconidae","Microgastrinae","Glyptapanteles","Glyptapanteles Whitfield101","BOLD:AAY0770","ESG Malaise Trap",10.88,-85.389,"2013-10-28","1",588,"GMAAF"
"BIOUG28003-H04","GMAAF819-16","GMP#05828","Arthropoda","Insecta","Hymenoptera","Braconidae","Microgastrinae","Glyptapanteles","Glyptapanteles sondrawardae","BOLD:AAA3077","ESG Malaise Trap",10.88,-85.389,"2013-10-28","1",528,"GMAAF"
"BIOUG27901-F10","GMAAG103-16","GMP#05830","Arthropoda","Insecta","Hymenoptera","Braconidae","Microgastrinae","Diolcogaster","Diolcogaster Choi107","BOLD:AAA1223","ESG Malaise Trap",10.88,-85.389,"2013-11-11","1",588,"GMAAG"
"BIOUG27901-F11","GMAAG104-16","GMP#05830","Arthropoda","Insecta","Hymenoptera","Braconidae","Microgastrinae","Diolcogaster","Diolcogaster Choi107","BOLD:AAA1223","ESG Malaise Trap",10.88,-85.389,"2013-11-11","1",588,"GMAAG"
"BIOUG28042-F05","GMAAG977-16","GMP#05830","Arthropoda","Insecta","Hymenoptera","Braconidae","Microgastrinae","Glyptapanteles","Glyptapanteles scottshawi","BOLD:AAA2958","ESG Malaise Trap",10.88,-85.389,"2013-11-11","1",594,"GMAAG"
"BIOUG28084-H03","GMAAH1073-16","GMP#05832","Arthropoda","Insecta","Hymenoptera","Braconidae","Microgastrinae","Glyptapanteles","Glyptapanteles mikesharkeyi","BOLD:AAA2794","ESG Malaise Trap",10.88,-85.389,"2013-11-25","1",576,"GMAAH"
"BIOUG28084-H05","GMAAH1075-16","GMP#05832","Arthropoda","Insecta","Hymenoptera","Braconidae","Microgastrinae","Glyptapanteles","Glyptapanteles nealweberi","BOLD:AAB2471","ESG Malaise Trap",10.88,-85.389,"2013-11-25","1",561,"GMAAH"
"BIOUG28085-B04","GMAAH1097-16","GMP#05832","Arthropoda","Insecta","Hymenoptera","Braconidae","Microgastrinae","Apanteles","Apanteles ronaldcastroi","BOLD:ADA2584","ESG Malaise Trap",10.88,-85.389,"2013-11-25","1",564,"GMAAH"
"BIOUG28085-D04","GMAAH1121-16","GMP#05832","Arthropoda","Insecta","Hymenoptera","Braconidae","Microgastrinae","Glyptapanteles","Glyptapanteles Whitfield141","BOLD:AAA2816","ESG Malaise Trap",10.88,-85.389,"2013-11-25","1",510,"GMAAH"
"BIOUG28011-A06","GMAAI581-16","GMP#05834","Arthropoda","Insecta","Hymenoptera","Braconidae","Microgastrinae","Alphomelon","Alphomelon ricardocaleroi","BOLD:AAB7535","ESG Malaise Trap",10.8801,-85.389,"2013-12-09","1",600,"GMAAI"
"BIOUG28012-C08","GMAAI673-16","GMP#05834","Arthropoda","Insecta","Hymenoptera","Braconidae","Microgastrinae","Parapanteles","Parapanteles Whitfield100","BOLD:AAA8869","ESG Malaise Trap",10.8801,-85.389,"2013-12-09","1",564,"GMAAI"
"BIOUG28134-B03","GMAAK566-16","GMP#05838","Arthropoda","Insecta","Hymenoptera","Braconidae","Microgastrinae","Glyptapanteles","Glyptapanteles Whitfield141","BOLD:AAA2816","ESG Malaise Trap",10.8801,-85.389,"2014-01-06","1",600,"GMAAK"
"BIOUG28290-G07","GMAAN823-16","GMP#05844","Arthropoda","Insecta","Hymenoptera","Braconidae","Microgastrinae","Glyptapanteles","Glyptapanteles robbinthorpiDHJ02","BOLD:AAI7313","ESG Malaise Trap",10.8801,-85.389,"2014-02-17","1",564,"GMAAN"
"BIOUG28344-C09","GMAAQ765-16","GMP#05850","Arthropoda","Insecta","Hymenoptera","Braconidae","Microgastrinae","Pseudapanteles","Pseudapanteles christianafigueresae","BOLD:AAA6668","ESG Malaise Trap",10.8801,-85.389,"2014-03-31","1",585,"GMAAQ"
"BIOUG28246-C03","GMAAR028-16","GMP#05852","Arthropoda","Insecta","Hymenoptera","Braconidae","Microgastrinae","Hypomicrogaster","Hypomicrogaster Janzen36","BOLD:ABA7260","ESG Malaise Trap",10.88,-85.389,"2014-04-14","1",600,"GMAAR"
"BIOUG28376-F01","GMAAS476-16","GMP#05854","Arthropoda","Insecta","Hymenoptera","Braconidae","Microgastrinae","Parapanteles","Parapanteles Whitfield100","BOLD:AAA8869","ESG Malaise Trap",10.88,-85.389,"2014-04-28","1",573,"GMAAS"
"BIOUG28376-F02","GMAAS477-16","GMP#05854","Arthropoda","Insecta","Hymenoptera","Braconidae","Microgastrinae","Diolcogaster","Diolcogaster Choi107","BOLD:AAA1223","ESG Malaise Trap",10.88,-85.389,"2014-04-28","1",585,"GMAAS"
"BIOUG28376-F12","GMAAS487-16","GMP#05854","Arthropoda","Insecta","Hymenoptera","Braconidae","Microgastrinae","Dolichogenidea","Dolichogenidea Janzen53","BOLD:AAC7481","ESG Malaise Trap",10.88,-85.389,"2014-04-28","1",591,"GMAAS"
"BIOUG28376-G10","GMAAS497-16","GMP#05854","Arthropoda","Insecta","Hymenoptera","Braconidae","Microgastrinae","Glyptapanteles","Glyptapanteles Whitfield90","BOLD:AAY1040","ESG Malaise Trap",10.88,-85.389,"2014-04-28","1",591,"GMAAS"
"BIOUG28377-A09","GMAAS519-16","GMP#05854","Arthropoda","Insecta","Hymenoptera","Braconidae","Microgastrinae","Pseudapanteles","Pseudapanteles christianafigueresae","BOLD:AAA6668","ESG Malaise Trap",10.88,-85.389,"2014-04-28","1",658,"GMAAS"
"BIOUG28287-A08","GMAAU424-16","GMP#05858","Arthropoda","Insecta","Hymenoptera","Braconidae","Microgastrinae","Promicrogaster","Promicrogaster Whitfield4589","BOLD:ADA4589","ESG Malaise Trap",10.8801,-85.389,"2014-05-26","1",588,"GMAAU"
"BIOUG28287-B05","GMAAU433-16","GMP#05858","Arthropoda","Insecta","Hymenoptera","Braconidae","Microgastrinae","Diolcogaster","Diolcogaster Choi107","BOLD:AAA1223","ESG Malaise Trap",10.8801,-85.389,"2014-05-26","1",585,"GMAAU"
"BIOUG28287-D01","GMAAU453-16","GMP#05858","Arthropoda","Insecta","Hymenoptera","Braconidae","Microgastrinae","Glyptapanteles","Glyptapanteles Whitfield115","BOLD:AEY7511","ESG Malaise Trap",10.8801,-85.389,"2014-05-26","1",600,"GMAAU"
"BIOUG28384-C03","GMAAV538-16","GMP#05860","Arthropoda","Insecta","Hymenoptera","Braconidae","Microgastrinae","Glyptapanteles","Glyptapanteles Whitfield111","BOLD:AAC6257","ESG Malaise Trap",10.8801,-85.389,"2014-06-09","1",594,"GMAAV"
"BIOUG28384-C11","GMAAV546-16","GMP#05860","Arthropoda","Insecta","Hymenoptera","Braconidae","Microgastrinae","Diolcogaster","Diolcogaster Choi106","BOLD:AAA1265","ESG Malaise Trap",10.8801,-85.389,"2014-06-09","1",567,"GMAAV"
"BIOUG28384-D05","GMAAV552-16","GMP#05860","Arthropoda","Insecta","Hymenoptera","Braconidae","Microgastrinae","Pseudapanteles","Pseudapanteles christianafigueresae","BOLD:AAA6668","ESG Malaise Trap",10.8801,-85.389,"2014-06-09","1",555,"GMAAV"
"BIOUG28398-H03","GMAAW070-16","GMP#05862","Arthropoda","Insecta","Hymenoptera","Braconidae","Microgastrinae","Diolcogaster","Diolcogaster Choi107","BOLD:AAA1223","ESG Malaise Trap",10.8801,-85.389,"2014-06-23","1",594,"GMAAW"
"BIOUG28399-E11","GMAAZ411-16","GMP#05868","Arthropoda","Insecta","Hymenoptera","Braconidae","Microgastrinae","Diolcogaster","Diolcogaster Choi106","BOLD:AAA1265","ESG Malaise Trap",10.8801,-85.389,"2014-08-04","1",576,"GMAAZ"
"BIOUG27761-E10","GMABB071-16","GMP#08988","Arthropoda","Insecta","Hymenoptera","Braconidae","Microgastrinae","Diolcogaster","Diolcogaster Choi107","BOLD:AAA1223","ESG Malaise Trap Year 2",10.8801,-85.389,"2014-09-01","1",594,"GMABB"
"BIOUG27764-A07","GMABB197-16","GMP#08988","Arthropoda","Insecta","Hymenoptera","Braconidae","Microgastrinae","Glyptapanteles","Glyptapanteles Whitfield142","BOLD:AAD4440","ESG Malaise Trap Year 2",10.8801,-85.389,"2014-09-01","1",559,"GMABB"
"BIOUG27981-A12","GMABC027-16","GMP#08989","Arthropoda","Insecta","Hymenoptera","Braconidae","Microgastrinae","Glyptapanteles","Glyptapanteles mikesharkeyi","BOLD:AAA2794","ESG Malaise Trap Year 2",10.88,-85.389,"2014-09-08","1",603,"GMABC"
"BIOUG27761-G06","GMABE012-16","GMP#08991","Arthropoda","Insecta","Hymenoptera","Braconidae","Microgastrinae","Glyptapanteles","Glyptapanteles sureshnaiki","BOLD:AAA6269","ESG Malaise Trap Year 2",10.8801,-85.389,"2014-09-22","1",594,"GMABE"
"BIOUG27766-A10","GMABE121-16","GMP#08991","Arthropoda","Insecta","Hymenoptera","Braconidae","Microgastrinae","Glyptapanteles","Glyptapanteles sondrawardae","BOLD:AAA3077","ESG Malaise Trap Year 2",10.8801,-85.389,"2014-09-22","1",540,"GMABE"
"BIOUG27971-A09","GMABF092-16","GMP#08992","Arthropoda","Insecta","Hymenoptera","Braconidae","Microgastrinae","Glyptapanteles","Glyptapanteles Whitfield141","BOLD:AAA2816","ESG Malaise Trap Year 2",10.8801,-85.389,"2014-09-29","1",594,"GMABF"
"BIOUG27971-D06","GMABI027-16","GMP#08995","Arthropoda","Insecta","Hymenoptera","Braconidae","Microgastrinae","Diolcogaster","Diolcogaster Choi107","BOLD:AAA1223","ESG Malaise Trap Year 2",10.8801,-85.389,"2014-10-20","1",600,"GMABI"
"BIOUG28013-A12","GMABI120-16","GMP#08995","Arthropoda","Insecta","Hymenoptera","Braconidae","Microgastrinae","Pseudapanteles","Pseudapanteles christianafigueresae","BOLD:AAA6668","ESG Malaise Trap Year 2",10.8801,-85.389,"2014-10-20","1",576,"GMABI"
"BIOUG28056-A10","GMABR088-16","GMP#09004","Arthropoda","Insecta","Hymenoptera","Braconidae","Microgastrinae","Glyptapanteles","Glyptapanteles charlesporteri","BOLD:ACE4337","ESG Malaise Trap Year 2",10.88,-85.389,"2014-12-22","1",585,"GMABR"
"BIOUG28037-E07","GMABS019-16","GMP#09005","Arthropoda","Insecta","Hymenoptera","Braconidae","Microgastrinae","Glyptapanteles","Glyptapanteles Whitfield57","BOLD:ABA9261","ESG Malaise Trap Year 2",10.88,-85.389,"2014-12-29","1",588,"GMABS"
"BIOUG28039-F12","GMABT023-16","GMP#09006","Arthropoda","Insecta","Hymenoptera","Braconidae","Microgastrinae","Hypomicrogaster","Hypomicrogaster Malaise8079","BOLD:ACZ8079","ESG Malaise Trap Year 2",10.88,-85.389,"2015-01-05","1",585,"GMABT"
"BIOUG19395-F06","GMACA770-15","GMP#05819","Arthropoda","Insecta","Hymenoptera","Braconidae","Microgastrinae","Glyptapanteles","Glyptapanteles mikesharkeyi","BOLD:AAA2794","ESG Malaise Trap",10.88,-85.389,"2013-08-26","1",585,"GMACA"
"BIOUG19395-G02","GMACA778-15","GMP#05819","Arthropoda","Insecta","Hymenoptera","Braconidae","Microgastrinae","Glyptapanteles","Glyptapanteles sondrawardae","BOLD:AAA3077","ESG Malaise Trap",10.88,-85.389,"2013-08-26","1",564,"GMACA"
"BIOUG19395-G12","GMACA788-15","GMP#05819","Arthropoda","Insecta","Hymenoptera","Braconidae","Microgastrinae","Glyptapanteles","Glyptapanteles mikesharkeyi","BOLD:AAA2794","ESG Malaise Trap",10.88,-85.389,"2013-08-26","1",600,"GMACA"
"BIOUG19587-A11","GMACA810-15","GMP#05819","Arthropoda","Insecta","Hymenoptera","Braconidae","Microgastrinae","Diolcogaster","Diolcogaster Choi107","BOLD:AAA1223","ESG Malaise Trap",10.88,-85.389,"2013-08-26","1",585,"GMACA"
"BIOUG19587-C06","GMACA829-15","GMP#05819","Arthropoda","Insecta","Hymenoptera","Braconidae","Microgastrinae","Pseudapanteles","Pseudapanteles christianafigueresae","BOLD:AAA6668","ESG Malaise Trap",10.88,-85.389,"2013-08-26","1",531,"GMACA"
"BIOUG19587-C07","GMACA830-15","GMP#05819","Arthropoda","Insecta","Hymenoptera","Braconidae","Microgastrinae","Glyptapanteles","Glyptapanteles mikesharkeyi","BOLD:AAA2794","ESG Malaise Trap",10.88,-85.389,"2013-08-26","1",603,"GMACA"
"BIOUG19587-D08","GMACA843-15","GMP#05819","Arthropoda","Insecta","Hymenoptera","Braconidae","Microgastrinae","Glyptapanteles","Glyptapanteles sondrawardae","BOLD:AAA3077","ESG Malaise Trap",10.88,-85.389,"2013-08-26","1",516,"GMACA"
"BIOUG19587-D10","GMACA845-15","GMP#05819","Arthropoda","Insecta","Hymenoptera","Braconidae","Microgastrinae","Dolichogenidea","Dolichogenidea Malaise2758","BOLD:ACU2758","ESG Malaise Trap",10.88,-85.389,"2013-08-26","1",561,"GMACA"
"BIOUG19587-D12","GMACA847-15","GMP#05819","Arthropoda","Insecta","Hymenoptera","Braconidae","Microgastrinae","Diolcogaster","Diolcogaster Choi107","BOLD:AAA1223","ESG Malaise Trap",10.88,-85.389,"2013-08-26","1",594,"GMACA"
"BIOUG19587-F02","GMACA861-15","GMP#05819","Arthropoda","Insecta","Hymenoptera","Braconidae","Microgastrinae","Diolcogaster","Diolcogaster Choi107","BOLD:AAA1223","ESG Malaise Trap",10.88,-85.389,"2013-08-26","1",600,"GMACA"
"BIOUG19724-A08","GMACB1465-15","GMP#05821","Arthropoda","Insecta","Hymenoptera","Braconidae","Microgastrinae","Diolcogaster","Diolcogaster Choi107","BOLD:AAA1223","ESG Malaise Trap",10.88,-85.389,"2013-09-09","1",625,"GMACB"
"BIOUG19724-B08","GMACB1477-15","GMP#05821","Arthropoda","Insecta","Hymenoptera","Braconidae","Microgastrinae","Diolcogaster","Diolcogaster Choi107","BOLD:AAA1223","ESG Malaise Trap",10.88,-85.389,"2013-09-09","1",625,"GMACB"
"BIOUG19724-E11","GMACB1516-15","GMP#05821","Arthropoda","Insecta","Hymenoptera","Braconidae","Microgastrinae","Diolcogaster","Diolcogaster Choi107","BOLD:AAA1223","ESG Malaise Trap",10.88,-85.389,"2013-09-09","1",626,"GMACB"
"BIOUG19726-B08","GMACC036-15","GMP#05823","Arthropoda","Insecta","Hymenoptera","Braconidae","Microgastrinae","Alphomelon","Alphomelon ricardocaleroi","BOLD:AAB7535","ESG Malaise Trap",10.88,-85.389,"2013-09-23","1",588,"GMACC"
"BIOUG19825-H06","GMACC592-15","GMP#05823","Arthropoda","Insecta","Hymenoptera","Braconidae","Microgastrinae","Diolcogaster","Diolcogaster Choi106","BOLD:AAA1265","ESG Malaise Trap",10.88,-85.389,"2013-09-23","1",594,"GMACC"
"BIOUG19826-A11","GMACC608-15","GMP#05823","Arthropoda","Insecta","Hymenoptera","Braconidae","Microgastrinae","Dolichogenidea","Dolichogenidea Janzen255","BOLD:ACF2929","ESG Malaise Trap",10.88,-85.389,"2013-09-23","1",573,"GMACC"
"BIOUG19826-B08","GMACC617-15","GMP#05823","Arthropoda","Insecta","Hymenoptera","Braconidae","Microgastrinae","Glyptapanteles","Glyptapanteles mikesharkeyi","BOLD:AAA2794","ESG Malaise Trap",10.88,-85.389,"2013-09-23","1",603,"GMACC"
"BIOUG19826-C01","GMACC622-15","GMP#05823","Arthropoda","Insecta","Hymenoptera","Braconidae","Microgastrinae","Apanteles","Apanteles marcogonzalezi","BOLD:AAC1160","ESG Malaise Trap",10.88,-85.389,"2013-09-23","1",579,"GMACC"
"BIOUG19826-C05","GMACC626-15","GMP#05823","Arthropoda","Insecta","Hymenoptera","Braconidae","Microgastrinae","Apanteles","Apanteles carlosguadamuzi","BOLD:ABX5981","ESG Malaise Trap",10.88,-85.389,"2013-09-23","1",588,"GMACC"
"BIOUG19940-E07","GMACD770-15","GMP#05825","Arthropoda","Insecta","Hymenoptera","Braconidae","Microgastrinae","Dolichogenidea","Dolichogenidea Janzen255","BOLD:ACF2929","ESG Malaise Trap",10.88,-85.389,"2013-10-07","1",576,"GMACD"
"BIOUG19940-H10","GMACD809-15","GMP#05825","Arthropoda","Insecta","Hymenoptera","Braconidae","Microgastrinae","Glyptapanteles","Glyptapanteles sureshnaiki","BOLD:AAA6269","ESG Malaise Trap",10.88,-85.389,"2013-10-07","1",612,"GMACD"
"BIOUG19726-C09","GMACD815-15","GMP#05825","Arthropoda","Insecta","Hymenoptera","Braconidae","Microgastrinae","Diolcogaster","Diolcogaster Choi107","BOLD:AAA1223","ESG Malaise Trap",10.88,-85.389,"2013-10-07","1",588,"GMACD"
"BIOUG19726-D02","GMACD820-15","GMP#05825","Arthropoda","Insecta","Hymenoptera","Braconidae","Microgastrinae","Diolcogaster","Diolcogaster Choi107","BOLD:AAA1223","ESG Malaise Trap",10.88,-85.389,"2013-10-07","1",585,"GMACD"
"BIOUG19941-B04","GMACD931-15","GMP#05825","Arthropoda","Insecta","Hymenoptera","Braconidae","Microgastrinae","Diolcogaster","Diolcogaster Choi107","BOLD:AAA1223","ESG Malaise Trap",10.88,-85.389,"2013-10-07","1",510,"GMACD"
"BIOUG19941-C04","GMACD943-15","GMP#05825","Arthropoda","Insecta","Hymenoptera","Braconidae","Microgastrinae","Diolcogaster","Diolcogaster Choi107","BOLD:AAA1223","ESG Malaise Trap",10.88,-85.389,"2013-10-07","1",552,"GMACD"
"BIOUG19941-C11","GMACD950-15","GMP#05825","Arthropoda","Insecta","Hymenoptera","Braconidae","Microgastrinae","Glyptapanteles","Glyptapanteles mikesharkeyi","BOLD:AAA2794","ESG Malaise Trap",10.88,-85.389,"2013-10-07","1",513,"GMACD"
"BIOUG19726-F10","GMACE010-15","GMP#05827","Arthropoda","Insecta","Hymenoptera","Braconidae","Microgastrinae","Diolcogaster","Diolcogaster Choi106","BOLD:AAA1265","ESG Malaise Trap",10.88,-85.389,"2013-10-21","1",594,"GMACE"
"BIOUG20201-E02","GMACE132-15","GMP#05827","Arthropoda","Insecta","Hymenoptera","Braconidae","Microgastrinae","Glyptapanteles","Glyptapanteles mikesharkeyi","BOLD:AAA2794","ESG Malaise Trap",10.88,-85.389,"2013-10-21","1",600,"GMACE"
"BIOUG20201-E07","GMACE137-15","GMP#05827","Arthropoda","Insecta","Hymenoptera","Braconidae","Microgastrinae","Glyptapanteles","Glyptapanteles mikesharkeyi","BOLD:AAA2794","ESG Malaise Trap",10.88,-85.389,"2013-10-21","1",591,"GMACE"
"BIOUG20201-G02","GMACE156-15","GMP#05827","Arthropoda","Insecta","Hymenoptera","Braconidae","Microgastrinae","Pseudapanteles","Pseudapanteles christianafigueresae","BOLD:AAA6668","ESG Malaise Trap",10.88,-85.389,"2013-10-21","1",579,"GMACE"
"BIOUG20201-G06","GMACE160-15","GMP#05827","Arthropoda","Insecta","Hymenoptera","Braconidae","Microgastrinae","Glyptapanteles","Glyptapanteles mikesharkeyi","BOLD:AAA2794","ESG Malaise Trap",10.88,-85.389,"2013-10-21","1",600,"GMACE"
"BIOUG20202-B09","GMACE198-15","GMP#05827","Arthropoda","Insecta","Hymenoptera","Braconidae","Microgastrinae","Diolcogaster","Diolcogaster Choi107","BOLD:AAA1223","ESG Malaise Trap",10.88,-85.389,"2013-10-21","1",588,"GMACE"
"BIOUG20341-B06","GMACE216-15","GMP#05827","Arthropoda","Insecta","Hymenoptera","Braconidae","Microgastrinae","Glyptapanteles","Glyptapanteles mikesharkeyi","BOLD:AAA2794","ESG Malaise Trap",10.88,-85.389,"2013-10-21","1",600,"GMACE"
"BIOUG20341-C02","GMACE224-15","GMP#05827","Arthropoda","Insecta","Hymenoptera","Braconidae","Microgastrinae","Diolcogaster","Diolcogaster Choi106","BOLD:AAA1265","ESG Malaise Trap",10.88,-85.389,"2013-10-21","1",585,"GMACE"
"BIOUG20341-D03","GMACE237-15","GMP#05827","Arthropoda","Insecta","Hymenoptera","Braconidae","Microgastrinae","Diolcogaster","Diolcogaster Choi106","BOLD:AAA1265","ESG Malaise Trap",10.88,-85.389,"2013-10-21","1",591,"GMACE"
"BIOUG22791-B08","GMACF738-15","GMP#05829","Arthropoda","Insecta","Hymenoptera","Braconidae","Microgastrinae","Glyptapanteles","Glyptapanteles sondrawardae","BOLD:AAA3077","ESG Malaise Trap",10.8801,-85.3889,"2013-11-04","1",600,"GMACF"
"BIOUG22791-D06","GMACF760-15","GMP#05829","Arthropoda","Insecta","Hymenoptera","Braconidae","Microgastrinae","Glyptapanteles","Glyptapanteles Whitfield141","BOLD:AAA2816","ESG Malaise Trap",10.8801,-85.3889,"2013-11-04","1",585,"GMACF"
"BIOUG22791-F04","GMACF782-15","GMP#05829","Arthropoda","Insecta","Hymenoptera","Braconidae","Microgastrinae","Pseudapanteles","Pseudapanteles christianafigueresae","BOLD:AAA6668","ESG Malaise Trap",10.8801,-85.3889,"2013-11-04","1",540,"GMACF"
"BIOUG22620-B03","GMACG805-15","GMP#05831","Arthropoda","Insecta","Hymenoptera","Braconidae","Microgastrinae","Dolichogenidea","Dolichogenidea rogerblancoi","BOLD:AAL2325","ESG Malaise Trap",10.88,-85.389,"2013-11-18","1",600,"GMACG"
"BIOUG22620-B07","GMACG809-15","GMP#05831","Arthropoda","Insecta","Hymenoptera","Braconidae","Microgastrinae","Glyptapanteles","Glyptapanteles scottshawi","BOLD:AAA2958","ESG Malaise Trap",10.88,-85.389,"2013-11-18","1",594,"GMACG"
"BIOUG22966-F03","GMACH552-15","GMP#05833","Arthropoda","Insecta","Hymenoptera","Braconidae","Microgastrinae","Glyptapanteles","Glyptapanteles Malaise4804","BOLD:ACW4804","ESG Malaise Trap",10.88,-85.389,"2013-12-02","1",600,"GMACH"
"BIOUG22966-F10","GMACH559-15","GMP#05833","Arthropoda","Insecta","Hymenoptera","Braconidae","Microgastrinae","Glyptapanteles","Glyptapanteles mikesharkeyi","BOLD:AAA2794","ESG Malaise Trap",10.88,-85.389,"2013-12-02","1",588,"GMACH"
"BIOUG23036-A08","GMACI654-15","GMP#05835","Arthropoda","Insecta","Hymenoptera","Braconidae","Microgastrinae","Pseudapanteles","Pseudapanteles christianafigueresae","BOLD:AAA6668","ESG Malaise Trap",10.88,-85.389,"2013-12-16","1",576,"GMACI"
"BIOUG23036-E12","GMACI706-15","GMP#05835","Arthropoda","Insecta","Hymenoptera","Braconidae","Microgastrinae","Diolcogaster","Diolcogaster Choi107","BOLD:AAA1223","ESG Malaise Trap",10.88,-85.389,"2013-12-16","1",585,"GMACI"
"BIOUG23153-D07","GMACJ1052-15","GMP#05837","Arthropoda","Insecta","Hymenoptera","Braconidae","Microgastrinae","Diolcogaster","Diolcogaster Choi106","BOLD:AAA1265","ESG Malaise Trap",10.8801,-85.3889,"2013-12-30","1",567,"GMACJ"
"BIOUG23588-B05","GMACK765-15","GMP#05839","Arthropoda","Insecta","Hymenoptera","Braconidae","Microgastrinae","Glyptapanteles","Glyptapanteles scottshawi","BOLD:AAA2958","ESG Malaise Trap",10.8801,-85.3889,"2014-01-13","1",585,"GMACK"
"BIOUG23886-C01","GMACO035-15","GMP#05847","Arthropoda","Insecta","Hymenoptera","Braconidae","Microgastrinae","Glyptapanteles","Glyptapanteles Malaise9293","BOLD:ACX9239","ESG Malaise Trap",10.8801,-85.389,"2014-03-10","1",594,"GMACO"
"BIOUG23886-C11","GMACO045-15","GMP#05847","Arthropoda","Insecta","Hymenoptera","Braconidae","Microgastrinae","Cotesia","Cotesia scotti","BOLD:AAB9141","ESG Malaise Trap",10.8801,-85.389,"2014-03-10","1",594,"GMACO"
"BIOUG24853-B11","GMACP733-15","GMP#05849","Arthropoda","Insecta","Hymenoptera","Braconidae","Microgastrinae","Pseudapanteles","Pseudapanteles christianafigueresae","BOLD:AAA6668","ESG Malaise Trap",10.88,-85.389,"2014-03-24","1",444,"GMACP"
"BIOUG24853-C03","GMACP737-15","GMP#05849","Arthropoda","Insecta","Hymenoptera","Braconidae","Microgastrinae","Pseudapanteles","Pseudapanteles christianafigueresae","BOLD:AAA6668","ESG Malaise Trap",10.88,-85.389,"2014-03-24","1",558,"GMACP"
"BIOUG24853-D02","GMACP748-15","GMP#05849","Arthropoda","Insecta","Hymenoptera","Braconidae","Microgastrinae","Pseudapanteles","Pseudapanteles christianafigueresae","BOLD:AAA6668","ESG Malaise Trap",10.88,-85.389,"2014-03-24","1",522,"GMACP"
"BIOUG24853-E01","GMACP759-15","GMP#05849","Arthropoda","Insecta","Hymenoptera","Braconidae","Microgastrinae","Pseudapanteles","Pseudapanteles christianafigueresae","BOLD:AAA6668","ESG Malaise Trap",10.88,-85.389,"2014-03-24","1",591,"GMACP"
"BIOUG24859-F12","GMACQ518-15","GMP#05851","Arthropoda","Insecta","Hymenoptera","Braconidae","Microgastrinae","Pseudapanteles","Pseudapanteles christianafigueresae","BOLD:AAA6668","ESG Malaise Trap",10.8801,-85.389,"2014-04-07","1",576,"GMACQ"
"BIOUG24859-G12","GMACQ530-15","GMP#05851","Arthropoda","Insecta","Hymenoptera","Braconidae","Microgastrinae","Pseudapanteles","Pseudapanteles christianafigueresae","BOLD:AAA6668","ESG Malaise Trap",10.8801,-85.389,"2014-04-07","1",585,"GMACQ"
"BIOUG24995-B04","GMACR406-15","GMP#05853","Arthropoda","Insecta","Hymenoptera","Braconidae","Microgastrinae","Pseudapanteles","Pseudapanteles christianafigueresae","BOLD:AAA6668","ESG Malaise Trap",10.8801,-85.389,"2014-04-21","1",588,"GMACR"
"BIOUG24995-C05","GMACR419-15","GMP#05853","Arthropoda","Insecta","Hymenoptera","Braconidae","Microgastrinae","Glyptapanteles","Glyptapanteles mikesharkeyi","BOLD:AAA2794","ESG Malaise Trap",10.8801,-85.389,"2014-04-21","1",585,"GMACR"
"BIOUG24995-E04","GMACR442-15","GMP#05853","Arthropoda","Insecta","Hymenoptera","Braconidae","Microgastrinae","Pseudapanteles","Pseudapanteles christianafigueresae","BOLD:AAA6668","ESG Malaise Trap",10.8801,-85.389,"2014-04-21","1",588,"GMACR"
"BIOUG24962-F08","GMACT020-15","GMP#05855","Arthropoda","Insecta","Hymenoptera","Braconidae","Microgastrinae","Hypomicrogaster","Hypomicrogaster Malaise4770","BOLD:ACY4770","ESG Malaise Trap",10.88,-85.389,"2014-05-05","1",585,"GMACT"
"BIOUG24962-F09","GMACT021-15","GMP#05855","Arthropoda","Insecta","Hymenoptera","Braconidae","Microgastrinae","Diolcogaster","Diolcogaster Choi107","BOLD:AAA1223","ESG Malaise Trap",10.88,-85.389,"2014-05-05","1",576,"GMACT"
"BIOUG25141-E05","GMACU761-15","GMP#05857","Arthropoda","Insecta","Hymenoptera","Braconidae","Microgastrinae","Glyptapanteles","Glyptapanteles charlesporteri","BOLD:ACE4337","ESG Malaise Trap",10.8801,-85.389,"2014-05-19","1",579,"GMACU"
"BIOUG25181-F02","GMACV245-15","GMP#05859","Arthropoda","Insecta","Hymenoptera","Braconidae","Microgastrinae","Glyptapanteles","Glyptapanteles Whitfield113DHJ01","BOLD:AAA4564","ESG Malaise Trap",10.8801,-85.389,"2014-06-02","1",588,"GMACV"
"BIOUG25186-E05","GMACV598-15","GMP#05859","Arthropoda","Insecta","Hymenoptera","Braconidae","Microgastrinae","Pseudapanteles","Pseudapanteles christianafigueresae","BOLD:AAA6668","ESG Malaise Trap",10.8801,-85.389,"2014-06-02","1",579,"GMACV"
"BIOUG25186-E08","GMACV601-15","GMP#05859","Arthropoda","Insecta","Hymenoptera","Braconidae","Microgastrinae","Pseudapanteles","Pseudapanteles margaritapenonae","BOLD:AAA2445","ESG Malaise Trap",10.8801,-85.389,"2014-06-02","1",585,"GMACV"
"BIOUG25186-F08","GMACV613-15","GMP#05859","Arthropoda","Insecta","Hymenoptera","Braconidae","Microgastrinae","Glyptapanteles","Glyptapanteles sondrawardae","BOLD:AAA3077","ESG Malaise Trap",10.8801,-85.389,"2014-06-02","1",582,"GMACV"
"BIOUG25231-C10","GMACW420-15","GMP#05861","Arthropoda","Insecta","Hymenoptera","Braconidae","Microgastrinae","Glyptapanteles","Glyptapanteles Whitfield141","BOLD:AAA2816","ESG Malaise Trap",10.88,-85.389,"2014-06-16","1",594,"GMACW"
"BIOUG25227-D09","GMACX028-15","GMP#05863","Arthropoda","Insecta","Hymenoptera","Braconidae","Microgastrinae","Diolcogaster","Diolcogaster Choi107","BOLD:AAA1223","ESG Malaise Trap",10.88,-85.389,"2014-06-30","1",576,"GMACX"
"BIOUG25310-D06","GMACX204-15","GMP#05863","Arthropoda","Insecta","Hymenoptera","Braconidae","Microgastrinae","Glyptapanteles","Glyptapanteles Whitfield141","BOLD:AAA2816","ESG Malaise Trap",10.88,-85.389,"2014-06-30","1",600,"GMACX"
"BIOUG25316-D04","GMACY455-15","GMP#05865","Arthropoda","Insecta","Hymenoptera","Braconidae","Microgastrinae","Glyptapanteles","Glyptapanteles Whitfield141","BOLD:AAA2816","ESG Malaise Trap",10.8801,-85.389,"2014-07-14","1",585,"GMACY"
"BIOUG25319-H10","GMACZ198-15","GMP#05867","Arthropoda","Insecta","Hymenoptera","Braconidae","Microgastrinae","Glyptapanteles","Glyptapanteles Whitfield141","BOLD:AAA2816","ESG Malaise Trap",10.88,-85.389,"2014-07-28","1",594,"GMACZ"
"BIOUG28145-A11","GMADK065-16","GMP#09023","Arthropoda","Insecta","Hymenoptera","Braconidae","Microgastrinae","Pseudapanteles","Pseudapanteles christianafigueresae","BOLD:AAA6668","ESG Malaise Trap Year 2",10.88,-85.389,"2015-05-04","1",579,"GMADK"
"BIOUG28201-E11","GMADZ071-16","GMP#09038","Arthropoda","Insecta","Hymenoptera","Braconidae","Microgastrinae","Glyptapanteles","Glyptapanteles Malaise1467","BOLD:ADA1467","ESG Malaise Trap Year 2",10.8801,-85.389,"2015-08-17","1",612,"GMADZ"
"BIOUG10112-A12","GMCAA456-14","GMP#01825","Arthropoda","Insecta","Hymenoptera","Braconidae","Microgastrinae","Apanteles","Apanteles eduardoramirezi","BOLD:AAA4554","BSE Malaise Trap",10.8438,-85.6138,"2013-02-04","1",602,"GMCAA"
"BIOUG10112-B04","GMCAA460-14","GMP#01825","Arthropoda","Insecta","Hymenoptera","Braconidae","Microgastrinae","Dolichogenidea","Dolichogenidea Janzen117","BOLD:AAD9699","BSE Malaise Trap",10.8438,-85.6138,"2013-02-04","1",597,"GMCAA"
"BIOUG10112-B05","GMCAA461-14","GMP#01825","Arthropoda","Insecta","Hymenoptera","Braconidae","Microgastrinae","Apanteles","Apanteles eduardoramirezi","BOLD:AAA4554","BSE Malaise Trap",10.8438,-85.6138,"2013-02-04","1",603,"GMCAA"
"BIOUG10112-B09","GMCAA465-14","GMP#01825","Arthropoda","Insecta","Hymenoptera","Braconidae","Microgastrinae","Apanteles","Apanteles eduardoramirezi","BOLD:AAA4554","BSE Malaise Trap",10.8438,-85.6138,"2013-02-04","1",603,"GMCAA"
"BIOUG10112-B12","GMCAA468-14","GMP#01825","Arthropoda","Insecta","Hymenoptera","Braconidae","Microgastrinae","Glyptapanteles","Glyptapanteles Whitfield91","BOLD:ACL4468","BSE Malaise Trap",10.8438,-85.6138,"2013-02-04","1",563,"GMCAA"
"BIOUG10112-C02","GMCAA470-14","GMP#01825","Arthropoda","Insecta","Hymenoptera","Braconidae","Microgastrinae","Apanteles","Apanteles eduardoramirezi","BOLD:AAA4554","BSE Malaise Trap",10.8438,-85.6138,"2013-02-04","1",603,"GMCAA"
"BIOUG10112-D06","GMCAA486-14","GMP#01825","Arthropoda","Insecta","Hymenoptera","Braconidae","Microgastrinae","Apanteles","Apanteles eduardoramirezi","BOLD:AAA4554","BSE Malaise Trap",10.8438,-85.6138,"2013-02-04","1",598,"GMCAA"
"BIOUG10112-E01","GMCAA493-14","GMP#01825","Arthropoda","Insecta","Hymenoptera","Braconidae","Microgastrinae","Apanteles","Apanteles josejaramilloi","BOLD:AGG1770","BSE Malaise Trap",10.8438,-85.6138,"2013-02-04","1",618,"GMCAA"
"BIOUG10112-E03","GMCAA495-14","GMP#01825","Arthropoda","Insecta","Hymenoptera","Braconidae","Microgastrinae","Apanteles","Apanteles lisabearssae","BOLD:AAC2117","BSE Malaise Trap",10.8438,-85.6138,"2013-02-04","1",593,"GMCAA"
"BIOUG10112-E08","GMCAA500-14","GMP#01825","Arthropoda","Insecta","Hymenoptera","Braconidae","Microgastrinae","Diolcogaster","Diolcogaster Choi84","BOLD:AAB0594","BSE Malaise Trap",10.8438,-85.6138,"2013-02-04","1",603,"GMCAA"
"BIOUG10112-G08","GMCAA524-14","GMP#01825","Arthropoda","Insecta","Hymenoptera","Braconidae","Microgastrinae","Apanteles","Apanteles lisabearssae","BOLD:AAC2117","BSE Malaise Trap",10.8438,-85.6138,"2013-02-04","1",572,"GMCAA"
"BIOUG10112-H11","GMCAA539-14","GMP#01825","Arthropoda","Insecta","Hymenoptera","Braconidae","Microgastrinae","Pseudapanteles","Pseudapanteles Janzen86","BOLD:ACL4489","BSE Malaise Trap",10.8438,-85.6138,"2013-02-04","1",658,"GMCAA"
"BIOUG10236-C05","GMCAA948-14","GMP#01825","Arthropoda","Insecta","Hymenoptera","Braconidae","Microgastrinae","Apanteles","Apanteles lisabearssae","BOLD:AAC2117","BSE Malaise Trap",10.8438,-85.6138,"2013-02-04","1",526,"GMCAA"
"BIOUG10237-C12","GMCAA991-14","GMP#01825","Arthropoda","Insecta","Hymenoptera","Braconidae","Microgastrinae","Alphomelon","Alphomelon andydeansi","BOLD:ADJ6568","BSE Malaise Trap",10.8438,-85.6138,"2013-02-04","1",590,"GMCAA"
"BIOUG18664-D02","GMCAB1206-15","GMP#01830","Arthropoda","Insecta","Hymenoptera","Braconidae","Microgastrinae","Dolichogenidea","Dolichogenidea Rodriguez195","BOLD:AAM5088","BSE Malaise Trap",10.8438,-85.6138,"2013-03-18","1",543,"GMCAB"
"BIOUG18664-E07","GMCAB1223-15","GMP#01830","Arthropoda","Insecta","Hymenoptera","Braconidae","Microgastrinae","Apanteles","Apanteles eduardoramirezi","BOLD:AAA4554","BSE Malaise Trap",10.8438,-85.6138,"2013-03-18","1",555,"GMCAB"
"BIOUG18665-C11","GMCAB1298-15","GMP#01830","Arthropoda","Insecta","Hymenoptera","Braconidae","Microgastrinae","Dolichogenidea","Dolichogenidea Rodriguez195","BOLD:AAM5088","BSE Malaise Trap",10.8438,-85.6138,"2013-03-18","1",585,"GMCAB"
"BIOUG18665-H02","GMCAB1349-15","GMP#01830","Arthropoda","Insecta","Hymenoptera","Braconidae","Microgastrinae","Apanteles","Apanteles eduardoramirezi","BOLD:AAA4554","BSE Malaise Trap",10.8438,-85.6138,"2013-03-18","1",594,"GMCAB"
"BIOUG18660-E10","GMCAB846-15","GMP#01830","Arthropoda","Insecta","Hymenoptera","Braconidae","Microgastrinae","Apanteles","Apanteles eduardoramirezi","BOLD:AAA4554","BSE Malaise Trap",10.8438,-85.6138,"2013-03-18","1",585,"GMCAB"
"BIOUG18660-F06","GMCAB854-15","GMP#01830","Arthropoda","Insecta","Hymenoptera","Braconidae","Microgastrinae","Pseudapanteles","Pseudapanteles Janzen86","BOLD:ACL4489","BSE Malaise Trap",10.8438,-85.6138,"2013-03-18","1",579,"GMCAB"
"BIOUG18661-E11","GMCAB942-15","GMP#01830","Arthropoda","Insecta","Hymenoptera","Braconidae","Microgastrinae","Apanteles","Apanteles lisabearssae","BOLD:AAC2117","BSE Malaise Trap",10.8438,-85.6138,"2013-03-18","1",543,"GMCAB"
"BIOUG18661-H08","GMCAB975-15","GMP#01830","Arthropoda","Insecta","Hymenoptera","Braconidae","Microgastrinae","Dolichogenidea","Dolichogenidea Rodriguez195","BOLD:AAM5088","BSE Malaise Trap",10.8438,-85.6138,"2013-03-18","1",588,"GMCAB"
"BIOUG10247-F06","GMCBB1025-14","GMP#01827","Arthropoda","Insecta","Hymenoptera","Braconidae","Microgastrinae","Rhygoplitis","Rhygoplitis Whitfield01","BOLD:AAC0735","BSE Malaise Trap",10.8438,-85.6138,"2013-02-18","1",562,"GMCBB"
"BIOUG10247-G03","GMCBB1034-14","GMP#01827","Arthropoda","Insecta","Hymenoptera","Braconidae","Microgastrinae","Apanteles","Apanteles eduardoramirezi","BOLD:AAA4554","BSE Malaise Trap",10.8438,-85.6138,"2013-02-18","1",592,"GMCBB"
"BIOUG10247-G04","GMCBB1035-14","GMP#01827","Arthropoda","Insecta","Hymenoptera","Braconidae","Microgastrinae","Diolcogaster","Diolcogaster Choi84","BOLD:AAB0594","BSE Malaise Trap",10.8438,-85.6138,"2013-02-18","1",563,"GMCBB"
"BIOUG10677-A06","GMCBB1060-14","GMP#01827","Arthropoda","Insecta","Hymenoptera","Braconidae","Microgastrinae","Dolichogenidea","Dolichogenidea Janzen117","BOLD:AAD9699","BSE Malaise Trap",10.8438,-85.6138,"2013-02-18","1",551,"GMCBB"
"BIOUG10246-G01","GMCBB937-14","GMP#01827","Arthropoda","Insecta","Hymenoptera","Braconidae","Microgastrinae","Apanteles","Apanteles eduardoramirezi","BOLD:AAA4554","BSE Malaise Trap",10.8438,-85.6138,"2013-02-18","1",573,"GMCBB"
"BIOUG10247-A04","GMCBB963-14","GMP#01827","Arthropoda","Insecta","Hymenoptera","Braconidae","Microgastrinae","Apanteles","Apanteles lisabearssae","BOLD:AAC2117","BSE Malaise Trap",10.8438,-85.6138,"2013-02-18","1",597,"GMCBB"
"BIOUG36488-H08","GMCCB2659-17","GMP#10077","Arthropoda","Insecta","Hymenoptera","Braconidae","Microgastrinae","Apanteles","Apanteles Malaise7120","BOLD:ADH7120","Derrumbe Malaise Trap",10.92918,-85.46426,"2015-04-30","1",600,"GMCCB"
"BIOUG36494-H07","GMCCB3228-17","GMP#10077","Arthropoda","Insecta","Hymenoptera","Braconidae","Microgastrinae","Dolichogenidea","Dolichogenidea Janzen57","BOLD:AAM5842","Derrumbe Malaise Trap",10.92918,-85.46426,"2015-04-30","1",594,"GMCCB"
"BIOUG10752-B05","GMCCC463-14","GMP#01829","Arthropoda","Insecta","Hymenoptera","Braconidae","Microgastrinae","Apanteles","Apanteles lisabearssae","BOLD:AAC2117","BSE Malaise Trap",10.8438,-85.6138,"2013-03-11","1",574,"GMCCC"
"BIOUG10752-E11","GMCCC505-14","GMP#01829","Arthropoda","Insecta","Hymenoptera","Braconidae","Microgastrinae","Apanteles","Apanteles eduardoramirezi","BOLD:AAA4554","BSE Malaise Trap",10.8438,-85.6138,"2013-03-11","1",598,"GMCCC"
"BIOUG10752-G07","GMCCC525-14","GMP#01829","Arthropoda","Insecta","Hymenoptera","Braconidae","Microgastrinae","Apanteles","Apanteles eduardoramirezi","BOLD:AAA4554","BSE Malaise Trap",10.8438,-85.6138,"2013-03-11","1",593,"GMCCC"
"BIOUG10753-A10","GMCCC551-14","GMP#01829","Arthropoda","Insecta","Hymenoptera","Braconidae","Microgastrinae","Apanteles","Apanteles eduardoramirezi","BOLD:AAA4554","BSE Malaise Trap",10.8438,-85.6138,"2013-03-11","1",593,"GMCCC"
"BIOUG10753-C05","GMCCC570-14","GMP#01829","Arthropoda","Insecta","Hymenoptera","Braconidae","Microgastrinae","Rhygoplitis","Rhygoplitis Whitfield01","BOLD:AAC0735","BSE Malaise Trap",10.8438,-85.6138,"2013-03-11","1",590,"GMCCC"
"BIOUG36548-C11","GMCCD1153-17","GMP#10078","Arthropoda","Insecta","Hymenoptera","Braconidae","Microgastrinae","Apanteles","Apanteles malaise0331","BOLD:ADK0331","Derrumbe Malaise Trap",10.92918,-85.46426,"2015-05-07","1",585,"GMCCD"
"BIOUG36586-G09","GMCCE1169-17","GMP#10079","Arthropoda","Insecta","Hymenoptera","Braconidae","Microgastrinae","Glyptapanteles","Glyptapanteles Whitfield111","BOLD:AAC6257","Derrumbe Malaise Trap",10.92918,-85.46426,"2015-05-14","1",594,"GMCCE"
"BIOUG36589-A07","GMCCE1380-17","GMP#10079","Arthropoda","Insecta","Hymenoptera","Braconidae","Microgastrinae","Dolichogenidea","Dolichogenidea Janzen57","BOLD:AAM5842","Derrumbe Malaise Trap",10.92918,-85.46426,"2015-05-14","1",567,"GMCCE"
"BIOUG36573-E05","GMCCG1217-17","GMP#10081","Arthropoda","Insecta","Hymenoptera","Braconidae","Microgastrinae","Apanteles","Apanteles Rodriguez161","BOLD:AAK1700","Derrumbe Malaise Trap",10.92918,-85.46426,"2015-05-28","1",589,"GMCCG"
"BIOUG36704-A12","GMCCI1233-17","GMP#10083","Arthropoda","Insecta","Hymenoptera","Braconidae","Microgastrinae","Dolichogenidea","Dolichogenidea Janzen0272","BOLD:ACF0272","Derrumbe Malaise Trap",10.92918,-85.46426,"2015-06-11","1",600,"GMCCI"
"BIOUG36704-E12","GMCCI1281-17","GMP#10083","Arthropoda","Insecta","Hymenoptera","Braconidae","Microgastrinae","Dolichogenidea","Dolichogenidea Janzen57","BOLD:AAM5842","Derrumbe Malaise Trap",10.92918,-85.46426,"2015-06-11","1",595,"GMCCI"
"BIOUG36967-H08","GMCCM588-18","GMP#10087","Arthropoda","Insecta","Hymenoptera","Braconidae","Microgastrinae","Dolichogenidea","Dolichogenidea Janzen0272","BOLD:ACF0272","Derrumbe Malaise Trap",10.92918,-85.46426,"2015-07-09","1",537,"GMCCM"
"BIOUG31505-C10","GMCDA834-16","GMP#10051","Arthropoda","Insecta","Hymenoptera","Braconidae","Microgastrinae","Apanteles","Apanteles Malaise6611","BOLD:ADF6611","Derrumbe Malaise Trap",10.9292,-85.4643,"2014-10-30","1",591,"GMCDA"
"BIOUG31518-B10","GMCDB1043-16","GMP#10052","Arthropoda","Insecta","Hymenoptera","Braconidae","Microgastrinae","Dolichogenidea","Dolichogenidea Janzen23","BOLD:AAB5549","Derrumbe Malaise Trap",10.9292,-85.4643,"2014-11-06","1",588,"GMCDB"
"BIOUG31518-E07","GMCDB1076-16","GMP#10052","Arthropoda","Insecta","Hymenoptera","Braconidae","Microgastrinae","Apanteles","Apanteles mariatorrentesae","BOLD:ACF3757","Derrumbe Malaise Trap",10.9292,-85.4643,"2014-11-06","1",588,"GMCDB"
"BIOUG31516-D08","GMCDB875-16","GMP#10052","Arthropoda","Insecta","Hymenoptera","Braconidae","Microgastrinae","Promicrogaster","Promicrogaster Malaise3512","BOLD:ADF3512","Derrumbe Malaise Trap",10.9292,-85.4643,"2014-11-06","1",603,"GMCDB"
"BIOUG31516-E04","GMCDB883-16","GMP#10052","Arthropoda","Insecta","Hymenoptera","Braconidae","Microgastrinae","Dolichogenidea","Dolichogenidea Janzen28","BOLD:AAE8596","Derrumbe Malaise Trap",10.9292,-85.4643,"2014-11-06","1",603,"GMCDB"
"BIOUG17335-A04","GMCDD475-14","GMP#00606","Arthropoda","Insecta","Hymenoptera","Braconidae","Microgastrinae","Rhygoplitis","Rhygoplitis Whitfield01","BOLD:AAC0735","BSE Malaise Trap",10.8438,-85.6138,"2012-04-02","1",609,"GMCDD"
"BIOUG17335-A05","GMCDD476-14","GMP#00606","Arthropoda","Insecta","Hymenoptera","Braconidae","Microgastrinae","Apanteles","Apanteles eduardoramirezi","BOLD:AAA4554","BSE Malaise Trap",10.8438,-85.6138,"2012-04-02","1",600,"GMCDD"
"BIOUG17335-A11","GMCDD482-14","GMP#00606","Arthropoda","Insecta","Hymenoptera","Braconidae","Microgastrinae","Apanteles","Apanteles lisabearssae","BOLD:AAC2117","BSE Malaise Trap",10.8438,-85.6138,"2012-04-02","1",549,"GMCDD"
"BIOUG17335-B02","GMCDD485-14","GMP#00606","Arthropoda","Insecta","Hymenoptera","Braconidae","Microgastrinae","Apanteles","Apanteles lisabearssae","BOLD:AAC2117","BSE Malaise Trap",10.8438,-85.6138,"2012-04-02","1",600,"GMCDD"
"BIOUG17335-B08","GMCDD491-14","GMP#00606","Arthropoda","Insecta","Hymenoptera","Braconidae","Microgastrinae","Apanteles","Apanteles eduardoramirezi","BOLD:AAA4554","BSE Malaise Trap",10.8438,-85.6138,"2012-04-02","1",600,"GMCDD"
"BIOUG17335-C04","GMCDD499-14","GMP#00606","Arthropoda","Insecta","Hymenoptera","Braconidae","Microgastrinae","Diolcogaster","Diolcogaster Choi84","BOLD:AAB0594","BSE Malaise Trap",10.8438,-85.6138,"2012-04-02","1",600,"GMCDD"
"BIOUG17335-C05","GMCDD500-14","GMP#00606","Arthropoda","Insecta","Hymenoptera","Braconidae","Microgastrinae","Apanteles","Apanteles eduardoramirezi","BOLD:AAA4554","BSE Malaise Trap",10.8438,-85.6138,"2012-04-02","1",600,"GMCDD"
"BIOUG17335-C07","GMCDD502-14","GMP#00606","Arthropoda","Insecta","Hymenoptera","Braconidae","Microgastrinae","Apanteles","Apanteles Malaise5675","BOLD:AAA4554","BSE Malaise Trap",10.8438,-85.6138,"2012-04-02","1",579,"GMCDD"
"BIOUG17335-D02","GMCDD509-14","GMP#00606","Arthropoda","Insecta","Hymenoptera","Braconidae","Microgastrinae","Diolcogaster","Diolcogaster Choi84","BOLD:AAB0594","BSE Malaise Trap",10.8438,-85.6138,"2012-04-02","1",600,"GMCDD"
"BIOUG17335-D04","GMCDD511-14","GMP#00606","Arthropoda","Insecta","Hymenoptera","Braconidae","Microgastrinae","Rhygoplitis","Rhygoplitis Whitfield01","BOLD:AAC0735","BSE Malaise Trap",10.8438,-85.6138,"2012-04-02","1",609,"GMCDD"
"BIOUG17335-E02","GMCDD521-14","GMP#00606","Arthropoda","Insecta","Hymenoptera","Braconidae","Microgastrinae","Apanteles","Apanteles eduardoramirezi","BOLD:AAA4554","BSE Malaise Trap",10.8438,-85.6138,"2012-04-02","1",600,"GMCDD"
"BIOUG17335-E07","GMCDD526-14","GMP#00606","Arthropoda","Insecta","Hymenoptera","Braconidae","Microgastrinae","Apanteles","Apanteles eduardoramirezi","BOLD:AAA4554","BSE Malaise Trap",10.8438,-85.6138,"2012-04-02","1",603,"GMCDD"
"BIOUG17335-F04","GMCDD535-14","GMP#00606","Arthropoda","Insecta","Hymenoptera","Braconidae","Microgastrinae","Apanteles","Apanteles eduardoramirezi","BOLD:AAA4554","BSE Malaise Trap",10.8438,-85.6138,"2012-04-02","1",609,"GMCDD"
"BIOUG17335-F07","GMCDD538-14","GMP#00606","Arthropoda","Insecta","Hymenoptera","Braconidae","Microgastrinae","Rhygoplitis","Rhygoplitis Whitfield01","BOLD:AAC0735","BSE Malaise Trap",10.8438,-85.6138,"2012-04-02","1",594,"GMCDD"
"BIOUG17335-F10","GMCDD541-14","GMP#00606","Arthropoda","Insecta","Hymenoptera","Braconidae","Microgastrinae","Apanteles","Apanteles eduardoramirezi","BOLD:AAA4554","BSE Malaise Trap",10.8438,-85.6138,"2012-04-02","1",591,"GMCDD"
"BIOUG17335-G01","GMCDD544-14","GMP#00606","Arthropoda","Insecta","Hymenoptera","Braconidae","Microgastrinae","Apanteles","Apanteles eduardoramirezi","BOLD:AAA4554","BSE Malaise Trap",10.8438,-85.6138,"2012-04-02","1",585,"GMCDD"
"BIOUG17335-H04","GMCDD559-14","GMP#00606","Arthropoda","Insecta","Hymenoptera","Braconidae","Microgastrinae","Rhygoplitis","Rhygoplitis Whitfield01","BOLD:AAC0735","BSE Malaise Trap",10.8438,-85.6138,"2012-04-02","1",582,"GMCDD"
"BIOUG17335-H09","GMCDD564-14","GMP#00606","Arthropoda","Insecta","Hymenoptera","Braconidae","Microgastrinae","Rhygoplitis","Rhygoplitis Whitfield01","BOLD:AAC0735","BSE Malaise Trap",10.8438,-85.6138,"2012-04-02","1",594,"GMCDD"
"BIOUG17346-C12","GMCDD697-14","GMP#00606","Arthropoda","Insecta","Hymenoptera","Braconidae","Microgastrinae","Apanteles","Apanteles eduardoramirezi","BOLD:AAA4554","BSE Malaise Trap",10.8438,-85.6138,"2012-04-02","1",576,"GMCDD"
"BIOUG17346-D03","GMCDD700-14","GMP#00606","Arthropoda","Insecta","Hymenoptera","Braconidae","Microgastrinae","Rhygoplitis","Rhygoplitis Whitfield01","BOLD:AAC0735","BSE Malaise Trap",10.8438,-85.6138,"2012-04-02","1",609,"GMCDD"
"BIOUG17346-D05","GMCDD702-14","GMP#00606","Arthropoda","Insecta","Hymenoptera","Braconidae","Microgastrinae","Rhygoplitis","Rhygoplitis Whitfield01","BOLD:AAC0735","BSE Malaise Trap",10.8438,-85.6138,"2012-04-02","1",603,"GMCDD"
"BIOUG17346-E02","GMCDD711-14","GMP#00606","Arthropoda","Insecta","Hymenoptera","Braconidae","Microgastrinae","Rhygoplitis","Rhygoplitis Whitfield01","BOLD:AAC0735","BSE Malaise Trap",10.8438,-85.6138,"2012-04-02","1",603,"GMCDD"
"BIOUG17346-E05","GMCDD714-14","GMP#00606","Arthropoda","Insecta","Hymenoptera","Braconidae","Microgastrinae","Rhygoplitis","Rhygoplitis Whitfield01","BOLD:AAC0735","BSE Malaise Trap",10.8438,-85.6138,"2012-04-02","1",600,"GMCDD"
"BIOUG17346-F02","GMCDD723-14","GMP#00606","Arthropoda","Insecta","Hymenoptera","Braconidae","Microgastrinae","Rhygoplitis","Rhygoplitis Whitfield01","BOLD:AAC0735","BSE Malaise Trap",10.8438,-85.6138,"2012-04-02","1",615,"GMCDD"
"BIOUG17346-F03","GMCDD724-14","GMP#00606","Arthropoda","Insecta","Hymenoptera","Braconidae","Microgastrinae","Rhygoplitis","Rhygoplitis Whitfield01","BOLD:AAC0735","BSE Malaise Trap",10.8438,-85.6138,"2012-04-02","1",609,"GMCDD"
"BIOUG17346-F07","GMCDD728-14","GMP#00606","Arthropoda","Insecta","Hymenoptera","Braconidae","Microgastrinae","Apanteles","Apanteles eduardoramirezi","BOLD:AAA4554","BSE Malaise Trap",10.8438,-85.6138,"2012-04-02","1",600,"GMCDD"
"BIOUG17346-F09","GMCDD730-14","GMP#00606","Arthropoda","Insecta","Hymenoptera","Braconidae","Microgastrinae","Apanteles","Apanteles eduardoramirezi","BOLD:AAA4554","BSE Malaise Trap",10.8438,-85.6138,"2012-04-02","1",603,"GMCDD"
"BIOUG17346-G01","GMCDD734-14","GMP#00606","Arthropoda","Insecta","Hymenoptera","Braconidae","Microgastrinae","Snellenius","Snellenius vickifunkae","BOLD:AAH2836","BSE Malaise Trap",10.8438,-85.6138,"2012-04-02","1",567,"GMCDD"
"BIOUG17346-G05","GMCDD738-14","GMP#00606","Arthropoda","Insecta","Hymenoptera","Braconidae","Microgastrinae","Rhygoplitis","Rhygoplitis Whitfield01","BOLD:AAC0735","BSE Malaise Trap",10.8438,-85.6138,"2012-04-02","1",603,"GMCDD"
"BIOUG31474-F01","GMCDF061-16","GMP#10055","Arthropoda","Insecta","Hymenoptera","Braconidae","Microgastrinae","Xanthomicrogaster","Xanthomicrogaster Malaise2270","BOLD:AAE2270","Derrumbe Malaise Trap",10.9292,-85.4643,"2014-11-27","1",583,"GMCDF"
"BIOUG31570-H04","GMCDF2006-16","GMP#10055","Arthropoda","Insecta","Hymenoptera","Braconidae","Microgastrinae","Dolichogenidea","Dolichogenidea Janzen23","BOLD:AAB5549","Derrumbe Malaise Trap",10.9292,-85.4643,"2014-11-27","1",567,"GMCDF"
"BIOUG31616-D07","GMCDH1337-16","GMP#10057","Arthropoda","Insecta","Hymenoptera","Braconidae","Microgastrinae","Glyptapanteles","Glyptapanteles Malaise6664","BOLD:ADF6664","Derrumbe Malaise Trap",10.9292,-85.4643,"2014-12-11","1",594,"GMCDH"
"BIOUG31637-H10","GMCDI1629-16","GMP#10058","Arthropoda","Insecta","Hymenoptera","Braconidae","Microgastrinae","Glyptapanteles","Glyptapanteles alexborisenkoi","BOLD:AAY0777","Derrumbe Malaise Trap",10.9292,-85.4643,"2014-12-18","1",600,"GMCDI"
"BIOUG31661-G11","GMCDJ1231-16","GMP#10059","Arthropoda","Insecta","Hymenoptera","Braconidae","Microgastrinae","Apanteles","Apanteles Malaise7698","BOLD:ADF7698","Derrumbe Malaise Trap",10.9292,-85.4643,"2014-12-25","1",588,"GMCDJ"
"BIOUG31682-B05","GMCDK1600-17","GMP#10060","Arthropoda","Insecta","Hymenoptera","Braconidae","Microgastrinae","Hypomicrogaster","Hypomicrogaster Whitfield35","BOLD:AAX2124","Derrumbe Malaise Trap",10.9292,-85.4643,"2015-01-01","1",529,"GMCDK"
"BIOUG31697-G12","GMCDL1320-17","GMP#10061","Arthropoda","Insecta","Hymenoptera","Braconidae","Microgastrinae","Parapanteles","Parapanteles Whitfield09","BOLD:AAB6927","Derrumbe Malaise Trap",10.9292,-85.4643,"2015-01-08","1",594,"GMCDL"
"BIOUG31724-A11","GMCDN837-17","GMP#10063","Arthropoda","Insecta","Hymenoptera","Braconidae","Microgastrinae","Dolichogenidea","Dolichogenidea Janzen53","BOLD:AAC7481","Derrumbe Malaise Trap",10.9292,-85.4643,"2015-01-22","1",585,"GMCDN"
"BIOUG32663-H08","GMCDO950-17","GMP#10064","Arthropoda","Insecta","Hymenoptera","Braconidae","Microgastrinae","Pseudapanteles","Pseudapanteles analorenaguevarae","BOLD:AAK9737","Derrumbe Malaise Trap",10.9292,-85.4643,"2015-01-29","1",543,"GMCDO"
"BIOUG32747-E05","GMCDQ1125-17","GMP#10066","Arthropoda","Insecta","Hymenoptera","Braconidae","Microgastrinae","Parapanteles","Parapanteles Malaise6250","BOLD:ADH6250","Derrumbe Malaise Trap",10.9292,-85.4643,"2015-02-12","1",595,"GMCDQ"
"BIOUG32747-H10","GMCDQ1166-17","GMP#10066","Arthropoda","Insecta","Hymenoptera","Braconidae","Microgastrinae","Apanteles","Apanteles Malaise7120","BOLD:ADH7120","Derrumbe Malaise Trap",10.9292,-85.4643,"2015-02-12","1",537,"GMCDQ"
"BIOUG32765-D04","GMCDR1467-17","GMP#10067","Arthropoda","Insecta","Hymenoptera","Braconidae","Microgastrinae","Glyptapanteles","Glyptapanteles Whitfield77","BOLD:AAA9309","Derrumbe Malaise Trap",10.9292,-85.4643,"2015-02-19","1",595,"GMCDR"
"BIOUG32765-D06","GMCDR1469-17","GMP#10067","Arthropoda","Insecta","Hymenoptera","Braconidae","Microgastrinae","Dolichogenidea","Dolichogenidea Janzen0272","BOLD:ACF0272","Derrumbe Malaise Trap",10.9292,-85.4643,"2015-02-19","1",604,"GMCDR"
"BIOUG32860-A01","GMCDS1331-17","GMP#10068","Arthropoda","Insecta","Hymenoptera","Braconidae","Microgastrinae","Hypomicrogaster","Hypomicrogaster Whitfield35","BOLD:AAX2124","Derrumbe Malaise Trap",10.9292,-85.4643,"2015-02-26","1",490,"GMCDS"
"BIOUG32860-H10","GMCDS1424-17","GMP#10068","Arthropoda","Insecta","Hymenoptera","Braconidae","Microgastrinae","Glyptapanteles","Glyptapanteles bobkulai","BOLD:ACE8721","Derrumbe Malaise Trap",10.9292,-85.4643,"2015-02-26","1",585,"GMCDS"
"BIOUG32874-A08","GMCDT1119-17","GMP#10069","Arthropoda","Insecta","Hymenoptera","Braconidae","Microgastrinae","Glyptapanteles","Glyptapanteles Whitfield77","BOLD:AAA9309","Derrumbe Malaise Trap",10.9292,-85.4643,"2015-03-05","1",555,"GMCDT"
"BIOUG32874-E10","GMCDT1169-17","GMP#10069","Arthropoda","Insecta","Hymenoptera","Braconidae","Microgastrinae","Glyptapanteles","Glyptapanteles Whitfield77","BOLD:AAA9309","Derrumbe Malaise Trap",10.9292,-85.4643,"2015-03-05","1",546,"GMCDT"
"BIOUG32920-E02","GMCDU1349-17","GMP#10070","Arthropoda","Insecta","Hymenoptera","Braconidae","Microgastrinae","Glyptapanteles","Glyptapanteles Whitfield81","BOLD:AAF8296","Derrumbe Malaise Trap",10.9292,-85.4643,"2015-03-12","1",604,"GMCDU"
"BIOUG32920-G03","GMCDU1374-17","GMP#10070","Arthropoda","Insecta","Hymenoptera","Braconidae","Microgastrinae","Parapanteles","Parapanteles tlineaDHJ02","BOLD:AAD4646","Derrumbe Malaise Trap",10.9292,-85.4643,"2015-03-12","1",601,"GMCDU"
"BIOUG32921-G03","GMCDU1469-17","GMP#10070","Arthropoda","Insecta","Hymenoptera","Braconidae","Microgastrinae","Hypomicrogaster","Hypomicrogaster Whitfield35","BOLD:AAX2124","Derrumbe Malaise Trap",10.9292,-85.4643,"2015-03-12","1",358,"GMCDU"
"BIOUG32981-D01","GMCDV1379-17","GMP#10071","Arthropoda","Insecta","Hymenoptera","Braconidae","Microgastrinae","Dolichogenidea","Dolichogenidea Janzen0272","BOLD:ACF0272","Derrumbe Malaise Trap",10.9292,-85.4643,"2015-03-19","1",579,"GMCDV"
"BIOUG33118-D02","GMCDX2287-17","GMP#10073","Arthropoda","Insecta","Hymenoptera","Braconidae","Microgastrinae","Dolichogenidea","Dolichogenidea Janzen57","BOLD:AAM5842","Derrumbe Malaise Trap",10.9292,-85.4643,"2015-04-02","1",597,"GMCDX"
"BIOUG33119-C02","GMCDX2370-17","GMP#10073","Arthropoda","Insecta","Hymenoptera","Braconidae","Microgastrinae","Dolichogenidea","Dolichogenidea Janzen0272","BOLD:ACF0272","Derrumbe Malaise Trap",10.9292,-85.4643,"2015-04-02","1",603,"GMCDX"
"BIOUG33119-D12","GMCDX2392-17","GMP#10073","Arthropoda","Insecta","Hymenoptera","Braconidae","Microgastrinae","Dolichogenidea","Dolichogenidea Janzen2930","BOLD:AAB5549","Derrumbe Malaise Trap",10.9292,-85.4643,"2015-04-02","1",590,"GMCDX"
"BIOUG33119-F11","GMCDX2415-17","GMP#10073","Arthropoda","Insecta","Hymenoptera","Braconidae","Microgastrinae","Dolichogenidea","Dolichogenidea Janzen0272","BOLD:ACF0272","Derrumbe Malaise Trap",10.9292,-85.4643,"2015-04-02","1",603,"GMCDX"
"BIOUG33179-C04","GMCDY1071-17","GMP#10074","Arthropoda","Insecta","Hymenoptera","Braconidae","Microgastrinae","Dolichogenidea","Dolichogenidea Janzen57","BOLD:AAM5842","Derrumbe Malaise Trap",10.9292,-85.4643,"2015-04-09","1",603,"GMCDY"
"BIOUG33274-H09","GMCDZ1035-17","GMP#10075","Arthropoda","Insecta","Hymenoptera","Braconidae","Microgastrinae","Diolcogaster","Diolcogaster Malaise6970","BOLD:ADH6970","Derrumbe Malaise Trap",10.9292,-85.4643,"2015-04-16","1",604,"GMCDZ"
"BIOUG33275-D09","GMCDZ1082-17","GMP#10075","Arthropoda","Insecta","Hymenoptera","Braconidae","Microgastrinae","Glyptapanteles","Glyptapanteles Whitfield154","BOLD:AAB2471","Derrumbe Malaise Trap",10.9292,-85.4643,"2015-04-16","1",603,"GMCDZ"
"BIOUG33275-G06","GMCDZ1115-17","GMP#10075","Arthropoda","Insecta","Hymenoptera","Braconidae","Microgastrinae","Pseudapanteles","Pseudapanteles analorenaguevarae","BOLD:AAK9737","Derrumbe Malaise Trap",10.9292,-85.4643,"2015-04-16","1",594,"GMCDZ"
"BIOUG37407-G05","GMCEA1059-18","GMP#10101","Arthropoda","Insecta","Hymenoptera","Braconidae","Microgastrinae","Pseudapanteles","Pseudapanteles analorenaguevarae","BOLD:AAK9737","Derrumbe Malaise Trap",10.92918,-85.46426,"2015-10-15","1",603,"GMCEA"
"BIOUG37575-C09","GMCEB1967-18","GMP#10102","Arthropoda","Insecta","Hymenoptera","Braconidae","Microgastrinae","Apanteles","Apanteles vannesabrenesaeDHJ02","BOLD:AAC1179","Derrumbe Malaise Trap",10.9292,-85.4643,"2015-10-22","1",595,"GMCEB"
"BIOUG37575-E07","GMCEB1989-18","GMP#10102","Arthropoda","Insecta","Hymenoptera","Braconidae","Microgastrinae","Dolichogenidea","Dolichogenidea Janzen23","BOLD:AAB5549","Derrumbe Malaise Trap",10.9292,-85.4643,"2015-10-22","1",595,"GMCEB"
"BIOUG37576-B11","GMCEB2052-18","GMP#10102","Arthropoda","Insecta","Hymenoptera","Braconidae","Microgastrinae","Glyptapanteles","Glyptapanteles sureshnaiki","BOLD:AAA6269","Derrumbe Malaise Trap",10.9292,-85.4643,"2015-10-22","1",601,"GMCEB"
"BIOUG68454-D03","GMCEC10255-21","GMP#10103","Arthropoda","Insecta","Hymenoptera","Braconidae","Microgastrinae","Apanteles","Apanteles Rodriguez161","BOLD:AAK1700","Malaise trap Derrumbe-B",10.929,-85.464,"2015-10-29","1",653,"GMCEC"
"BIOUG68454-E06","GMCEC10270-21","GMP#10103","Arthropoda","Insecta","Hymenoptera","Braconidae","Microgastrinae","Parapanteles","Parapanteles Whitfield09","BOLD:AAB6927","Malaise trap Derrumbe-B",10.929,-85.464,"2015-10-29","1",654,"GMCEC"
"BIOUG68393-E08","GMCEC12154-21","GMP#25663","Arthropoda","Insecta","Hymenoptera","Braconidae","Microgastrinae","Glyptapanteles","Glyptapanteles Whitfield77","BOLD:AAA9309","Malaise trap Derrumbe-B",10.929,-85.464,"2016-01-21","1",651,"GMCEC"
"BIOUG68943-A08","GMCEC15756-21","GMP#10104","Arthropoda","Insecta","Hymenoptera","Braconidae","Microgastrinae","Rasivalva","Rasivalva Choi01","BOLD:AEL9772","Malaise trap Derrumbe-B",10.929,-85.464,"2015-11-12","1",655,"GMCEC"
"BIOUG68943-D03","GMCEC15787-21","GMP#10104","Arthropoda","Insecta","Hymenoptera","Braconidae","Microgastrinae","Glyptapanteles","Glyptapanteles Malaise6664","BOLD:ADF6664","Malaise trap Derrumbe-B",10.929,-85.464,"2015-11-12","1",653,"GMCEC"
"BIOUG68953-B11","GMCEC16721-21","GMP#10104","Arthropoda","Insecta","Hymenoptera","Braconidae","Microgastrinae","Dolichogenidea","Dolichogenidea Janzen17","BOLD:AAL2277","Malaise trap Derrumbe-B",10.929,-85.464,"2015-11-12","1",653,"GMCEC"
"BIOUG68953-F09","GMCEC16767-21","GMP#10104","Arthropoda","Insecta","Hymenoptera","Braconidae","Microgastrinae","Lathrapanteles","Lathrapanteles Janzen02","BOLD:AFI4867","Malaise trap Derrumbe-B",10.929,-85.464,"2015-11-12","1",642,"GMCEC"
"BIOUG68954-F11","GMCEC16864-21","GMP#10104","Arthropoda","Insecta","Hymenoptera","Braconidae","Microgastrinae","Parapanteles","Parapanteles tlineaDHJ02","BOLD:AAD4646","Malaise trap Derrumbe-B",10.929,-85.464,"2015-11-12","1",655,"GMCEC"
"BIOUG70648-A05","GMCEC23032-21","GMP#25665","Arthropoda","Insecta","Hymenoptera","Braconidae","Microgastrinae","Apanteles","Apanteles Malaise7120","BOLD:ADH7120","Malaise trap Derrumbe-B",10.929,-85.464,"2016-02-04","1",653,"GMCEC"
"BIOUG70648-F06","GMCEC23093-21","GMP#25665","Arthropoda","Insecta","Hymenoptera","Braconidae","Microgastrinae","Dolichogenidea","Dolichogenidea Janzen23","BOLD:AAB5549","Malaise trap Derrumbe-B",10.929,-85.464,"2016-02-04","1",653,"GMCEC"
"BIOUG70649-D05","GMCEC23163-21","GMP#25665","Arthropoda","Insecta","Hymenoptera","Braconidae","Microgastrinae","Apanteles","Apanteles vannesabrenesaeDHJ02","BOLD:AAC1179","Malaise trap Derrumbe-B",10.929,-85.464,"2016-02-04","1",655,"GMCEC"
"BIOUG70650-D03","GMCEC23256-21","GMP#25665","Arthropoda","Insecta","Hymenoptera","Braconidae","Microgastrinae","Apanteles","Apanteles Rodriguez161","BOLD:AAK1700","Malaise trap Derrumbe-B",10.929,-85.464,"2016-02-04","1",655,"GMCEC"
"BIOUG70524-F03","GMCEC26264-21","GMP#10108","Arthropoda","Insecta","Hymenoptera","Braconidae","Microgastrinae","Glyptapanteles","Glyptapanteles Whitfield80","BOLD:AAF8310","Malaise trap Derrumbe-B",10.929,-85.464,"2015-12-10","1",654,"GMCEC"
"BIOUG70524-F12","GMCEC26273-21","GMP#10108","Arthropoda","Insecta","Hymenoptera","Braconidae","Microgastrinae","Parapanteles","Parapanteles Whitfield09","BOLD:AAB6927","Malaise trap Derrumbe-B",10.929,-85.464,"2015-12-10","1",652,"GMCEC"
"BIOUG70525-B01","GMCEC26309-21","GMP#10108","Arthropoda","Insecta","Hymenoptera","Braconidae","Microgastrinae","Rasivalva","Rasivalva Choi01","BOLD:AEL9772","Malaise trap Derrumbe-B",10.929,-85.464,"2015-12-10","1",653,"GMCEC"
"BIOUG68476-C06","GMCEC29110-21","GMP#10105","Arthropoda","Insecta","Hymenoptera","Braconidae","Microgastrinae","Diolcogaster","Diolcogaster Choi94","BOLD:AAD9754","Malaise trap Derrumbe-B",10.929,-85.464,"2015-11-19","1",653,"GMCEC"
"BIOUG68476-F10","GMCEC29150-21","GMP#10105","Arthropoda","Insecta","Hymenoptera","Braconidae","Microgastrinae","Glyptapanteles","Glyptapanteles Malaise8812","BOLD:AEM8812","Malaise trap Derrumbe-B",10.929,-85.464,"2015-11-19","1",642,"GMCEC"
"BIOUG68477-B05","GMCEC29192-21","GMP#10105","Arthropoda","Insecta","Hymenoptera","Braconidae","Microgastrinae","Apanteles","Apanteles Malaise6817","BOLD:AEM6817","Malaise trap Derrumbe-B",10.929,-85.464,"2015-11-19","1",644,"GMCEC"
"BIOUG68477-C12","GMCEC29211-21","GMP#10105","Arthropoda","Insecta","Hymenoptera","Braconidae","Microgastrinae","Glyptapanteles","Glyptapanteles Whitfield126","BOLD:AAD6535","Malaise trap Derrumbe-B",10.929,-85.464,"2015-11-19","1",655,"GMCEC"
"BIOUG70533-G02","GMCEC29436-21","GMP#25666","Arthropoda","Insecta","Hymenoptera","Braconidae","Microgastrinae","Pseudapanteles","Pseudapanteles analorenaguevarae","BOLD:AAK9737","Malaise trap Derrumbe-B",10.929,-85.464,"2016-02-11","1",651,"GMCEC"
"BIOUG70533-H08","GMCEC29454-21","GMP#25666","Arthropoda","Insecta","Hymenoptera","Braconidae","Microgastrinae","Apanteles","Apanteles Malaise6611","BOLD:ADF6611","Malaise trap Derrumbe-B",10.929,-85.464,"2016-02-11","1",654,"GMCEC"
"BIOUG68352-A06","GMCEC3102-21","GMP#10109","Arthropoda","Insecta","Hymenoptera","Braconidae","Microgastrinae","Diolcogaster","Diolcogaster Choi89","BOLD:AAD6988","Malaise trap Derrumbe-B",10.929,-85.464,"2015-12-17","1",652,"GMCEC"
"BIOUG69000-A12","GMCEC33142-21","GMP#10106","Arthropoda","Insecta","Hymenoptera","Braconidae","Microgastrinae","Diolcogaster","Diolcogaster Choi94","BOLD:AAD9754","Malaise trap Derrumbe-B",10.929,-85.464,"2015-11-26","1",653,"GMCEC"
"BIOUG70538-B07","GMCEC33347-21","GMP#25668","Arthropoda","Insecta","Hymenoptera","Braconidae","Microgastrinae","Parapanteles","Parapanteles Whitfield6745","BOLD:ABX6745","Malaise trap Derrumbe-B",10.929,-85.464,"2016-02-25","1",654,"GMCEC"
"BIOUG70538-E01","GMCEC33377-21","GMP#25668","Arthropoda","Insecta","Hymenoptera","Braconidae","Microgastrinae","Snellenius","Snellenius Malaise7986","BOLD:AEF7986","Malaise trap Derrumbe-B",10.929,-85.464,"2016-02-25","1",655,"GMCEC"
"BIOUG71024-D07","GMCEC39752-21","GMP#25671","Arthropoda","Insecta","Hymenoptera","Braconidae","Microgastrinae","Dolichogenidea","Dolichogenidea Malaise7307","BOLD:AEF7307","Malaise trap Derrumbe-B",10.929,-85.464,"2016-03-17","1",653,"GMCEC"
"BIOUG70333-C06","GMCEC41926-21","GMP#25672","Arthropoda","Insecta","Hymenoptera","Braconidae","Microgastrinae","Fornicia","Fornicia Janzen04","BOLD:ACF1747","Malaise trap Derrumbe-B",10.929,-85.464,"2016-03-24","1",654,"GMCEC"
"BIOUG70333-D06","GMCEC41938-21","GMP#25672","Arthropoda","Insecta","Hymenoptera","Braconidae","Microgastrinae","Hypomicrogaster","Hypomicrogaster Janzen24","BOLD:AAM1109","Malaise trap Derrumbe-B",10.929,-85.464,"2016-03-24","1",656,"GMCEC"
"BIOUG70585-C07","GMCEC42402-21","GMP#25672","Arthropoda","Insecta","Hymenoptera","Braconidae","Microgastrinae","Dolichogenidea","Dolichogenidea ritaashleyae","BOLD:ABX6267","Malaise trap Derrumbe-B",10.929,-85.464,"2016-03-24","1",654,"GMCEC"
"BIOUG70585-E11","GMCEC42430-21","GMP#25672","Arthropoda","Insecta","Hymenoptera","Braconidae","Microgastrinae","Glyptapanteles","Glyptapanteles Whitfield99","BOLD:AAD9471","Malaise trap Derrumbe-B",10.929,-85.464,"2016-03-24","1",478,"GMCEC"
"BIOUG70586-A01","GMCEC42467-21","GMP#25672","Arthropoda","Insecta","Hymenoptera","Braconidae","Microgastrinae","Promicrogaster","Promicrogaster Malaise6931","BOLD:AEN6931","Malaise trap Derrumbe-B",10.929,-85.464,"2016-03-24","1",655,"GMCEC"
"BIOUG70586-C06","GMCEC42496-21","GMP#25672","Arthropoda","Insecta","Hymenoptera","Braconidae","Microgastrinae","Dolichogenidea","Dolichogenidea cedenoae","BOLD:ABX6267","Malaise trap Derrumbe-B",10.929,-85.464,"2016-03-24","1",651,"GMCEC"
"BIOUG71056-A02","GMCEC47525-21","GMP#25675","Arthropoda","Insecta","Hymenoptera","Braconidae","Microgastrinae","Dolichogenidea","Dolichogenidea Janzen20","BOLD:AAI9747","Malaise trap Derrumbe-B",10.929,-85.464,"2016-04-14","1",654,"GMCEC"
"BIOUG70336-D06","GMCEC47727-21","GMP#25674","Arthropoda","Insecta","Hymenoptera","Braconidae","Microgastrinae","Fornicia","Fornicia Janzen05","BOLD:AAE0967","Malaise trap Derrumbe-B",10.929,-85.464,"2016-04-07","1",654,"GMCED"
"BIOUG68481-H01","GMCEC48436-21","GMP#25667","Arthropoda","Insecta","Hymenoptera","Braconidae","Microgastrinae","Dolichogenidea","Dolichogenidea Janzen23","BOLD:AAB5549","Malaise trap Derrumbe-B",10.929,-85.464,"2016-02-18","1",654,"GMCEC"
"BIOUG68481-H04","GMCEC48439-21","GMP#25667","Arthropoda","Insecta","Hymenoptera","Braconidae","Microgastrinae","Pseudapanteles","Pseudapanteles analorenaguevarae","BOLD:AAK9737","Malaise trap Derrumbe-B",10.929,-85.464,"2016-02-18","1",654,"GMCEC"
"BIOUG68482-A01","GMCEC48447-21","GMP#25667","Arthropoda","Insecta","Hymenoptera","Braconidae","Microgastrinae","Dolichogenidea","Dolichogenidea Malaise4592","BOLD:AEN4592","Malaise trap Derrumbe-B",10.929,-85.464,"2016-02-18","1",654,"GMCEC"
"BIOUG68482-A11","GMCEC48457-21","GMP#25667","Arthropoda","Insecta","Hymenoptera","Braconidae","Microgastrinae","Pseudapanteles","Pseudapanteles analorenaguevarae","BOLD:AAK9737","Malaise trap Derrumbe-B",10.929,-85.464,"2016-02-18","1",653,"GMCEC"
"BIOUG68492-D03","GMCEC49435-21","GMP#25669","Arthropoda","Insecta","Hymenoptera","Braconidae","Microgastrinae","Glyptapanteles","Glyptapanteles Whitfield284","BOLD:ACF4585","Malaise trap Derrumbe-B",10.929,-85.464,"2016-03-03","1",640,"GMCEC"
"BIOUG68492-F01","GMCEC49457-21","GMP#25669","Arthropoda","Insecta","Hymenoptera","Braconidae","Microgastrinae","Pseudapanteles","Pseudapanteles analorenaguevarae","BOLD:AAK9737","Malaise trap Derrumbe-B",10.929,-85.464,"2016-03-03","1",640,"GMCEC"
"BIOUG71122-C12","GMCEC52282-21","GMP#25673","Arthropoda","Insecta","Hymenoptera","Braconidae","Microgastrinae","Dolichogenidea","Dolichogenidea ritaashleyae","BOLD:ABX6267","Malaise trap Derrumbe-B",10.929,-85.464,"2016-03-31","1",654,"GMCEC"
"BIOUG71090-D10","GMCEC57419-21","GMP#25677","Arthropoda","Insecta","Hymenoptera","Braconidae","Microgastrinae","Dolichogenidea","Dolichogenidea Janzen57","BOLD:AAM5842","Malaise trap Derrumbe-B",10.929,-85.464,"2016-04-28","1",654,"GMCED"
"BIOUG71091-H11","GMCEC57563-21","GMP#25677","Arthropoda","Insecta","Hymenoptera","Braconidae","Microgastrinae","Glyptapanteles","Glyptapanteles Whitfield85","BOLD:ABY9810","Malaise trap Derrumbe-B",10.929,-85.464,"2016-04-28","1",640,"GMCED"
"BIOUG71913-D01","GMCEC59595-21","GMP#25677","Arthropoda","Insecta","Hymenoptera","Braconidae","Microgastrinae","Apanteles","Apanteles Malaise7120","BOLD:ADH7120","Malaise trap Derrumbe-B",10.929,-85.464,"2016-04-28","1",656,"GMCED"
"BIOUG68381-H09","GMCEC5985-21","GMP#25661","Arthropoda","Insecta","Hymenoptera","Braconidae","Microgastrinae","Glyptapanteles","Glyptapanteles Malaise6664","BOLD:ADF6664","Malaise trap Derrumbe-B",10.929,-85.464,"2015-12-31","1",653,"GMCEC"
"BIOUG68382-A11","GMCEC5998-21","GMP#25661","Arthropoda","Insecta","Hymenoptera","Braconidae","Microgastrinae","Apanteles","Apanteles Malaise7120","BOLD:ADH7120","Malaise trap Derrumbe-B",10.929,-85.464,"2015-12-31","1",653,"GMCEC"
"BIOUG68382-D04","GMCEC6027-21","GMP#25661","Arthropoda","Insecta","Hymenoptera","Braconidae","Microgastrinae","Dolichogenidea","Dolichogenidea Janzen23","BOLD:AAB5549","Malaise trap Derrumbe-B",10.929,-85.464,"2015-12-31","1",652,"GMCEC"
"BIOUG68382-E06","GMCEC6041-21","GMP#25661","Arthropoda","Insecta","Hymenoptera","Braconidae","Microgastrinae","Dolichogenidea","Dolichogenidea Janzen23","BOLD:AAB5549","Malaise trap Derrumbe-B",10.929,-85.464,"2015-12-31","1",653,"GMCEC"
"BIOUG68382-G04","GMCEC6063-21","GMP#25661","Arthropoda","Insecta","Hymenoptera","Braconidae","Microgastrinae","Apanteles","Apanteles wilbertharayai","BOLD:AAN2539","Malaise trap Derrumbe-B",10.929,-85.464,"2015-12-31","1",655,"GMCEC"
"BIOUG71927-D07","GMCED11912-21","GMP#25691","Arthropoda","Insecta","Hymenoptera","Braconidae","Microgastrinae","Glyptapanteles","Glyptapanteles henrytownesi","BOLD:AAD1416","Malaise trap Derrumbe-B",10.929,-85.464,"2016-08-04","1",653,"GMCED"
"BIOUG70345-A10","GMCED14761-21","GMP#25680","Arthropoda","Insecta","Hymenoptera","Braconidae","Microgastrinae","Promicrogaster","Promicrogaster Malaise7904","BOLD:AEM7904","Malaise trap Derrumbe-B",10.929,-85.464,"2016-05-19","1",654,"GMCED"
"BIOUG71864-F08","GMCED15813-21","GMP#25680","Arthropoda","Insecta","Hymenoptera","Braconidae","Microgastrinae","Dolichogenidea","Dolichogenidea Janzen0272","BOLD:ACF0272","Malaise trap Derrumbe-B",10.929,-85.464,"2016-05-19","1",653,"GMCED"
"BIOUG71866-G07","GMCED16014-21","GMP#25680","Arthropoda","Insecta","Hymenoptera","Braconidae","Microgastrinae","Dolichogenidea","Dolichogenidea Janzen57","BOLD:AAM5842","Malaise trap Derrumbe-B",10.929,-85.464,"2016-05-19","1",654,"GMCED"
"BIOUG70983-D08","GMCED1659-21","GMP#25699","Arthropoda","Insecta","Hymenoptera","Braconidae","Microgastrinae","Apanteles","Apanteles Malaise7825","BOLD:AEN7825","Malaise trap Derrumbe-B",10.929,-85.464,"2016-09-29","1",654,"GMCED"
"BIOUG71875-E05","GMCED16926-21","GMP#25696","Arthropoda","Insecta","Hymenoptera","Braconidae","Microgastrinae","Pseudapanteles","Pseudapanteles analorenaguevarae","BOLD:AAK9737","Malaise trap Derrumbe-B",10.929,-85.464,"2016-09-08","1",654,"GMCED"
"BIOUG70338-D10","GMCED2040-21","GMP#25674","Arthropoda","Insecta","Hymenoptera","Braconidae","Microgastrinae","Diolcogaster","Diolcogaster Choi89","BOLD:AAD6988","Malaise trap Derrumbe-B",10.929,-85.464,"2016-04-07","1",654,"GMCED"
"BIOUG71173-A01","GMCED20674-21","GMP#25682","Arthropoda","Insecta","Hymenoptera","Braconidae","Microgastrinae","Glyptapanteles","Glyptapanteles Whitfield111","BOLD:AAC6257","Malaise trap Derrumbe-B",10.929,-85.464,"2016-06-02","1",654,"GMCED"
"BIOUG71174-E01","GMCED20817-21","GMP#25682","Arthropoda","Insecta","Hymenoptera","Braconidae","Microgastrinae","Sendaphne","Sendaphne Malaise4779","BOLD:AEN4779","Malaise trap Derrumbe-B",10.929,-85.464,"2016-06-02","1",647,"GMCED"
"BIOUG71832-H05","GMCED7026-21","GMP#25674","Arthropoda","Insecta","Hymenoptera","Braconidae","Microgastrinae","Dolichogenidea","Dolichogenidea Janzen20","BOLD:AAI9747","Malaise trap Derrumbe-B",10.929,-85.464,"2016-04-07","1",655,"GMCED"
"BIOUG71129-B12","GMCED9414-21","GMP#25676","Arthropoda","Insecta","Hymenoptera","Braconidae","Microgastrinae","Diolcogaster","Diolcogaster Malaise6970","BOLD:ADH6970","Malaise trap Derrumbe-B",10.929,-85.464,"2016-04-21","1",655,"GMCED"
"BIOUG17470-A01","GMCEE1371-14","GMP#00608","Arthropoda","Insecta","Hymenoptera","Braconidae","Microgastrinae","Apanteles","Apanteles eduardoramirezi","BOLD:AAA4554","BSE Malaise Trap",10.8438,-85.6138,"2012-04-16","1",540,"GMCEE"
"BIOUG17470-C03","GMCEE1397-14","GMP#00608","Arthropoda","Insecta","Hymenoptera","Braconidae","Microgastrinae","Apanteles","Apanteles Rodriguez240","BOLD:AAM5751","BSE Malaise Trap",10.8438,-85.6138,"2012-04-16","1",585,"GMCEE"
"BIOUG17470-C05","GMCEE1399-14","GMP#00608","Arthropoda","Insecta","Hymenoptera","Braconidae","Microgastrinae","Pseudapanteles","Pseudapanteles carlosrodriguezi","BOLD:AAE8274","BSE Malaise Trap",10.8438,-85.6138,"2012-04-16","1",555,"GMCEE"
"BIOUG17470-C11","GMCEE1405-14","GMP#00608","Arthropoda","Insecta","Hymenoptera","Braconidae","Microgastrinae","Diolcogaster","Diolcogaster Choi84","BOLD:AAB0594","BSE Malaise Trap",10.8438,-85.6138,"2012-04-16","1",576,"GMCEE"
"BIOUG17470-D09","GMCEE1415-14","GMP#00608","Arthropoda","Insecta","Hymenoptera","Braconidae","Microgastrinae","Diolcogaster","Diolcogaster Choi84","BOLD:AAB0594","BSE Malaise Trap",10.8438,-85.6138,"2012-04-16","1",579,"GMCEE"
"BIOUG17462-A04","GMCEE801-14","GMP#00608","Arthropoda","Insecta","Hymenoptera","Braconidae","Microgastrinae","Rhygoplitis","Rhygoplitis Whitfield01","BOLD:AAC0735","BSE Malaise Trap",10.8438,-85.6138,"2012-04-16","1",588,"GMCEE"
"BIOUG17462-A05","GMCEE802-14","GMP#00608","Arthropoda","Insecta","Hymenoptera","Braconidae","Microgastrinae","Diolcogaster","Diolcogaster Choi84","BOLD:AAB0594","BSE Malaise Trap",10.8438,-85.6138,"2012-04-16","1",585,"GMCEE"
"BIOUG17462-A09","GMCEE806-14","GMP#00608","Arthropoda","Insecta","Hymenoptera","Braconidae","Microgastrinae","Apanteles","Apanteles eduardoramirezi","BOLD:AAA4554","BSE Malaise Trap",10.8438,-85.6138,"2012-04-16","1",552,"GMCEE"
"BIOUG17462-B02","GMCEE811-14","GMP#00608","Arthropoda","Insecta","Hymenoptera","Braconidae","Microgastrinae","Apanteles","Apanteles lisabearssae","BOLD:AAC2117","BSE Malaise Trap",10.8438,-85.6138,"2012-04-16","1",585,"GMCEE"
"BIOUG17462-C01","GMCEE822-14","GMP#00608","Arthropoda","Insecta","Hymenoptera","Braconidae","Microgastrinae","Apanteles","Apanteles lisabearssae","BOLD:AAC2117","BSE Malaise Trap",10.8438,-85.6138,"2012-04-16","1",588,"GMCEE"
"BIOUG17462-C03","GMCEE824-14","GMP#00608","Arthropoda","Insecta","Hymenoptera","Braconidae","Microgastrinae","Apanteles","Apanteles eduardoramirezi","BOLD:AAA4554","BSE Malaise Trap",10.8438,-85.6138,"2012-04-16","1",585,"GMCEE"
"BIOUG17462-C05","GMCEE826-14","GMP#00608","Arthropoda","Insecta","Hymenoptera","Braconidae","Microgastrinae","Apanteles","Apanteles lisabearssae","BOLD:AAC2117","BSE Malaise Trap",10.8438,-85.6138,"2012-04-16","1",555,"GMCEE"
"BIOUG17462-C09","GMCEE830-14","GMP#00608","Arthropoda","Insecta","Hymenoptera","Braconidae","Microgastrinae","Apanteles","Apanteles Janzen46","BOLD:ACF3757","BSE Malaise Trap",10.8438,-85.6138,"2012-04-16","1",614,"GMCEE"
"BIOUG17462-E06","GMCEE851-14","GMP#00608","Arthropoda","Insecta","Hymenoptera","Braconidae","Microgastrinae","Apanteles","Apanteles lisabearssae","BOLD:AAC2117","BSE Malaise Trap",10.8438,-85.6138,"2012-04-16","1",537,"GMCEE"
"BIOUG17462-E07","GMCEE852-14","GMP#00608","Arthropoda","Insecta","Hymenoptera","Braconidae","Microgastrinae","Rhygoplitis","Rhygoplitis Whitfield01","BOLD:AAC0735","BSE Malaise Trap",10.8438,-85.6138,"2012-04-16","1",522,"GMCEE"
"BIOUG17462-F02","GMCEE859-14","GMP#00608","Arthropoda","Insecta","Hymenoptera","Braconidae","Microgastrinae","Apanteles","Apanteles eduardoramirezi","BOLD:AAA4554","BSE Malaise Trap",10.8438,-85.6138,"2012-04-16","1",564,"GMCEE"
"BIOUG17462-F04","GMCEE861-14","GMP#00608","Arthropoda","Insecta","Hymenoptera","Braconidae","Microgastrinae","Apanteles","Apanteles eduardoramirezi","BOLD:AAA4554","BSE Malaise Trap",10.8438,-85.6138,"2012-04-16","1",531,"GMCEE"
"BIOUG17462-F06","GMCEE863-14","GMP#00608","Arthropoda","Insecta","Hymenoptera","Braconidae","Microgastrinae","Rhygoplitis","Rhygoplitis Whitfield01","BOLD:AAC0735","BSE Malaise Trap",10.8438,-85.6138,"2012-04-16","1",588,"GMCEE"
"BIOUG17462-F09","GMCEE866-14","GMP#00608","Arthropoda","Insecta","Hymenoptera","Braconidae","Microgastrinae","Apanteles","Apanteles eduardoramirezi","BOLD:AAA4554","BSE Malaise Trap",10.8438,-85.6138,"2012-04-16","1",579,"GMCEE"
"BIOUG17462-G06","GMCEE875-14","GMP#00608","Arthropoda","Insecta","Hymenoptera","Braconidae","Microgastrinae","Pseudapanteles","Pseudapanteles carlosrodriguezi","BOLD:AAE8274","BSE Malaise Trap",10.8438,-85.6138,"2012-04-16","1",528,"GMCEE"
"BIOUG17462-G08","GMCEE877-14","GMP#00608","Arthropoda","Insecta","Hymenoptera","Braconidae","Microgastrinae","Rhygoplitis","Rhygoplitis Whitfield01","BOLD:AAC0735","BSE Malaise Trap",10.8438,-85.6138,"2012-04-16","1",522,"GMCEE"
"BIOUG17462-H01","GMCEE882-14","GMP#00608","Arthropoda","Insecta","Hymenoptera","Braconidae","Microgastrinae","Apanteles","Apanteles lisabearssae","BOLD:AAC2117","BSE Malaise Trap",10.8438,-85.6138,"2012-04-16","1",555,"GMCEE"
"BIOUG17462-H07","GMCEE888-14","GMP#00608","Arthropoda","Insecta","Hymenoptera","Braconidae","Microgastrinae","Dolichogenidea","Dolichogenidea Rodriguez195","BOLD:AAM5088","BSE Malaise Trap",10.8438,-85.6138,"2012-04-16","1",567,"GMCEE"
"BIOUG17462-H08","GMCEE889-14","GMP#00608","Arthropoda","Insecta","Hymenoptera","Braconidae","Microgastrinae","Diolcogaster","Diolcogaster Choi77","BOLD:AAB9863","BSE Malaise Trap",10.8438,-85.6138,"2012-04-16","1",618,"GMCEE"
"BIOUG17462-H10","GMCEE891-14","GMP#00608","Arthropoda","Insecta","Hymenoptera","Braconidae","Microgastrinae","Apanteles","Apanteles eduardoramirezi","BOLD:AAA4554","BSE Malaise Trap",10.8438,-85.6138,"2012-04-16","1",543,"GMCEE"
"BIOUG17463-A02","GMCEE894-14","GMP#00608","Arthropoda","Insecta","Hymenoptera","Braconidae","Microgastrinae","Apanteles","Apanteles lisabearssae","BOLD:AAC2117","BSE Malaise Trap",10.8438,-85.6138,"2012-04-16","1",594,"GMCEE"
"BIOUG17463-A04","GMCEE896-14","GMP#00608","Arthropoda","Insecta","Hymenoptera","Braconidae","Microgastrinae","Apanteles","Apanteles lisabearssae","BOLD:AAC2117","BSE Malaise Trap",10.8438,-85.6138,"2012-04-16","1",564,"GMCEE"
"BIOUG17463-A08","GMCEE900-14","GMP#00608","Arthropoda","Insecta","Hymenoptera","Braconidae","Microgastrinae","Apanteles","Apanteles eduardoramirezi","BOLD:AAA4554","BSE Malaise Trap",10.8438,-85.6138,"2012-04-16","1",594,"GMCEE"
"BIOUG17463-A10","GMCEE902-14","GMP#00608","Arthropoda","Insecta","Hymenoptera","Braconidae","Microgastrinae","Apanteles","Apanteles eduardoramirezi","BOLD:AAA4554","BSE Malaise Trap",10.8438,-85.6138,"2012-04-16","1",588,"GMCEE"
"BIOUG17463-B11","GMCEE915-14","GMP#00608","Arthropoda","Insecta","Hymenoptera","Braconidae","Microgastrinae","Apanteles","Apanteles lisabearssae","BOLD:AAC2117","BSE Malaise Trap",10.8438,-85.6138,"2012-04-16","1",594,"GMCEE"
"BIOUG17463-C09","GMCEE925-14","GMP#00608","Arthropoda","Insecta","Hymenoptera","Braconidae","Microgastrinae","Diolcogaster","Diolcogaster Choi84","BOLD:AAB0594","BSE Malaise Trap",10.8438,-85.6138,"2012-04-16","1",594,"GMCEE"
"BIOUG17463-D01","GMCEE929-14","GMP#00608","Arthropoda","Insecta","Hymenoptera","Braconidae","Microgastrinae","Apanteles","Apanteles eduardoramirezi","BOLD:AAA4554","BSE Malaise Trap",10.8438,-85.6138,"2012-04-16","1",585,"GMCEE"
"BIOUG17463-D02","GMCEE930-14","GMP#00608","Arthropoda","Insecta","Hymenoptera","Braconidae","Microgastrinae","Rhygoplitis","Rhygoplitis Whitfield01","BOLD:AAC0735","BSE Malaise Trap",10.8438,-85.6138,"2012-04-16","1",594,"GMCEE"
"BIOUG17463-D05","GMCEE933-14","GMP#00608","Arthropoda","Insecta","Hymenoptera","Braconidae","Microgastrinae","Rhygoplitis","Rhygoplitis Whitfield01","BOLD:AAC0735","BSE Malaise Trap",10.8438,-85.6138,"2012-04-16","1",600,"GMCEE"
"BIOUG17463-E02","GMCEE942-14","GMP#00608","Arthropoda","Insecta","Hymenoptera","Braconidae","Microgastrinae","Dolichogenidea","Dolichogenidea Rodriguez195","BOLD:AAM5088","BSE Malaise Trap",10.8438,-85.6138,"2012-04-16","1",594,"GMCEE"
"BIOUG17463-E08","GMCEE948-14","GMP#00608","Arthropoda","Insecta","Hymenoptera","Braconidae","Microgastrinae","Apanteles","Apanteles eduardoramirezi","BOLD:AAA4554","BSE Malaise Trap",10.8438,-85.6138,"2012-04-16","1",594,"GMCEE"
"BIOUG17463-E10","GMCEE950-14","GMP#00608","Arthropoda","Insecta","Hymenoptera","Braconidae","Microgastrinae","Apanteles","Apanteles lisabearssae","BOLD:AAC2117","BSE Malaise Trap",10.8438,-85.6138,"2012-04-16","1",585,"GMCEE"
"BIOUG17463-F02","GMCEE954-14","GMP#00608","Arthropoda","Insecta","Hymenoptera","Braconidae","Microgastrinae","Rhygoplitis","Rhygoplitis Whitfield01","BOLD:AAC0735","BSE Malaise Trap",10.8438,-85.6138,"2012-04-16","1",600,"GMCEE"
"BIOUG17463-F07","GMCEE959-14","GMP#00608","Arthropoda","Insecta","Hymenoptera","Braconidae","Microgastrinae","Apanteles","Apanteles lisabearssae","BOLD:AAC2117","BSE Malaise Trap",10.8438,-85.6138,"2012-04-16","1",576,"GMCEE"
"BIOUG17463-G06","GMCEE970-14","GMP#00608","Arthropoda","Insecta","Hymenoptera","Braconidae","Microgastrinae","Dolichogenidea","Dolichogenidea Rodriguez195","BOLD:AAM5088","BSE Malaise Trap",10.8438,-85.6138,"2012-04-16","1",600,"GMCEE"
"BIOUG17653-H09","GMCFF1219-14","GMP#00610","Arthropoda","Insecta","Hymenoptera","Braconidae","Microgastrinae","Apanteles","Apanteles eduardoramirezi","BOLD:AAA4554","BSE Malaise Trap",10.8438,-85.6138,"2012-04-30","1",576,"GMCFF"
"BIOUG17684-A01","GMCFF1306-14","GMP#00610","Arthropoda","Insecta","Hymenoptera","Braconidae","Microgastrinae","Rhygoplitis","Rhygoplitis Whitfield01","BOLD:AAC0735","BSE Malaise Trap",10.8438,-85.6138,"2012-04-30","1",540,"GMCFF"
"BIOUG17684-A02","GMCFF1307-14","GMP#00610","Arthropoda","Insecta","Hymenoptera","Braconidae","Microgastrinae","Apanteles","Apanteles oscarchavezi","BOLD:AAN7915","BSE Malaise Trap",10.8438,-85.6138,"2012-04-30","1",534,"GMCFF"
"BIOUG17684-A12","GMCFF1317-14","GMP#00610","Arthropoda","Insecta","Hymenoptera","Braconidae","Microgastrinae","Diolcogaster","Diolcogaster Choi84","BOLD:AAB0594","BSE Malaise Trap",10.8438,-85.6138,"2012-04-30","1",567,"GMCFF"
"BIOUG17684-B06","GMCFF1323-14","GMP#00610","Arthropoda","Insecta","Hymenoptera","Braconidae","Microgastrinae","Apanteles","Apanteles lisabearssae","BOLD:AAC2117","BSE Malaise Trap",10.8438,-85.6138,"2012-04-30","1",588,"GMCFF"
"BIOUG17684-B10","GMCFF1327-14","GMP#00610","Arthropoda","Insecta","Hymenoptera","Braconidae","Microgastrinae","Apanteles","Apanteles lisabearssae","BOLD:AAC2117","BSE Malaise Trap",10.8438,-85.6138,"2012-04-30","1",555,"GMCFF"
"BIOUG17684-C03","GMCFF1332-14","GMP#00610","Arthropoda","Insecta","Hymenoptera","Braconidae","Microgastrinae","Rhygoplitis","Rhygoplitis Whitfield01","BOLD:AAC0735","BSE Malaise Trap",10.8438,-85.6138,"2012-04-30","1",594,"GMCFF"
"BIOUG17684-C04","GMCFF1333-14","GMP#00610","Arthropoda","Insecta","Hymenoptera","Braconidae","Microgastrinae","Apanteles","Apanteles eduardoramirezi","BOLD:AAA4554","BSE Malaise Trap",10.8438,-85.6138,"2012-04-30","1",588,"GMCFF"
"BIOUG17684-C05","GMCFF1334-14","GMP#00610","Arthropoda","Insecta","Hymenoptera","Braconidae","Microgastrinae","Apanteles","Apanteles lisabearssae","BOLD:AAC2117","BSE Malaise Trap",10.8438,-85.6138,"2012-04-30","1",567,"GMCFF"
"BIOUG17684-C12","GMCFF1341-14","GMP#00610","Arthropoda","Insecta","Hymenoptera","Braconidae","Microgastrinae","Apanteles","Apanteles lisabearssae","BOLD:AAC2117","BSE Malaise Trap",10.8438,-85.6138,"2012-04-30","1",576,"GMCFF"
"BIOUG17684-D01","GMCFF1342-14","GMP#00610","Arthropoda","Insecta","Hymenoptera","Braconidae","Microgastrinae","Rhygoplitis","Rhygoplitis Whitfield01","BOLD:AAC0735","BSE Malaise Trap",10.8438,-85.6138,"2012-04-30","1",570,"GMCFF"
"BIOUG17684-D06","GMCFF1347-14","GMP#00610","Arthropoda","Insecta","Hymenoptera","Braconidae","Microgastrinae","Rhygoplitis","Rhygoplitis Whitfield01","BOLD:AAC0735","BSE Malaise Trap",10.8438,-85.6138,"2012-04-30","1",588,"GMCFF"
"BIOUG17684-E01","GMCFF1354-14","GMP#00610","Arthropoda","Insecta","Hymenoptera","Braconidae","Microgastrinae","Apanteles","Apanteles eduardoramirezi","BOLD:AAA4554","BSE Malaise Trap",10.8438,-85.6138,"2012-04-30","1",570,"GMCFF"
"BIOUG17684-E08","GMCFF1361-14","GMP#00610","Arthropoda","Insecta","Hymenoptera","Braconidae","Microgastrinae","Apanteles","Apanteles eduardoramirezi","BOLD:AAA4554","BSE Malaise Trap",10.8438,-85.6138,"2012-04-30","1",612,"GMCFF"
"BIOUG17684-F01","GMCFF1366-14","GMP#00610","Arthropoda","Insecta","Hymenoptera","Braconidae","Microgastrinae","Apanteles","Apanteles lisabearssae","BOLD:AAC2117","BSE Malaise Trap",10.8438,-85.6138,"2012-04-30","1",585,"GMCFF"
"BIOUG17684-F03","GMCFF1368-14","GMP#00610","Arthropoda","Insecta","Hymenoptera","Braconidae","Microgastrinae","Apanteles","Apanteles eduardoramirezi","BOLD:AAA4554","BSE Malaise Trap",10.8438,-85.6138,"2012-04-30","1",570,"GMCFF"
"BIOUG17684-F09","GMCFF1374-14","GMP#00610","Arthropoda","Insecta","Hymenoptera","Braconidae","Microgastrinae","Diolcogaster","Diolcogaster Choi84","BOLD:AAB0594","BSE Malaise Trap",10.8438,-85.6138,"2012-04-30","1",585,"GMCFF"
"BIOUG17684-G03","GMCFF1380-14","GMP#00610","Arthropoda","Insecta","Hymenoptera","Braconidae","Microgastrinae","Apanteles","Apanteles eduardoramirezi","BOLD:AAA4554","BSE Malaise Trap",10.8438,-85.6138,"2012-04-30","1",585,"GMCFF"
"BIOUG17684-G11","GMCFF1388-14","GMP#00610","Arthropoda","Insecta","Hymenoptera","Braconidae","Microgastrinae","Snellenius","Snellenius warrenwagneri","BOLD:AAC6165","BSE Malaise Trap",10.8438,-85.6138,"2012-04-30","1",600,"GMCFF"
"BIOUG17684-H08","GMCFF1397-14","GMP#00610","Arthropoda","Insecta","Hymenoptera","Braconidae","Microgastrinae","Apanteles","Apanteles lisabearssae","BOLD:AAC2117","BSE Malaise Trap",10.8438,-85.6138,"2012-04-30","1",579,"GMCFF"
"BIOUG17714-A07","GMCFF1977-14","GMP#00610","Arthropoda","Insecta","Hymenoptera","Braconidae","Microgastrinae","Diolcogaster","Diolcogaster Choi84","BOLD:AAB0594","BSE Malaise Trap",10.8438,-85.6138,"2012-04-30","1",594,"GMCFF"
"BIOUG17714-A08","GMCFF1978-14","GMP#00610","Arthropoda","Insecta","Hymenoptera","Braconidae","Microgastrinae","Alphomelon","Alphomelon guillermopereirai","BOLD:AAB8584","BSE Malaise Trap",10.8438,-85.6138,"2012-04-30","1",543,"GMCFF"
"BIOUG17714-B01","GMCFF1983-14","GMP#00610","Arthropoda","Insecta","Hymenoptera","Braconidae","Microgastrinae","Diolcogaster","Diolcogaster Choi84","BOLD:AAB0594","BSE Malaise Trap",10.8438,-85.6138,"2012-04-30","1",567,"GMCFF"
"BIOUG17714-C01","GMCFF1995-14","GMP#00610","Arthropoda","Insecta","Hymenoptera","Braconidae","Microgastrinae","Apanteles","Apanteles eduardoramirezi","BOLD:AAA4554","BSE Malaise Trap",10.8438,-85.6138,"2012-04-30","1",594,"GMCFF"
"BIOUG17714-C05","GMCFF1999-14","GMP#00610","Arthropoda","Insecta","Hymenoptera","Braconidae","Microgastrinae","Rhygoplitis","Rhygoplitis Whitfield01","BOLD:AAC0735","BSE Malaise Trap",10.8438,-85.6138,"2012-04-30","1",594,"GMCFF"
"BIOUG17714-C06","GMCFF2000-14","GMP#00610","Arthropoda","Insecta","Hymenoptera","Braconidae","Microgastrinae","Apanteles","Apanteles eduardoramirezi","BOLD:AAA4554","BSE Malaise Trap",10.8438,-85.6138,"2012-04-30","1",585,"GMCFF"
"BIOUG17714-C08","GMCFF2002-14","GMP#00610","Arthropoda","Insecta","Hymenoptera","Braconidae","Microgastrinae","Apanteles","Apanteles lisabearssae","BOLD:AAC2117","BSE Malaise Trap",10.8438,-85.6138,"2012-04-30","1",585,"GMCFF"
"BIOUG17714-D07","GMCFF2013-14","GMP#00610","Arthropoda","Insecta","Hymenoptera","Braconidae","Microgastrinae","Apanteles","Apanteles lisabearssae","BOLD:AAC2117","BSE Malaise Trap",10.8438,-85.6138,"2012-04-30","1",576,"GMCFF"
"BIOUG17714-E04","GMCFF2022-14","GMP#00610","Arthropoda","Insecta","Hymenoptera","Braconidae","Microgastrinae","Snellenius","Snellenius vickifunkae","BOLD:AAH2836","BSE Malaise Trap",10.8438,-85.6138,"2012-04-30","1",585,"GMCFF"
"BIOUG17714-E07","GMCFF2025-14","GMP#00610","Arthropoda","Insecta","Hymenoptera","Braconidae","Microgastrinae","Rhygoplitis","Rhygoplitis Whitfield01","BOLD:AAC0735","BSE Malaise Trap",10.8438,-85.6138,"2012-04-30","1",567,"GMCFF"
"BIOUG17714-E08","GMCFF2026-14","GMP#00610","Arthropoda","Insecta","Hymenoptera","Braconidae","Microgastrinae","Rhygoplitis","Rhygoplitis Whitfield01","BOLD:AAC0735","BSE Malaise Trap",10.8438,-85.6138,"2012-04-30","1",585,"GMCFF"
"BIOUG17714-F05","GMCFF2035-14","GMP#00610","Arthropoda","Insecta","Hymenoptera","Braconidae","Microgastrinae","Rhygoplitis","Rhygoplitis Whitfield01","BOLD:AAC0735","BSE Malaise Trap",10.8438,-85.6138,"2012-04-30","1",588,"GMCFF"
"BIOUG17714-G04","GMCFF2046-14","GMP#00610","Arthropoda","Insecta","Hymenoptera","Braconidae","Microgastrinae","Diolcogaster","Diolcogaster Choi84","BOLD:AAB0594","BSE Malaise Trap",10.8438,-85.6138,"2012-04-30","1",579,"GMCFF"
"BIOUG17714-H01","GMCFF2055-14","GMP#00610","Arthropoda","Insecta","Hymenoptera","Braconidae","Microgastrinae","Snellenius","Snellenius warrenwagneri","BOLD:AAC6165","BSE Malaise Trap",10.8438,-85.6138,"2012-04-30","1",576,"GMCFF"
"BIOUG17714-H02","GMCFF2056-14","GMP#00610","Arthropoda","Insecta","Hymenoptera","Braconidae","Microgastrinae","Apanteles","Apanteles lisabearssae","BOLD:AAC2117","BSE Malaise Trap",10.8438,-85.6138,"2012-04-30","1",579,"GMCFF"
"BIOUG17714-H11","GMCFF2065-14","GMP#00610","Arthropoda","Insecta","Hymenoptera","Braconidae","Microgastrinae","Apanteles","Apanteles eduardoramirezi","BOLD:AAA4554","BSE Malaise Trap",10.8438,-85.6138,"2012-04-30","1",561,"GMCFF"
"CBG-A37513-D02","GMCGA10868-24","GMP#25727","Arthropoda","Insecta","Hymenoptera","Braconidae","Microgastrinae","","","BOLD:ACF4585","Malaise trap Derrumbe-C",10.92918,-85.46426,"2017-04-13","1",658,"GMCGA"
"CBG-A37513-E06","GMCGA10884-24","GMP#25727","Arthropoda","Insecta","Hymenoptera","Braconidae","Microgastrinae","Dolichogenidea","","BOLD:ABX6267","Malaise trap Derrumbe-C",10.92918,-85.46426,"2017-04-13","1",658,"GMCGA"
"CBG-A37514-E11","GMCGA10984-24","GMP#25727","Arthropoda","Insecta","Hymenoptera","Braconidae","Microgastrinae","","","BOLD:AAB6927","Malaise trap Derrumbe-C",10.92918,-85.46426,"2017-04-13","1",658,"GMCGA"
"CBG-A37517-D05","GMCGA11251-24","GMP#25727","Arthropoda","Insecta","Hymenoptera","Braconidae","Microgastrinae","","","BOLD:AAD1416","Malaise trap Derrumbe-C",10.92918,-85.46426,"2017-04-13","1",658,"GMCGA"
"CBG-A35575-E04","GMCGA1287-24","GMP#25719","Arthropoda","Insecta","Hymenoptera","Braconidae","Microgastrinae","","","BOLD:AAK1566","Malaise trap Derrumbe-C",10.92918,-85.46426,"2017-02-16","1",658,"GMCGA"
"CBG-A37527-B11","GMCGA13228-24","GMP#25727","Arthropoda","Insecta","Hymenoptera","Braconidae","Microgastrinae","","","BOLD:AFK1700","Malaise trap Derrumbe-C",10.92918,-85.46426,"2017-04-13","1",658,"GMCGA"
"CBG-A37621-A08","GMCGA13973-24","GMP#25723","Arthropoda","Insecta","Hymenoptera","Braconidae","Microgastrinae","","","BOLD:AAI9747","Malaise trap Derrumbe-C",10.92918,-85.46426,"2017-03-16","1",658,"GMCGA"
"CBG-A35578-G04","GMCGA1596-24","GMP#25719","Arthropoda","Insecta","Hymenoptera","Braconidae","Microgastrinae","","","BOLD:AAB6927","Malaise trap Derrumbe-C",10.92918,-85.46426,"2017-02-16","1",658,"GMCGA"
"CBG-A37520-E10","GMCGA16303-24","GMP#25727","Arthropoda","Insecta","Hymenoptera","Braconidae","Microgastrinae","Glyptapanteles","","BOLD:AAB2471","Malaise trap Derrumbe-C",10.92918,-85.46426,"2017-04-13","1",658,"GMCGA"
"CBG-A37522-E04","GMCGA16487-24","GMP#25727","Arthropoda","Insecta","Hymenoptera","Braconidae","Microgastrinae","","","BOLD:AAM5846","Malaise trap Derrumbe-C",10.92918,-85.46426,"2017-04-13","1",658,"GMCGA"
"CBG-A37524-C11","GMCGA16660-24","GMP#25727","Arthropoda","Insecta","Hymenoptera","Braconidae","Microgastrinae","","","BOLD:AAX2124","Malaise trap Derrumbe-C",10.92918,-85.46426,"2017-04-13","1",658,"GMCGA"
"CBG-A38346-A08","GMCGA23663-24","GMP#25731","Arthropoda","Insecta","Hymenoptera","Braconidae","Microgastrinae","","","BOLD:ACF0272","Malaise trap Derrumbe-C",10.92918,-85.46426,"2017-05-11","1",658,"GMCGA"
"CBG-A38357-D07","GMCGA26738-24","GMP#25731","Arthropoda","Insecta","Hymenoptera","Braconidae","Microgastrinae","","","BOLD:AAC1179","Malaise trap Derrumbe-C",10.92918,-85.46426,"2017-05-11","1",658,"GMCGA"
"CBG-A38365-D09","GMCGA28165-24","GMP#25731","Arthropoda","Insecta","Hymenoptera","Braconidae","Microgastrinae","","","BOLD:AAC1179","Malaise trap Derrumbe-C",10.92918,-85.46426,"2017-05-11","1",658,"GMCGA"
"CBG-A38862-B12","GMCGA28714-24","GMP#25735","Arthropoda","Insecta","Hymenoptera","Braconidae","Microgastrinae","Glyptapanteles","","BOLD:AAC6257","Malaise trap Derrumbe-C",10.92918,-85.46426,"2017-06-08","1",658,"GMCGA"
"CBG-A38381-B10","GMCGA30137-24","GMP#25731","Arthropoda","Insecta","Hymenoptera","Braconidae","Microgastrinae","","","BOLD:AAC1179","Malaise trap Derrumbe-C",10.92918,-85.46426,"2017-05-11","1",658,"GMCGA"
"CBG-A38381-B11","GMCGA30138-24","GMP#25731","Arthropoda","Insecta","Hymenoptera","Braconidae","Microgastrinae","","","BOLD:ACF4585","Malaise trap Derrumbe-C",10.92918,-85.46426,"2017-05-11","1",658,"GMCGA"
"CBG-A38382-H02","GMCGA30296-24","GMP#25731","Arthropoda","Insecta","Hymenoptera","Braconidae","Microgastrinae","","","BOLD:AAC1179","Malaise trap Derrumbe-C",10.92918,-85.46426,"2017-05-11","1",658,"GMCGA"
"CBG-A38865-D12","GMCGA30733-24","GMP#25735","Arthropoda","Insecta","Hymenoptera","Braconidae","Microgastrinae","","","BOLD:ACF4585","Malaise trap Derrumbe-C",10.92918,-85.46426,"2017-06-08","1",658,"GMCGA"
"CBG-A38878-D09","GMCGA31965-24","GMP#25735","Arthropoda","Insecta","Hymenoptera","Braconidae","Microgastrinae","Dolichogenidea","","BOLD:AAD6850","Malaise trap Derrumbe-C",10.92918,-85.46426,"2017-06-08","1",658,"GMCGA"
"CBG-A35595-A02","GMCGA3232-24","GMP#25719","Arthropoda","Insecta","Hymenoptera","Braconidae","Microgastrinae","","","BOLD:AAK9737","Malaise trap Derrumbe-C",10.92918,-85.46426,"2017-02-16","1",658,"GMCGA"
"CBG-A38574-H11","GMCGA34865-24","GMP#25731","Arthropoda","Insecta","Hymenoptera","Braconidae","Microgastrinae","","","BOLD:ACF0272","Malaise trap Derrumbe-C",10.92918,-85.46426,"2017-05-11","1",658,"GMCGA"
"CBG-A35608-A08","GMCGA4473-24","GMP#25719","Arthropoda","Insecta","Hymenoptera","Braconidae","Microgastrinae","","","BOLD:AED2446","Malaise trap Derrumbe-C",10.92918,-85.46426,"2017-02-16","1",658,"GMCGA"
"CBG-A40036-B08","GMCGA44955-24","GMP#25740","Arthropoda","Insecta","Hymenoptera","Braconidae","Microgastrinae","","","BOLD:ACF0272","Malaise trap Derrumbe-C",10.92918,-85.46426,"2017-07-13","1",658,"GMCGA"
"CBG-A38631-C02","GMCGA48571-24","GMP#25747","Arthropoda","Insecta","Hymenoptera","Braconidae","Microgastrinae","","","BOLD:AEJ8114","Malaise trap Derrumbe-C",10.92918,-85.46426,"2017-08-31","1",658,"GMCGA"
"CBG-A40062-E06","GMCGA48884-24","GMP#25751","Arthropoda","Insecta","Hymenoptera","Braconidae","Microgastrinae","","","BOLD:AAA9309","Malaise trap Derrumbe-C",10.92918,-85.46426,"2017-09-28","1",658,"GMCGA"
"CBG-A37509-B01","GMCGA8183-24","GMP#25727","Arthropoda","Insecta","Hymenoptera","Braconidae","Microgastrinae","","","BOLD:AAA9309","Malaise trap Derrumbe-C",10.92918,-85.46426,"2017-04-13","1",658,"GMCGA"
"CBG-A37509-E12","GMCGA8230-24","GMP#25727","Arthropoda","Insecta","Hymenoptera","Braconidae","Microgastrinae","Dolichogenidea","","BOLD:ABX6267","Malaise trap Derrumbe-C",10.92918,-85.46426,"2017-04-13","1",658,"GMCGA"
"CBG-A37577-D07","GMCGA8498-24","GMP#25723","Arthropoda","Insecta","Hymenoptera","Braconidae","Microgastrinae","","","BOLD:AAK9737","Malaise trap Derrumbe-C",10.92918,-85.46426,"2017-03-16","1",658,"GMCGA"
"CBG-A38637-H11","GMCGB380-24","GMP#25747","Arthropoda","Insecta","Hymenoptera","Braconidae","Microgastrinae","","","BOLD:AAA9309","Malaise trap Derrumbe-C",10.92918,-85.46426,"2017-08-31","1",658,"GMCGB"
"BIOUG17759-G05","GMCGG1355-14","GMP#00612","Arthropoda","Insecta","Hymenoptera","Braconidae","Microgastrinae","Alphomelon","Alphomelon andydeansi","BOLD:ADJ6568","BSE Malaise Trap",10.8438,-85.6138,"2012-05-14","1",567,"GMCGG"
"BIOUG17841-A01","GMCGG487-14","GMP#00612","Arthropoda","Insecta","Hymenoptera","Braconidae","Microgastrinae","Alphomelon","Alphomelon xestopyga","BOLD:AAA1634","BSE Malaise Trap",10.8438,-85.6138,"2012-05-14","1",579,"GMCGG"
"BIOUG17841-A02","GMCGG488-14","GMP#00612","Arthropoda","Insecta","Hymenoptera","Braconidae","Microgastrinae","Apanteles","Apanteles franciscopizarroi","BOLD:AAK1643","BSE Malaise Trap",10.8438,-85.6138,"2012-05-14","1",564,"GMCGG"
"BIOUG17841-A06","GMCGG492-14","GMP#00612","Arthropoda","Insecta","Hymenoptera","Braconidae","Microgastrinae","Dolichogenidea","Dolichogenidea Rodriguez145","BOLD:AAB9372","BSE Malaise Trap",10.8438,-85.6138,"2012-05-14","1",585,"GMCGG"
"BIOUG17841-B01","GMCGG499-14","GMP#00612","Arthropoda","Insecta","Hymenoptera","Braconidae","Microgastrinae","Dolichogenidea","Dolichogenidea Rodriguez145","BOLD:AAB9372","BSE Malaise Trap",10.8438,-85.6138,"2012-05-14","1",537,"GMCGG"
"BIOUG17841-B06","GMCGG504-14","GMP#00612","Arthropoda","Insecta","Hymenoptera","Braconidae","Microgastrinae","Diolcogaster","Diolcogaster Choi77","BOLD:AAB9863","BSE Malaise Trap",10.8438,-85.6138,"2012-05-14","1",588,"GMCGG"
"BIOUG17841-B09","GMCGG507-14","GMP#00612","Arthropoda","Insecta","Hymenoptera","Braconidae","Microgastrinae","Dolichogenidea","Dolichogenidea Rodriguez195","BOLD:AAM5088","BSE Malaise Trap",10.8438,-85.6138,"2012-05-14","1",576,"GMCGG"
"BIOUG17841-C01","GMCGG511-14","GMP#00612","Arthropoda","Insecta","Hymenoptera","Braconidae","Microgastrinae","Diolcogaster","Diolcogaster Choi84","BOLD:AAB0594","BSE Malaise Trap",10.8438,-85.6138,"2012-05-14","1",585,"GMCGG"
"BIOUG17841-C04","GMCGG514-14","GMP#00612","Arthropoda","Insecta","Hymenoptera","Braconidae","Microgastrinae","Rhygoplitis","Rhygoplitis Whitfield01","BOLD:AAC0735","BSE Malaise Trap",10.8438,-85.6138,"2012-05-14","1",564,"GMCGG"
"BIOUG17841-C11","GMCGG521-14","GMP#00612","Arthropoda","Insecta","Hymenoptera","Braconidae","Microgastrinae","Rhygoplitis","Rhygoplitis Whitfield01","BOLD:AAC0735","BSE Malaise Trap",10.8438,-85.6138,"2012-05-14","1",645,"GMCGG"
"BIOUG17841-D01","GMCGG523-14","GMP#00612","Arthropoda","Insecta","Hymenoptera","Braconidae","Microgastrinae","Diolcogaster","Diolcogaster Choi84","BOLD:AAB0594","BSE Malaise Trap",10.8438,-85.6138,"2012-05-14","1",576,"GMCGG"
"BIOUG17841-D12","GMCGG534-14","GMP#00612","Arthropoda","Insecta","Hymenoptera","Braconidae","Microgastrinae","Rhygoplitis","Rhygoplitis Whitfield01","BOLD:AAC0735","BSE Malaise Trap",10.8438,-85.6138,"2012-05-14","1",558,"GMCGG"
"BIOUG17841-E12","GMCGG546-14","GMP#00612","Arthropoda","Insecta","Hymenoptera","Braconidae","Microgastrinae","Snellenius","Snellenius vickifunkae","BOLD:AAH2836","BSE Malaise Trap",10.8438,-85.6138,"2012-05-14","1",522,"GMCGG"
"BIOUG17841-F01","GMCGG547-14","GMP#00612","Arthropoda","Insecta","Hymenoptera","Braconidae","Microgastrinae","Dolichogenidea","Dolichogenidea Rodriguez145","BOLD:AAB9372","BSE Malaise Trap",10.8438,-85.6138,"2012-05-14","1",567,"GMCGG"
"BIOUG17841-F05","GMCGG551-14","GMP#00612","Arthropoda","Insecta","Hymenoptera","Braconidae","Microgastrinae","Dolichogenidea","Dolichogenidea Rodriguez195","BOLD:AAM5088","BSE Malaise Trap",10.8438,-85.6138,"2012-05-14","1",573,"GMCGG"
"BIOUG17841-F12","GMCGG558-14","GMP#00612","Arthropoda","Insecta","Hymenoptera","Braconidae","Microgastrinae","Diolcogaster","Diolcogaster Choi84","BOLD:AAB0594","BSE Malaise Trap",10.8438,-85.6138,"2012-05-14","1",558,"GMCGG"
"BIOUG17841-G03","GMCGG561-14","GMP#00612","Arthropoda","Insecta","Hymenoptera","Braconidae","Microgastrinae","Dolichogenidea","Dolichogenidea Rodriguez195","BOLD:AAM5088","BSE Malaise Trap",10.8438,-85.6138,"2012-05-14","1",576,"GMCGG"
"BIOUG17841-G05","GMCGG563-14","GMP#00612","Arthropoda","Insecta","Hymenoptera","Braconidae","Microgastrinae","Apanteles","Apanteles oscarchavezi","BOLD:AAN7915","BSE Malaise Trap",10.8438,-85.6138,"2012-05-14","1",543,"GMCGG"
"BIOUG17841-H04","GMCGG574-14","GMP#00612","Arthropoda","Insecta","Hymenoptera","Braconidae","Microgastrinae","Apanteles","Apanteles eduardoramirezi","BOLD:AAA4554","BSE Malaise Trap",10.8438,-85.6138,"2012-05-14","1",573,"GMCGG"
"BIOUG17841-H09","GMCGG579-14","GMP#00612","Arthropoda","Insecta","Hymenoptera","Braconidae","Microgastrinae","Dolichogenidea","Dolichogenidea Rodriguez195","BOLD:AAM5088","BSE Malaise Trap",10.8438,-85.6138,"2012-05-14","1",632,"GMCGG"
"BIOUG17842-B05","GMCGG598-14","GMP#00612","Arthropoda","Insecta","Hymenoptera","Braconidae","Microgastrinae","Rhygoplitis","Rhygoplitis Whitfield01","BOLD:AAC0735","BSE Malaise Trap",10.8438,-85.6138,"2012-05-14","1",588,"GMCGG"
"BIOUG17842-B07","GMCGG600-14","GMP#00612","Arthropoda","Insecta","Hymenoptera","Braconidae","Microgastrinae","Glyptapanteles","Glyptapanteles Whitfield91","BOLD:ACL4468","BSE Malaise Trap",10.8438,-85.6138,"2012-05-14","1",585,"GMCGG"
"BIOUG17842-B09","GMCGG602-14","GMP#00612","Arthropoda","Insecta","Hymenoptera","Braconidae","Microgastrinae","Rhygoplitis","Rhygoplitis Whitfield01","BOLD:AAC0735","BSE Malaise Trap",10.8438,-85.6138,"2012-05-14","1",588,"GMCGG"
"BIOUG17842-B10","GMCGG603-14","GMP#00612","Arthropoda","Insecta","Hymenoptera","Braconidae","Microgastrinae","Diolcogaster","Diolcogaster Choi84","BOLD:AAB0594","BSE Malaise Trap",10.8438,-85.6138,"2012-05-14","1",573,"GMCGG"
"BIOUG17842-B11","GMCGG604-14","GMP#00612","Arthropoda","Insecta","Hymenoptera","Braconidae","Microgastrinae","Dolichogenidea","Dolichogenidea Rodriguez195","BOLD:AAM5088","BSE Malaise Trap",10.8438,-85.6138,"2012-05-14","1",609,"GMCGG"
"BIOUG17842-C05","GMCGG610-14","GMP#00612","Arthropoda","Insecta","Hymenoptera","Braconidae","Microgastrinae","Rhygoplitis","Rhygoplitis Whitfield01","BOLD:AAC0735","BSE Malaise Trap",10.8438,-85.6138,"2012-05-14","1",588,"GMCGG"
"BIOUG17842-C06","GMCGG611-14","GMP#00612","Arthropoda","Insecta","Hymenoptera","Braconidae","Microgastrinae","Dolichogenidea","Dolichogenidea Rodriguez195","BOLD:AAM5088","BSE Malaise Trap",10.8438,-85.6138,"2012-05-14","1",534,"GMCGG"
"BIOUG17842-D01","GMCGG618-14","GMP#00612","Arthropoda","Insecta","Hymenoptera","Braconidae","Microgastrinae","Rhygoplitis","Rhygoplitis Whitfield01","BOLD:AAC0735","BSE Malaise Trap",10.8438,-85.6138,"2012-05-14","1",531,"GMCGG"
"BIOUG17842-D09","GMCGG626-14","GMP#00612","Arthropoda","Insecta","Hymenoptera","Braconidae","Microgastrinae","Apanteles","Apanteles malaise0319","BOLD:ADD0319","BSE Malaise Trap",10.8438,-85.6138,"2012-05-14","1",624,"GMCGG"
"BIOUG17842-E04","GMCGG633-14","GMP#00612","Arthropoda","Insecta","Hymenoptera","Braconidae","Microgastrinae","Apanteles","Apanteles Rodriguez210","BOLD:AAN1872","BSE Malaise Trap",10.8438,-85.6138,"2012-05-14","1",594,"GMCGG"
"BIOUG17842-E07","GMCGG636-14","GMP#00612","Arthropoda","Insecta","Hymenoptera","Braconidae","Microgastrinae","Diolcogaster","Diolcogaster Choi84","BOLD:AAB0594","BSE Malaise Trap",10.8438,-85.6138,"2012-05-14","1",522,"GMCGG"
"BIOUG17842-E12","GMCGG641-14","GMP#00612","Arthropoda","Insecta","Hymenoptera","Braconidae","Microgastrinae","Apanteles","Apanteles eduardoramirezi","BOLD:AAA4554","BSE Malaise Trap",10.8438,-85.6138,"2012-05-14","1",603,"GMCGG"
"BIOUG17842-G01","GMCGG654-14","GMP#00612","Arthropoda","Insecta","Hymenoptera","Braconidae","Microgastrinae","Pseudapanteles","Pseudapanteles carlosrodriguezi","BOLD:AAE8274","BSE Malaise Trap",10.8438,-85.6138,"2012-05-14","1",564,"GMCGG"
"BIOUG17842-G03","GMCGG656-14","GMP#00612","Arthropoda","Insecta","Hymenoptera","Braconidae","Microgastrinae","Dolichogenidea","Dolichogenidea Rodriguez197","BOLD:AAC8392","BSE Malaise Trap",10.8438,-85.6138,"2012-05-14","1",555,"GMCGG"
"BIOUG17842-G09","GMCGG662-14","GMP#00612","Arthropoda","Insecta","Hymenoptera","Braconidae","Microgastrinae","Apanteles","Apanteles lisabearssae","BOLD:AAC2117","BSE Malaise Trap",10.8438,-85.6138,"2012-05-14","1",579,"GMCGG"
"BIOUG17842-H02","GMCGG667-14","GMP#00612","Arthropoda","Insecta","Hymenoptera","Braconidae","Microgastrinae","Dolichogenidea","Dolichogenidea Rodriguez195","BOLD:AAM5088","BSE Malaise Trap",10.8438,-85.6138,"2012-05-14","1",555,"GMCGG"
"BIOUG17842-H05","GMCGG670-14","GMP#00612","Arthropoda","Insecta","Hymenoptera","Braconidae","Microgastrinae","Diolcogaster","Diolcogaster Choi84","BOLD:AAB0594","BSE Malaise Trap",10.8438,-85.6138,"2012-05-14","1",576,"GMCGG"
"BIOUG17842-H10","GMCGG675-14","GMP#00612","Arthropoda","Insecta","Hymenoptera","Braconidae","Microgastrinae","Glyptapanteles","Glyptapanteles philwardi","BOLD:AAE7160","BSE Malaise Trap",10.8438,-85.6138,"2012-05-14","1",579,"GMCGG"
"BIOUG17843-A02","GMCGG678-14","GMP#00612","Arthropoda","Insecta","Hymenoptera","Braconidae","Microgastrinae","Diolcogaster","Diolcogaster Choi62","BOLD:AAA7181","BSE Malaise Trap",10.8438,-85.6138,"2012-05-14","1",567,"GMCGG"
"BIOUG17843-A06","GMCGG682-14","GMP#00612","Arthropoda","Insecta","Hymenoptera","Braconidae","Microgastrinae","Diolcogaster","Diolcogaster Choi84","BOLD:AAB0594","BSE Malaise Trap",10.8438,-85.6138,"2012-05-14","1",603,"GMCGG"
"BIOUG17843-A12","GMCGG688-14","GMP#00612","Arthropoda","Insecta","Hymenoptera","Braconidae","Microgastrinae","Diolcogaster","Diolcogaster Choi84","BOLD:AAB0594","BSE Malaise Trap",10.8438,-85.6138,"2012-05-14","1",576,"GMCGG"
"BIOUG17843-B08","GMCGG696-14","GMP#00612","Arthropoda","Insecta","Hymenoptera","Braconidae","Microgastrinae","Pseudapanteles","Pseudapanteles carlosrodriguezi","BOLD:AAE8274","BSE Malaise Trap",10.8438,-85.6138,"2012-05-14","1",576,"GMCGG"
"BIOUG17843-B11","GMCGG699-14","GMP#00612","Arthropoda","Insecta","Hymenoptera","Braconidae","Microgastrinae","Dolichogenidea","Dolichogenidea Rodriguez195","BOLD:AAM5088","BSE Malaise Trap",10.8438,-85.6138,"2012-05-14","1",543,"GMCGG"
"BIOUG17843-C03","GMCGG703-14","GMP#00612","Arthropoda","Insecta","Hymenoptera","Braconidae","Microgastrinae","Apanteles","Apanteles lisabearssae","BOLD:AAC2117","BSE Malaise Trap",10.8438,-85.6138,"2012-05-14","1",585,"GMCGG"
"BIOUG17843-C04","GMCGG704-14","GMP#00612","Arthropoda","Insecta","Hymenoptera","Braconidae","Microgastrinae","Apanteles","Apanteles lisabearssae","BOLD:AAC2117","BSE Malaise Trap",10.8438,-85.6138,"2012-05-14","1",594,"GMCGG"
"BIOUG17843-C09","GMCGG709-14","GMP#00612","Arthropoda","Insecta","Hymenoptera","Braconidae","Microgastrinae","Snellenius","Snellenius warrenwagneri","BOLD:AAC6165","BSE Malaise Trap",10.8438,-85.6138,"2012-05-14","1",594,"GMCGG"
"BIOUG17843-D08","GMCGG720-14","GMP#00612","Arthropoda","Insecta","Hymenoptera","Braconidae","Microgastrinae","Apanteles","Apanteles eduardoramirezi","BOLD:AAA4554","BSE Malaise Trap",10.8438,-85.6138,"2012-05-14","1",576,"GMCGG"
"BIOUG17843-D11","GMCGG723-14","GMP#00612","Arthropoda","Insecta","Hymenoptera","Braconidae","Microgastrinae","Pseudapanteles","Pseudapanteles Janzen86","BOLD:ACL4489","BSE Malaise Trap",10.8438,-85.6138,"2012-05-14","1",600,"GMCGG"
"BIOUG17843-E09","GMCGG733-14","GMP#00612","Arthropoda","Insecta","Hymenoptera","Braconidae","Microgastrinae","Apanteles","Apanteles lisabearssae","BOLD:AAC2117","BSE Malaise Trap",10.8438,-85.6138,"2012-05-14","1",594,"GMCGG"
"BIOUG17843-F03","GMCGG739-14","GMP#00612","Arthropoda","Insecta","Hymenoptera","Braconidae","Microgastrinae","Dolichogenidea","Dolichogenidea Rodriguez195","BOLD:AAM5088","BSE Malaise Trap",10.8438,-85.6138,"2012-05-14","1",546,"GMCGG"
"BIOUG17843-F12","GMCGG748-14","GMP#00612","Arthropoda","Insecta","Hymenoptera","Braconidae","Microgastrinae","Apanteles","Apanteles eduardoramirezi","BOLD:AAA4554","BSE Malaise Trap",10.8438,-85.6138,"2012-05-14","1",588,"GMCGG"
"BIOUG17843-G04","GMCGG752-14","GMP#00612","Arthropoda","Insecta","Hymenoptera","Braconidae","Microgastrinae","Apanteles","Apanteles oscarchavezi","BOLD:AAN7915","BSE Malaise Trap",10.8438,-85.6138,"2012-05-14","1",588,"GMCGG"
"BIOUG18748-F12","GMCII1003-15","GMP#00614","Arthropoda","Insecta","Hymenoptera","Braconidae","Microgastrinae","Dolichogenidea","Dolichogenidea Rodriguez145","BOLD:AAB9372","BSE Malaise Trap",10.8438,-85.6138,"2012-05-28","1",540,"GMCII"
"BIOUG18748-G04","GMCII1007-15","GMP#00614","Arthropoda","Insecta","Hymenoptera","Braconidae","Microgastrinae","Rhygoplitis","Rhygoplitis Whitfield01","BOLD:AAC0735","BSE Malaise Trap",10.8438,-85.6138,"2012-05-28","1",600,"GMCII"
"BIOUG18748-G12","GMCII1015-15","GMP#00614","Arthropoda","Insecta","Hymenoptera","Braconidae","Microgastrinae","Apanteles","Apanteles oscarchavezi","BOLD:AAN7915","BSE Malaise Trap",10.8438,-85.6138,"2012-05-28","1",537,"GMCII"
"BIOUG18748-H01","GMCII1016-15","GMP#00614","Arthropoda","Insecta","Hymenoptera","Braconidae","Microgastrinae","Parapanteles","Parapanteles Whitfield300","BOLD:AAK1628","BSE Malaise Trap",10.8438,-85.6138,"2012-05-28","1",588,"GMCII"
"BIOUG18748-H08","GMCII1023-15","GMP#00614","Arthropoda","Insecta","Hymenoptera","Braconidae","Microgastrinae","Rhygoplitis","Rhygoplitis Whitfield01","BOLD:AAC0735","BSE Malaise Trap",10.8438,-85.6138,"2012-05-28","1",594,"GMCII"
"BIOUG18749-A02","GMCII1028-15","GMP#00614","Arthropoda","Insecta","Hymenoptera","Braconidae","Microgastrinae","Apanteles","Apanteles lisabearssae","BOLD:AAC2117","BSE Malaise Trap",10.8438,-85.6138,"2012-05-28","1",582,"GMCII"
"BIOUG18749-A03","GMCII1029-15","GMP#00614","Arthropoda","Insecta","Hymenoptera","Braconidae","Microgastrinae","Diolcogaster","Diolcogaster Choi84","BOLD:AAB0594","BSE Malaise Trap",10.8438,-85.6138,"2012-05-28","1",594,"GMCII"
"BIOUG18749-A06","GMCII1032-15","GMP#00614","Arthropoda","Insecta","Hymenoptera","Braconidae","Microgastrinae","Rhygoplitis","Rhygoplitis Whitfield01","BOLD:AAC0735","BSE Malaise Trap",10.8438,-85.6138,"2012-05-28","1",588,"GMCII"
"BIOUG18749-B09","GMCII1047-15","GMP#00614","Arthropoda","Insecta","Hymenoptera","Braconidae","Microgastrinae","Pseudapanteles","Pseudapanteles carlosrodriguezi","BOLD:AAE8274","BSE Malaise Trap",10.8438,-85.6138,"2012-05-28","1",579,"GMCII"
"BIOUG18749-B12","GMCII1050-15","GMP#00614","Arthropoda","Insecta","Hymenoptera","Braconidae","Microgastrinae","Snellenius","Snellenius lucindamcdadeae","BOLD:AAD3624","BSE Malaise Trap",10.8438,-85.6138,"2012-05-28","1",543,"GMCII"
"BIOUG18749-D12","GMCII1074-15","GMP#00614","Arthropoda","Insecta","Hymenoptera","Braconidae","Microgastrinae","Apanteles","Apanteles eduardoramirezi","BOLD:AAA4554","BSE Malaise Trap",10.8438,-85.6138,"2012-05-28","1",537,"GMCII"
"BIOUG18749-E06","GMCII1080-15","GMP#00614","Arthropoda","Insecta","Hymenoptera","Braconidae","Microgastrinae","Rhygoplitis","Rhygoplitis Whitfield01","BOLD:AAC0735","BSE Malaise Trap",10.8438,-85.6138,"2012-05-28","1",600,"GMCII"
"BIOUG18749-E10","GMCII1084-15","GMP#00614","Arthropoda","Insecta","Hymenoptera","Braconidae","Microgastrinae","Diolcogaster","Diolcogaster Choi84","BOLD:AAB0594","BSE Malaise Trap",10.8438,-85.6138,"2012-05-28","1",579,"GMCII"
"BIOUG18749-F04","GMCII1090-15","GMP#00614","Arthropoda","Insecta","Hymenoptera","Braconidae","Microgastrinae","Diolcogaster","Diolcogaster Choi84","BOLD:AAB0594","BSE Malaise Trap",10.8438,-85.6138,"2012-05-28","1",600,"GMCII"
"BIOUG18749-F09","GMCII1095-15","GMP#00614","Arthropoda","Insecta","Hymenoptera","Braconidae","Microgastrinae","Apanteles","Apanteles eduardoramirezi","BOLD:AAA4554","BSE Malaise Trap",10.8438,-85.6138,"2012-05-28","1",570,"GMCII"
"BIOUG18764-F10","GMCII1286-15","GMP#00614","Arthropoda","Insecta","Hymenoptera","Braconidae","Microgastrinae","Alphomelon","Alphomelon andydeansi","BOLD:ADJ6568","BSE Malaise Trap",10.8438,-85.6138,"2012-05-28","1",588,"GMCII"
"BIOUG18700-E03","GMCII317-15","GMP#00614","Arthropoda","Insecta","Hymenoptera","Braconidae","Microgastrinae","Rhygoplitis","Rhygoplitis Whitfield01","BOLD:AAC0735","BSE Malaise Trap",10.8438,-85.6138,"2012-05-28","1",588,"GMCII"
"BIOUG18700-E09","GMCII323-15","GMP#00614","Arthropoda","Insecta","Hymenoptera","Braconidae","Microgastrinae","Apanteles","Apanteles oscarchavezi","BOLD:AAN7915","BSE Malaise Trap",10.8438,-85.6138,"2012-05-28","1",588,"GMCII"
"BIOUG18700-G11","GMCII349-15","GMP#00614","Arthropoda","Insecta","Hymenoptera","Braconidae","Microgastrinae","Rhygoplitis","Rhygoplitis Whitfield01","BOLD:AAC0735","BSE Malaise Trap",10.8438,-85.6138,"2012-05-28","1",582,"GMCII"
"BIOUG18748-A01","GMCII932-15","GMP#00614","Arthropoda","Insecta","Hymenoptera","Braconidae","Microgastrinae","Rhygoplitis","Rhygoplitis Whitfield01","BOLD:AAC0735","BSE Malaise Trap",10.8438,-85.6138,"2012-05-28","1",600,"GMCII"
"BIOUG18748-A11","GMCII942-15","GMP#00614","Arthropoda","Insecta","Hymenoptera","Braconidae","Microgastrinae","Pseudapanteles","Pseudapanteles carlosrodriguezi","BOLD:AAE8274","BSE Malaise Trap",10.8438,-85.6138,"2012-05-28","1",540,"GMCII"
"BIOUG18748-B04","GMCII947-15","GMP#00614","Arthropoda","Insecta","Hymenoptera","Braconidae","Microgastrinae","Rhygoplitis","Rhygoplitis Whitfield01","BOLD:AAC0735","BSE Malaise Trap",10.8438,-85.6138,"2012-05-28","1",588,"GMCII"
"BIOUG18748-B06","GMCII949-15","GMP#00614","Arthropoda","Insecta","Hymenoptera","Braconidae","Microgastrinae","Diolcogaster","Diolcogaster Choi84","BOLD:AAB0594","BSE Malaise Trap",10.8438,-85.6138,"2012-05-28","1",558,"GMCII"
"BIOUG18748-C01","GMCII956-15","GMP#00614","Arthropoda","Insecta","Hymenoptera","Braconidae","Microgastrinae","Pseudapanteles","Pseudapanteles carlosrodriguezi","BOLD:AAE8274","BSE Malaise Trap",10.8438,-85.6138,"2012-05-28","1",588,"GMCII"
"BIOUG18748-C04","GMCII959-15","GMP#00614","Arthropoda","Insecta","Hymenoptera","Braconidae","Microgastrinae","Rhygoplitis","Rhygoplitis Whitfield01","BOLD:AAC0735","BSE Malaise Trap",10.8438,-85.6138,"2012-05-28","1",600,"GMCII"
"BIOUG18748-D03","GMCII970-15","GMP#00614","Arthropoda","Insecta","Hymenoptera","Braconidae","Microgastrinae","Rhygoplitis","Rhygoplitis Whitfield01","BOLD:AAC0735","BSE Malaise Trap",10.8438,-85.6138,"2012-05-28","1",588,"GMCII"
"BIOUG18748-D04","GMCII971-15","GMP#00614","Arthropoda","Insecta","Hymenoptera","Braconidae","Microgastrinae","Apanteles","Apanteles lisabearssae","BOLD:AAC2117","BSE Malaise Trap",10.8438,-85.6138,"2012-05-28","1",588,"GMCII"
"BIOUG18748-D05","GMCII972-15","GMP#00614","Arthropoda","Insecta","Hymenoptera","Braconidae","Microgastrinae","Rhygoplitis","Rhygoplitis Whitfield01","BOLD:AAC0735","BSE Malaise Trap",10.8438,-85.6138,"2012-05-28","1",588,"GMCII"
"BIOUG18748-D06","GMCII973-15","GMP#00614","Arthropoda","Insecta","Hymenoptera","Braconidae","Microgastrinae","Rhygoplitis","Rhygoplitis Whitfield01","BOLD:AAC0735","BSE Malaise Trap",10.8438,-85.6138,"2012-05-28","1",588,"GMCII"
"BIOUG18748-E02","GMCII981-15","GMP#00614","Arthropoda","Insecta","Hymenoptera","Braconidae","Microgastrinae","Rhygoplitis","Rhygoplitis Whitfield01","BOLD:AAC0735","BSE Malaise Trap",10.8438,-85.6138,"2012-05-28","1",594,"GMCII"
"BIOUG18748-E05","GMCII984-15","GMP#00614","Arthropoda","Insecta","Hymenoptera","Braconidae","Microgastrinae","Dolichogenidea","Dolichogenidea Rodriguez197","BOLD:AAC8392","BSE Malaise Trap",10.8438,-85.6138,"2012-05-28","1",567,"GMCII"
"BIOUG18748-E10","GMCII989-15","GMP#00614","Arthropoda","Insecta","Hymenoptera","Braconidae","Microgastrinae","Rhygoplitis","Rhygoplitis Whitfield01","BOLD:AAC0735","BSE Malaise Trap",10.8438,-85.6138,"2012-05-28","1",582,"GMCII"
"BIOUG17969-G01","GMCJJ1056-14","GMP#00616","Arthropoda","Insecta","Hymenoptera","Braconidae","Microgastrinae","Snellenius","Snellenius lucindamcdadeae","BOLD:AAD3624","BSE Malaise Trap",10.8438,-85.6138,"2012-06-11","1",600,"GMCJJ"
"BIOUG17969-H02","GMCJJ1069-14","GMP#00616","Arthropoda","Insecta","Hymenoptera","Braconidae","Microgastrinae","Rhygoplitis","Rhygoplitis Whitfield01","BOLD:AAC0735","BSE Malaise Trap",10.8438,-85.6138,"2012-06-11","1",588,"GMCJJ"
"BIOUG17969-H06","GMCJJ1073-14","GMP#00616","Arthropoda","Insecta","Hymenoptera","Braconidae","Microgastrinae","Snellenius","Snellenius Malaise8256","BOLD:ACR8256","BSE Malaise Trap",10.8438,-85.6138,"2012-06-11","1",582,"GMCJJ"
"BIOUG18005-A05","GMCJJ1650-14","GMP#00616","Arthropoda","Insecta","Hymenoptera","Braconidae","Microgastrinae","Rhygoplitis","Rhygoplitis Whitfield01","BOLD:AAC0735","BSE Malaise Trap",10.8438,-85.6138,"2012-06-11","1",603,"GMCJJ"
"BIOUG18005-B07","GMCJJ1664-14","GMP#00616","Arthropoda","Insecta","Hymenoptera","Braconidae","Microgastrinae","Snellenius","Snellenius lucindamcdadeae","BOLD:AAD3624","BSE Malaise Trap",10.8438,-85.6138,"2012-06-11","1",588,"GMCJJ"
"BIOUG18005-B10","GMCJJ1667-14","GMP#00616","Arthropoda","Insecta","Hymenoptera","Braconidae","Microgastrinae","Snellenius","Snellenius lucindamcdadeae","BOLD:AAD3624","BSE Malaise Trap",10.8438,-85.6138,"2012-06-11","1",594,"GMCJJ"
"BIOUG17967-A02","GMCJJ795-14","GMP#00616","Arthropoda","Insecta","Hymenoptera","Braconidae","Microgastrinae","Rhygoplitis","Rhygoplitis Whitfield01","BOLD:AAC0735","BSE Malaise Trap",10.8438,-85.6138,"2012-06-11","1",591,"GMCJJ"
"BIOUG17967-A09","GMCJJ802-14","GMP#00616","Arthropoda","Insecta","Hymenoptera","Braconidae","Microgastrinae","Apanteles","Apanteles eduardoramirezi","BOLD:AAA4554","BSE Malaise Trap",10.8438,-85.6138,"2012-06-11","1",594,"GMCJJ"
"BIOUG17967-A10","GMCJJ803-14","GMP#00616","Arthropoda","Insecta","Hymenoptera","Braconidae","Microgastrinae","Rhygoplitis","Rhygoplitis Whitfield01","BOLD:AAC0735","BSE Malaise Trap",10.8438,-85.6138,"2012-06-11","1",600,"GMCJJ"
"BIOUG17967-C03","GMCJJ820-14","GMP#00616","Arthropoda","Insecta","Hymenoptera","Braconidae","Microgastrinae","Rhygoplitis","Rhygoplitis Whitfield01","BOLD:AAC0735","BSE Malaise Trap",10.8438,-85.6138,"2012-06-11","1",585,"GMCJJ"
"BIOUG17967-C06","GMCJJ823-14","GMP#00616","Arthropoda","Insecta","Hymenoptera","Braconidae","Microgastrinae","Snellenius","Snellenius lucindamcdadeae","BOLD:AAD3624","BSE Malaise Trap",10.8438,-85.6138,"2012-06-11","1",588,"GMCJJ"
"BIOUG17967-D05","GMCJJ834-14","GMP#00616","Arthropoda","Insecta","Hymenoptera","Braconidae","Microgastrinae","Snellenius","Snellenius lucindamcdadeae","BOLD:AAD3624","BSE Malaise Trap",10.8438,-85.6138,"2012-06-11","1",594,"GMCJJ"
"BIOUG17967-E09","GMCJJ850-14","GMP#00616","Arthropoda","Insecta","Hymenoptera","Braconidae","Microgastrinae","Rhygoplitis","Rhygoplitis Whitfield01","BOLD:AAC0735","BSE Malaise Trap",10.8438,-85.6138,"2012-06-11","1",585,"GMCJJ"
"BIOUG17967-E10","GMCJJ851-14","GMP#00616","Arthropoda","Insecta","Hymenoptera","Braconidae","Microgastrinae","Rhygoplitis","Rhygoplitis Whitfield01","BOLD:AAC0735","BSE Malaise Trap",10.8438,-85.6138,"2012-06-11","1",600,"GMCJJ"
"BIOUG17967-F02","GMCJJ855-14","GMP#00616","Arthropoda","Insecta","Hymenoptera","Braconidae","Microgastrinae","Rhygoplitis","Rhygoplitis Whitfield01","BOLD:AAC0735","BSE Malaise Trap",10.8438,-85.6138,"2012-06-11","1",594,"GMCJJ"
"BIOUG17967-F12","GMCJJ865-14","GMP#00616","Arthropoda","Insecta","Hymenoptera","Braconidae","Microgastrinae","Dolichogenidea","Dolichogenidea Janzen117","BOLD:AAD9699","BSE Malaise Trap",10.8438,-85.6138,"2012-06-11","1",594,"GMCJJ"
"BIOUG17967-H03","GMCJJ880-14","GMP#00616","Arthropoda","Insecta","Hymenoptera","Braconidae","Microgastrinae","Rhygoplitis","Rhygoplitis Whitfield01","BOLD:AAC0735","BSE Malaise Trap",10.8438,-85.6138,"2012-06-11","1",600,"GMCJJ"
"BIOUG17969-A01","GMCJJ984-14","GMP#00616","Arthropoda","Insecta","Hymenoptera","Braconidae","Microgastrinae","Rhygoplitis","Rhygoplitis Whitfield01","BOLD:AAC0735","BSE Malaise Trap",10.8438,-85.6138,"2012-06-11","1",594,"GMCJJ"
"BIOUG17969-A09","GMCJJ992-14","GMP#00616","Arthropoda","Insecta","Hymenoptera","Braconidae","Microgastrinae","Snellenius","Snellenius lucindamcdadeae","BOLD:AAD3624","BSE Malaise Trap",10.8438,-85.6138,"2012-06-11","1",576,"GMCJJ"
"BIOUG17969-B04","GMCJJ999-14","GMP#00616","Arthropoda","Insecta","Hymenoptera","Braconidae","Microgastrinae","Snellenius","Snellenius lucindamcdadeae","BOLD:AAD3624","BSE Malaise Trap",10.8438,-85.6138,"2012-06-11","1",573,"GMCJJ"
"BIOUG17530-C03","GMCKK313-14","GMP#00660","Arthropoda","Insecta","Hymenoptera","Braconidae","Microgastrinae","Apanteles","Apanteles raulacevedoi","BOLD:ABX5812","BSE Malaise Trap",10.8438,-85.6138,"2012-08-13","1",582,"GMCKK"
"BIOUG17530-C05","GMCKK315-14","GMP#00660","Arthropoda","Insecta","Hymenoptera","Braconidae","Microgastrinae","Apanteles","Apanteles eduardoramirezi","BOLD:AAA4554","BSE Malaise Trap",10.8438,-85.6138,"2012-08-13","1",564,"GMCKK"
"BIOUG17530-D05","GMCKK327-14","GMP#00660","Arthropoda","Insecta","Hymenoptera","Braconidae","Microgastrinae","Apanteles","Apanteles eduardoramirezi","BOLD:AAA4554","BSE Malaise Trap",10.8438,-85.6138,"2012-08-13","1",585,"GMCKK"
"BIOUG17530-D08","GMCKK330-14","GMP#00660","Arthropoda","Insecta","Hymenoptera","Braconidae","Microgastrinae","Dolichogenidea","Dolichogenidea Janzen117","BOLD:AAD9699","BSE Malaise Trap",10.8438,-85.6138,"2012-08-13","1",576,"GMCKK"
"BIOUG17530-D12","GMCKK334-14","GMP#00660","Arthropoda","Insecta","Hymenoptera","Braconidae","Microgastrinae","Rhygoplitis","Rhygoplitis Whitfield01","BOLD:AAC0735","BSE Malaise Trap",10.8438,-85.6138,"2012-08-13","1",600,"GMCKK"
"BIOUG17530-E02","GMCKK336-14","GMP#00660","Arthropoda","Insecta","Hymenoptera","Braconidae","Microgastrinae","Dolichogenidea","Dolichogenidea Janzen117","BOLD:AAD9699","BSE Malaise Trap",10.8438,-85.6138,"2012-08-13","1",594,"GMCKK"
"BIOUG17530-E05","GMCKK339-14","GMP#00660","Arthropoda","Insecta","Hymenoptera","Braconidae","Microgastrinae","Dolichogenidea","Dolichogenidea Rodriguez195","BOLD:AAM5088","BSE Malaise Trap",10.8438,-85.6138,"2012-08-13","1",588,"GMCKK"
"BIOUG17530-F01","GMCKK347-14","GMP#00660","Arthropoda","Insecta","Hymenoptera","Braconidae","Microgastrinae","Alphomelon","Alphomelon andydeansi","BOLD:ADJ6568","BSE Malaise Trap",10.8438,-85.6138,"2012-08-13","1",588,"GMCKK"
"BIOUG17530-G08","GMCKK366-14","GMP#00660","Arthropoda","Insecta","Hymenoptera","Braconidae","Microgastrinae","Apanteles","Apanteles eduardoramirezi","BOLD:AAA4554","BSE Malaise Trap",10.8438,-85.6138,"2012-08-13","1",591,"GMCKK"
"BIOUG17530-G11","GMCKK369-14","GMP#00660","Arthropoda","Insecta","Hymenoptera","Braconidae","Microgastrinae","Apanteles","Apanteles eduardoramirezi","BOLD:AAA4554","BSE Malaise Trap",10.8438,-85.6138,"2012-08-13","1",573,"GMCKK"
"BIOUG17494-B01","GMCLL580-14","GMP#00662","Arthropoda","Insecta","Hymenoptera","Braconidae","Microgastrinae","Apanteles","Apanteles eduardoramirezi","BOLD:AAA4554","BSE Malaise Trap",10.8438,-85.6138,"2012-08-27","1",618,"GMCLL"
"BIOUG17494-B02","GMCLL581-14","GMP#00662","Arthropoda","Insecta","Hymenoptera","Braconidae","Microgastrinae","Pseudapanteles","Pseudapanteles rosemarykarpinskiae","BOLD:AAB2826","BSE Malaise Trap",10.8438,-85.6138,"2012-08-27","1",609,"GMCLL"
"BIOUG17494-B09","GMCLL588-14","GMP#00662","Arthropoda","Insecta","Hymenoptera","Braconidae","Microgastrinae","Apanteles","Apanteles eduardoramirezi","BOLD:AAA4554","BSE Malaise Trap",10.8438,-85.6138,"2012-08-27","1",609,"GMCLL"
"BIOUG17494-D04","GMCLL607-14","GMP#00662","Arthropoda","Insecta","Hymenoptera","Braconidae","Microgastrinae","Rhygoplitis","Rhygoplitis Whitfield01","BOLD:AAC0735","BSE Malaise Trap",10.8438,-85.6138,"2012-08-27","1",615,"GMCLL"
"BIOUG17494-D06","GMCLL609-14","GMP#00662","Arthropoda","Insecta","Hymenoptera","Braconidae","Microgastrinae","Rhygoplitis","Rhygoplitis Whitfield01","BOLD:AAC0735","BSE Malaise Trap",10.8438,-85.6138,"2012-08-27","1",609,"GMCLL"
"BIOUG17494-D11","GMCLL614-14","GMP#00662","Arthropoda","Insecta","Hymenoptera","Braconidae","Microgastrinae","Rhygoplitis","Rhygoplitis Whitfield01","BOLD:AAC0735","BSE Malaise Trap",10.8438,-85.6138,"2012-08-27","1",609,"GMCLL"
"BIOUG17494-E03","GMCLL618-14","GMP#00662","Arthropoda","Insecta","Hymenoptera","Braconidae","Microgastrinae","Glyptapanteles","Glyptapanteles pamitchellae","BOLD:AAA3934","BSE Malaise Trap",10.8438,-85.6138,"2012-08-27","1",603,"GMCLL"
"BIOUG17494-E11","GMCLL626-14","GMP#00662","Arthropoda","Insecta","Hymenoptera","Braconidae","Microgastrinae","Pseudapanteles","Pseudapanteles rosemarykarpinskiae","BOLD:AAB2826","BSE Malaise Trap",10.8438,-85.6138,"2012-08-27","1",606,"GMCLL"
"BIOUG70039-A02","GMCNA12829-21","GMP#28348","Arthropoda","Insecta","Hymenoptera","Braconidae","Microgastrinae","Pseudapanteles","Pseudapanteles soniapicadoae","BOLD:AAX8739","Malaise trap BSE-B",10.844,-85.614,"2020-02-20","1",651,"GMCNA"
"BIOUG70039-A07","GMCNA12834-21","GMP#28348","Arthropoda","Insecta","Hymenoptera","Braconidae","Microgastrinae","Glyptapanteles","Glyptapanteles pamitchellae","BOLD:AAA3934","Malaise trap BSE-B",10.844,-85.614,"2020-02-20","1",652,"GMCNA"
"BIOUG70039-B12","GMCNA12851-21","GMP#28348","Arthropoda","Insecta","Hymenoptera","Braconidae","Microgastrinae","Apanteles","Apanteles oscarchavezi","BOLD:AAN7915","Malaise trap BSE-B",10.844,-85.614,"2020-02-20","1",653,"GMCNA"
"BIOUG70039-C08","GMCNA12859-21","GMP#28348","Arthropoda","Insecta","Hymenoptera","Braconidae","Microgastrinae","Apanteles","Apanteles oscarchavezi","BOLD:AAN7915","Malaise trap BSE-B",10.844,-85.614,"2020-02-20","1",654,"GMCNA"
"BIOUG70039-D03","GMCNA12866-21","GMP#28348","Arthropoda","Insecta","Hymenoptera","Braconidae","Microgastrinae","Apanteles","Apanteles eduardoramirezi","BOLD:AAA4554","Malaise trap BSE-B",10.844,-85.614,"2020-02-20","1",653,"GMCNA"
"BIOUG70039-G10","GMCNA12909-21","GMP#28348","Arthropoda","Insecta","Hymenoptera","Braconidae","Microgastrinae","Diolcogaster","Diolcogaster Choi77","BOLD:AAB9863","Malaise trap BSE-B",10.844,-85.614,"2020-02-20","1",653,"GMCNA"
"BIOUG70039-H08","GMCNA12919-21","GMP#28348","Arthropoda","Insecta","Hymenoptera","Braconidae","Microgastrinae","Glyptapanteles","Glyptapanteles pamitchellae","BOLD:AAA3934","Malaise trap BSE-B",10.844,-85.614,"2020-02-20","1",653,"GMCNA"
"BIOUG70041-H01","GMCNA14326-21","GMP#28350","Arthropoda","Insecta","Hymenoptera","Braconidae","Microgastrinae","Diolcogaster","Diolcogaster Choi77","BOLD:AAB9863","Malaise trap BSE-B",10.844,-85.614,"2020-03-05","1",654,"GMCNA"
"BIOUG70041-H11","GMCNA14336-21","GMP#28350","Arthropoda","Insecta","Hymenoptera","Braconidae","Microgastrinae","Apanteles","Apanteles eduardoramirezi","BOLD:AAA4554","Malaise trap BSE-B",10.844,-85.614,"2020-03-05","1",654,"GMCNA"
"BIOUG68785-A01","GMCNA15148-21","GMP#28381","Arthropoda","Insecta","Hymenoptera","Braconidae","Microgastrinae","Alphomelon","Alphomelon xestopyga","BOLD:AAA1634","Malaise trap BSE-B",10.844,-85.614,"2019-10-24","1",654,"GMCNA"
"BIOUG68785-A09","GMCNA15156-21","GMP#28381","Arthropoda","Insecta","Hymenoptera","Braconidae","Microgastrinae","Dolichogenidea","Dolichogenidea Janzen117","BOLD:AAD9699","Malaise trap BSE-B",10.844,-85.614,"2019-10-24","1",654,"GMCNA"
"BIOUG68785-C11","GMCNA15182-21","GMP#28381","Arthropoda","Insecta","Hymenoptera","Braconidae","Microgastrinae","Pseudapanteles","Pseudapanteles alfiopivai","BOLD:AAF6107","Malaise trap BSE-B",10.844,-85.614,"2019-10-24","1",654,"GMCNA"
"BIOUG68785-D06","GMCNA15189-21","GMP#28381","Arthropoda","Insecta","Hymenoptera","Braconidae","Microgastrinae","Alphomelon","Alphomelon andydeansi","BOLD:ADJ6568","Malaise trap BSE-B",10.844,-85.614,"2019-10-24","1",654,"GMCNA"
"BIOUG68411-A03","GMCNA16210-21","GMP#28344","Arthropoda","Insecta","Hymenoptera","Braconidae","Microgastrinae","Dolichogenidea","Dolichogenidea Rodriguez195","BOLD:AAM5088","Malaise trap BSE-B",10.844,-85.614,"2020-01-16","1",654,"GMCNA"
"BIOUG68411-A11","GMCNA16218-21","GMP#28344","Arthropoda","Insecta","Hymenoptera","Braconidae","Microgastrinae","Hypomicrogaster","Hypomicrogaster Malaise2620","BOLD:ACK2620","Malaise trap BSE-B",10.844,-85.614,"2020-01-16","1",653,"GMCNA"
"BIOUG68411-B04","GMCNA16223-21","GMP#28344","Arthropoda","Insecta","Hymenoptera","Braconidae","Microgastrinae","Diolcogaster","Diolcogaster Choi77","BOLD:AAB9863","Malaise trap BSE-B",10.844,-85.614,"2020-01-16","1",654,"GMCNA"
"BIOUG68411-C08","GMCNA16239-21","GMP#28344","Arthropoda","Insecta","Hymenoptera","Braconidae","Microgastrinae","Apanteles","Apanteles eduardoramirezi","BOLD:AAA4554","Malaise trap BSE-B",10.844,-85.614,"2020-01-16","1",653,"GMCNA"
"BIOUG68411-D06","GMCNA16249-21","GMP#28344","Arthropoda","Insecta","Hymenoptera","Braconidae","Microgastrinae","Glyptapanteles","Glyptapanteles pamitchellae","BOLD:AAA3934","Malaise trap BSE-B",10.844,-85.614,"2020-01-16","1",654,"GMCNA"
"BIOUG68411-E07","GMCNA16262-21","GMP#28344","Arthropoda","Insecta","Hymenoptera","Braconidae","Microgastrinae","Promicrogaster","Promicrogaster Malaise8883","BOLD:AEL8883","Malaise trap BSE-B",10.844,-85.614,"2020-01-16","1",655,"GMCNA"
"BIOUG68411-E09","GMCNA16264-21","GMP#28344","Arthropoda","Insecta","Hymenoptera","Braconidae","Microgastrinae","Diolcogaster","Diolcogaster Choi77","BOLD:AAB9863","Malaise trap BSE-B",10.844,-85.614,"2020-01-16","1",653,"GMCNA"
"BIOUG68411-E11","GMCNA16266-21","GMP#28344","Arthropoda","Insecta","Hymenoptera","Braconidae","Microgastrinae","Apanteles","Apanteles eduardoramirezi","BOLD:AAA4554","Malaise trap BSE-B",10.844,-85.614,"2020-01-16","1",654,"GMCNA"
"BIOUG68411-F03","GMCNA16270-21","GMP#28344","Arthropoda","Insecta","Hymenoptera","Braconidae","Microgastrinae","Apanteles","Apanteles eduardoramirezi","BOLD:AAA4554","Malaise trap BSE-B",10.844,-85.614,"2020-01-16","1",654,"GMCNA"
"BIOUG68411-F05","GMCNA16272-21","GMP#28344","Arthropoda","Insecta","Hymenoptera","Braconidae","Microgastrinae","Apanteles","Apanteles eduardoramirezi","BOLD:AAA4554","Malaise trap BSE-B",10.844,-85.614,"2020-01-16","1",663,"GMCNA"
"BIOUG68418-D12","GMCNA16920-21","GMP#28347","Arthropoda","Insecta","Hymenoptera","Braconidae","Microgastrinae","Apanteles","Apanteles oscarchavezi","BOLD:AAN7915","Malaise trap BSE-B",10.844,-85.614,"2020-02-13","1",654,"GMCNA"
"BIOUG68424-G04","GMCNA17518-21","GMP#28351","Arthropoda","Insecta","Hymenoptera","Braconidae","Microgastrinae","Pseudapanteles","Pseudapanteles soniapicadoae","BOLD:AAX8739","Malaise trap BSE-B",10.844,-85.614,"2020-03-12","1",651,"GMCNA"
"BIOUG68424-H10","GMCNA17536-21","GMP#28351","Arthropoda","Insecta","Hymenoptera","Braconidae","Microgastrinae","Apanteles","Apanteles eduardoramirezi","BOLD:AAA4554","Malaise trap BSE-B",10.844,-85.614,"2020-03-12","1",656,"GMCNA"
"BIOUG68433-B06","GMCNA18315-21","GMP#28352","Arthropoda","Insecta","Hymenoptera","Braconidae","Microgastrinae","Pseudapanteles","Pseudapanteles soniapicadoae","BOLD:AAX8739","Malaise trap BSE-B",10.844,-85.614,"2020-03-19","1",653,"GMCNA"
"BIOUG68433-B10","GMCNA18319-21","GMP#28352","Arthropoda","Insecta","Hymenoptera","Braconidae","Microgastrinae","Pseudapanteles","Pseudapanteles soniapicadoae","BOLD:AAX8739","Malaise trap BSE-B",10.844,-85.614,"2020-03-19","1",652,"GMCNA"
"BIOUG68919-B12","GMCNA19137-21","GMP#28349","Arthropoda","Insecta","Hymenoptera","Braconidae","Microgastrinae","Diolcogaster","Diolcogaster Choi84","BOLD:AAB0594","Malaise trap BSE-B",10.844,-85.614,"2020-02-27","1",655,"GMCNA"
"BIOUG68919-D10","GMCNA19159-21","GMP#28349","Arthropoda","Insecta","Hymenoptera","Braconidae","Microgastrinae","Pseudapanteles","Pseudapanteles soniapicadoae","BOLD:AAX8739","Malaise trap BSE-B",10.844,-85.614,"2020-02-27","1",651,"GMCNA"
"BIOUG68919-E09","GMCNA19170-21","GMP#28349","Arthropoda","Insecta","Hymenoptera","Braconidae","Microgastrinae","Pseudapanteles","Pseudapanteles soniapicadoae","BOLD:AAX8739","Malaise trap BSE-B",10.844,-85.614,"2020-02-27","1",651,"GMCNA"
"BIOUG68926-F02","GMCNA19840-21","GMP#29908","Arthropoda","Insecta","Hymenoptera","Braconidae","Microgastrinae","Pseudapanteles","Pseudapanteles soniapicadoae","BOLD:AAX8739","Malaise trap BSE-B",10.844,-85.614,"2020-05-07","1",654,"GMCNA"
"BIOUG68929-E02","GMCNA20113-21","GMP#28366","Arthropoda","Insecta","Hymenoptera","Braconidae","Microgastrinae","Glyptapanteles","Glyptapanteles philwardi","BOLD:AAE7160","Malaise trap BSE-B",10.844,-85.614,"2020-07-09","1",655,"GMCNA"
"BIOUG70383-A06","GMCNA21306-21","GMP#28373","Arthropoda","Insecta","Hymenoptera","Braconidae","Microgastrinae","Apanteles","Apanteles eduardoramirezi","BOLD:AAA4554","Malaise trap BSE-B",10.844,-85.614,"2019-08-29","1",656,"GMCNA"
"BIOUG70383-A09","GMCNA21309-21","GMP#28373","Arthropoda","Insecta","Hymenoptera","Braconidae","Microgastrinae","Dolichogenidea","Dolichogenidea Rodriguez195","BOLD:AAM5088","Malaise trap BSE-B",10.844,-85.614,"2019-08-29","1",654,"GMCNA"
"BIOUG70383-B04","GMCNA21316-21","GMP#28373","Arthropoda","Insecta","Hymenoptera","Braconidae","Microgastrinae","Apanteles","Apanteles eduardoramirezi","BOLD:AAA4554","Malaise trap BSE-B",10.844,-85.614,"2019-08-29","1",652,"GMCNA"
"BIOUG70383-B05","GMCNA21317-21","GMP#28373","Arthropoda","Insecta","Hymenoptera","Braconidae","Microgastrinae","Apanteles","Apanteles eduardoramirezi","BOLD:AAA4554","Malaise trap BSE-B",10.844,-85.614,"2019-08-29","1",654,"GMCNA"
"BIOUG70383-D03","GMCNA21339-21","GMP#28373","Arthropoda","Insecta","Hymenoptera","Braconidae","Microgastrinae","Dolichogenidea","Dolichogenidea Janzen117","BOLD:AAD9699","Malaise trap BSE-B",10.844,-85.614,"2019-08-29","1",653,"GMCNA"
"BIOUG70383-D08","GMCNA21344-21","GMP#28373","Arthropoda","Insecta","Hymenoptera","Braconidae","Microgastrinae","Dolichogenidea","Dolichogenidea Rodriguez195","BOLD:AAM5088","Malaise trap BSE-B",10.844,-85.614,"2019-08-29","1",655,"GMCNA"
"BIOUG70383-E02","GMCNA21350-21","GMP#28373","Arthropoda","Insecta","Hymenoptera","Braconidae","Microgastrinae","Dolichogenidea","Dolichogenidea Rodriguez195","BOLD:AAM5088","Malaise trap BSE-B",10.844,-85.614,"2019-08-29","1",653,"GMCNA"
"BIOUG70383-F02","GMCNA21362-21","GMP#28373","Arthropoda","Insecta","Hymenoptera","Braconidae","Microgastrinae","Apanteles","Apanteles eduardoramirezi","BOLD:AAA4554","Malaise trap BSE-B",10.844,-85.614,"2019-08-29","1",653,"GMCNA"
"BIOUG70384-A06","GMCNA21401-21","GMP#28373","Arthropoda","Insecta","Hymenoptera","Braconidae","Microgastrinae","mgMalaise160","mgMalaise160 Malaise4282","BOLD:AEM4282","Malaise trap BSE-B",10.844,-85.614,"2019-08-29","1",657,"GMCNA"
"BIOUG68716-B06","GMCNA2226-21","GMP#28379","Arthropoda","Insecta","Hymenoptera","Braconidae","Microgastrinae","Dolichogenidea","Dolichogenidea Janzen117","BOLD:AAD9699","Malaise trap BSE-B",10.844,-85.614,"2019-10-10","1",654,"GMCNA"
"BIOUG68716-B08","GMCNA2228-21","GMP#28379","Arthropoda","Insecta","Hymenoptera","Braconidae","Microgastrinae","Glyptapanteles","Glyptapanteles robbinthorpiDHJ01","BOLD:AAM5230","Malaise trap BSE-B",10.844,-85.614,"2019-10-10","1",653,"GMCNA"
"BIOUG68716-D06","GMCNA2250-21","GMP#28379","Arthropoda","Insecta","Hymenoptera","Braconidae","Microgastrinae","Glyptapanteles","Glyptapanteles pamitchellae","BOLD:AAA3934","Malaise trap BSE-B",10.844,-85.614,"2019-10-10","1",653,"GMCNA"
"BIOUG68716-D11","GMCNA2255-21","GMP#28379","Arthropoda","Insecta","Hymenoptera","Braconidae","Microgastrinae","Dolichogenidea","Dolichogenidea Rodriguez195","BOLD:AAM5088","Malaise trap BSE-B",10.844,-85.614,"2019-10-10","1",652,"GMCNA"
"BIOUG68716-E09","GMCNA2265-21","GMP#28379","Arthropoda","Insecta","Hymenoptera","Braconidae","Microgastrinae","Apanteles","Apanteles josediazi","BOLD:AAK1654","Malaise trap BSE-B",10.844,-85.614,"2019-10-10","1",653,"GMCNA"
"BIOUG68716-E11","GMCNA2267-21","GMP#28379","Arthropoda","Insecta","Hymenoptera","Braconidae","Microgastrinae","Dolichogenidea","Dolichogenidea Malaise3644","BOLD:AEM3644","Malaise trap BSE-B",10.844,-85.614,"2019-10-10","1",654,"GMCNA"
"BIOUG68716-E12","GMCNA2268-21","GMP#28379","Arthropoda","Insecta","Hymenoptera","Braconidae","Microgastrinae","Alphomelon","Alphomelon andydeansi","BOLD:ADJ6568","Malaise trap BSE-B",10.844,-85.614,"2019-10-10","1",651,"GMCNA"
"BIOUG68789-F05","GMCNA24895-21","GMP#28381","Arthropoda","Insecta","Hymenoptera","Braconidae","Microgastrinae","Rhygoplitis","Rhygoplitis Whitfield01","BOLD:AAC0735","Malaise trap BSE-B",10.844,-85.614,"2019-10-24","1",663,"GMCNA"
"BIOUG70720-A01","GMCNA27878-21","GMP#28382","Arthropoda","Insecta","Hymenoptera","Braconidae","Microgastrinae","Hypomicrogaster","Hypomicrogaster OVRGDHJ06","BOLD:ABX5732","Malaise trap BSE-B",10.844,-85.614,"2019-10-31","1",653,"GMCNA"
"BIOUG70720-A06","GMCNA27883-21","GMP#28382","Arthropoda","Insecta","Hymenoptera","Braconidae","Microgastrinae","Dolichogenidea","Dolichogenidea Malaise3644","BOLD:AEM3644","Malaise trap BSE-B",10.844,-85.614,"2019-10-31","1",654,"GMCNA"
"BIOUG70720-B03","GMCNA27892-21","GMP#28382","Arthropoda","Insecta","Hymenoptera","Braconidae","Microgastrinae","Apanteles","Apanteles raulacevedoi","BOLD:ABX5812","Malaise trap BSE-B",10.844,-85.614,"2019-10-31","1",655,"GMCNA"
"BIOUG70720-B06","GMCNA27895-21","GMP#28382","Arthropoda","Insecta","Hymenoptera","Braconidae","Microgastrinae","Glyptapanteles","Glyptapanteles pamitchellae","BOLD:AAA3934","Malaise trap BSE-B",10.844,-85.614,"2019-10-31","1",654,"GMCNA"
"BIOUG70720-C05","GMCNA27906-21","GMP#28382","Arthropoda","Insecta","Hymenoptera","Braconidae","Microgastrinae","Glyptapanteles","Glyptapanteles pamitchellae","BOLD:AAA3934","Malaise trap BSE-B",10.844,-85.614,"2019-10-31","1",654,"GMCNA"
"BIOUG70720-C11","GMCNA27912-21","GMP#28382","Arthropoda","Insecta","Hymenoptera","Braconidae","Microgastrinae","Dolichogenidea","Dolichogenidea Janzen30","BOLD:ABX5195","Malaise trap BSE-B",10.844,-85.614,"2019-10-31","1",654,"GMCNA"
"BIOUG68863-E03","GMCNA28566-21","GMP#28367","Arthropoda","Insecta","Hymenoptera","Braconidae","Microgastrinae","mgMalaise160","mgMalaise160 Malaise4282","BOLD:AEM4282","Malaise trap BSE-B",10.844,-85.614,"2019-07-18","1",656,"GMCNA"
"BIOUG68863-E10","GMCNA28573-21","GMP#28367","Arthropoda","Insecta","Hymenoptera","Braconidae","Microgastrinae","Snellenius","Snellenius irenebakerae","BOLD:AAC9684","Malaise trap BSE-B",10.844,-85.614,"2019-07-18","1",653,"GMCNA"
"BIOUG68863-F05","GMCNA28580-21","GMP#28367","Arthropoda","Insecta","Hymenoptera","Braconidae","Microgastrinae","mgMalaise160","mgMalaise160 Malaise4282","BOLD:AEM4282","Malaise trap BSE-B",10.844,-85.614,"2019-07-18","1",657,"GMCNA"
"BIOUG68863-F12","GMCNA28587-21","GMP#28367","Arthropoda","Insecta","Hymenoptera","Braconidae","Microgastrinae","Glyptapanteles","Glyptapanteles philwardi","BOLD:AAE7160","Malaise trap BSE-B",10.844,-85.614,"2019-07-18","1",654,"GMCNA"
"BIOUG70726-D10","GMCNA28833-21","GMP#28383","Arthropoda","Insecta","Hymenoptera","Braconidae","Microgastrinae","Dolichogenidea","Dolichogenidea Janzen117","BOLD:AAD9699","Malaise trap BSE-B",10.844,-85.614,"2019-11-07","1",654,"GMCNA"
"BIOUG70414-A07","GMCNA31459-21","GMP#28374","Arthropoda","Insecta","Hymenoptera","Braconidae","Microgastrinae","Apanteles","Apanteles bernyapui","BOLD:AAB7636","Malaise trap BSE-B",10.844,-85.614,"2019-09-05","1",640,"GMCNA"
"BIOUG70414-B05","GMCNA31469-21","GMP#28374","Arthropoda","Insecta","Hymenoptera","Braconidae","Microgastrinae","Diolcogaster","Diolcogaster Choi53","BOLD:AAF5702","Malaise trap BSE-B",10.844,-85.614,"2019-09-05","1",655,"GMCNA"
"BIOUG70427-B08","GMCNA32707-21","GMP#28375","Arthropoda","Insecta","Hymenoptera","Braconidae","Microgastrinae","Rhygoplitis","Rhygoplitis Whitfield01","BOLD:AAC0735","Malaise trap BSE-B",10.844,-85.614,"2019-09-12","1",653,"GMCNA"
"BIOUG70129-C06","GMCNA34277-21","GMP#28386","Arthropoda","Insecta","Hymenoptera","Braconidae","Microgastrinae","Apanteles","Apanteles mariaguevarae","BOLD:AAJ1368","Malaise trap BSE-B",10.844,-85.614,"2019-11-28","1",654,"GMCNA"
"BIOUG70129-C11","GMCNA34282-21","GMP#28386","Arthropoda","Insecta","Hymenoptera","Braconidae","Microgastrinae","Diolcogaster","Diolcogaster Choi58","BOLD:AAC2295","Malaise trap BSE-B",10.844,-85.614,"2019-11-28","1",654,"GMCNA"
"BIOUG70129-D03","GMCNA34286-21","GMP#28386","Arthropoda","Insecta","Hymenoptera","Braconidae","Microgastrinae","Glyptapanteles","Glyptapanteles pamitchellae","BOLD:AAA3934","Malaise trap BSE-B",10.844,-85.614,"2019-11-28","1",653,"GMCNA"
"BIOUG70129-D04","GMCNA34287-21","GMP#28386","Arthropoda","Insecta","Hymenoptera","Braconidae","Microgastrinae","mgMalaise160","mgMalaise160 Malaise4282","BOLD:AEM4282","Malaise trap BSE-B",10.844,-85.614,"2019-11-28","1",655,"GMCNA"
"BIOUG70129-D06","GMCNA34289-21","GMP#28386","Arthropoda","Insecta","Hymenoptera","Braconidae","Microgastrinae","Apanteles","Apanteles mariaguevarae","BOLD:AAJ1368","Malaise trap BSE-B",10.844,-85.614,"2019-11-28","1",654,"GMCNA"
"BIOUG70129-E01","GMCNA34296-21","GMP#28386","Arthropoda","Insecta","Hymenoptera","Braconidae","Microgastrinae","Glyptapanteles","Glyptapanteles robbinthorpiDHJ01","BOLD:AAM5230","Malaise trap BSE-B",10.844,-85.614,"2019-11-28","1",654,"GMCNA"
"BIOUG70129-F05","GMCNA34312-21","GMP#28386","Arthropoda","Insecta","Hymenoptera","Braconidae","Microgastrinae","Dolichogenidea","Dolichogenidea Janzen117","BOLD:AAD9699","Malaise trap BSE-B",10.844,-85.614,"2019-11-28","1",655,"GMCNA"
"BIOUG70129-F07","GMCNA34314-21","GMP#28386","Arthropoda","Insecta","Hymenoptera","Braconidae","Microgastrinae","Pseudapanteles","Pseudapanteles hernanbravoi","BOLD:AAK9744","Malaise trap BSE-B",10.844,-85.614,"2019-11-28","1",653,"GMCNA"
"BIOUG70435-A11","GMCNA36088-21","GMP#28376","Arthropoda","Insecta","Hymenoptera","Braconidae","Microgastrinae","Dolichogenidea","Dolichogenidea Rodriguez195","BOLD:AAM5088","Malaise trap BSE-B",10.844,-85.614,"2019-09-19","1",654,"GMCNA"
"BIOUG70435-B05","GMCNA36094-21","GMP#28376","Arthropoda","Insecta","Hymenoptera","Braconidae","Microgastrinae","Dolichogenidea","Dolichogenidea Rodriguez195","BOLD:AAM5088","Malaise trap BSE-B",10.844,-85.614,"2019-09-19","1",654,"GMCNA"
"BIOUG70435-B06","GMCNA36095-21","GMP#28376","Arthropoda","Insecta","Hymenoptera","Braconidae","Microgastrinae","Dolichogenidea","Dolichogenidea Janzen117","BOLD:AAD9699","Malaise trap BSE-B",10.844,-85.614,"2019-09-19","1",655,"GMCNA"
"BIOUG70435-B09","GMCNA36098-21","GMP#28376","Arthropoda","Insecta","Hymenoptera","Braconidae","Microgastrinae","Glyptapanteles","Glyptapanteles robbinthorpiDHJ01","BOLD:AAM5230","Malaise trap BSE-B",10.844,-85.614,"2019-09-19","1",653,"GMCNA"
"BIOUG70435-B10","GMCNA36099-21","GMP#28376","Arthropoda","Insecta","Hymenoptera","Braconidae","Microgastrinae","Dolichogenidea","Dolichogenidea Janzen117","BOLD:AAD9699","Malaise trap BSE-B",10.844,-85.614,"2019-09-19","1",654,"GMCNA"
"BIOUG70447-E04","GMCNA37269-21","GMP#28377","Arthropoda","Insecta","Hymenoptera","Braconidae","Microgastrinae","Apanteles","Apanteles bernyapui","BOLD:AAB7636","Malaise trap BSE-B",10.844,-85.614,"2019-09-26","1",654,"GMCNA"
"BIOUG70447-E07","GMCNA37272-21","GMP#28377","Arthropoda","Insecta","Hymenoptera","Braconidae","Microgastrinae","Dolichogenidea","Dolichogenidea Janzen117","BOLD:AAD9699","Malaise trap BSE-B",10.844,-85.614,"2019-09-26","1",654,"GMCNA"
"BIOUG70447-E08","GMCNA37273-21","GMP#28377","Arthropoda","Insecta","Hymenoptera","Braconidae","Microgastrinae","Apanteles","Apanteles mariaguevarae","BOLD:AAJ1368","Malaise trap BSE-B",10.844,-85.614,"2019-09-26","1",654,"GMCNA"
"BIOUG68225-E02","GMCNA38180-21","GMP#28353","Arthropoda","Insecta","Hymenoptera","Braconidae","Microgastrinae","Pseudapanteles","Pseudapanteles soniapicadoae","BOLD:AAX8739","Malaise trap BSE-B",10.844,-85.614,"2020-03-26","1",655,"GMCNA"
"BIOUG68226-A06","GMCNA38231-21","GMP#28353","Arthropoda","Insecta","Hymenoptera","Braconidae","Microgastrinae","Apanteles","Apanteles eduardoramirezi","BOLD:AAA4554","Malaise trap BSE-B",10.844,-85.614,"2020-03-26","1",655,"GMCNA"
"BIOUG68230-G05","GMCNA38682-21","GMP#28354","Arthropoda","Insecta","Hymenoptera","Braconidae","Microgastrinae","Pseudapanteles","Pseudapanteles Janzen86","BOLD:ACL4489","Malaise trap BSE-B",10.844,-85.614,"2020-04-02","1",654,"GMCNA"
"BIOUG70762-A01","GMCNA39341-21","GMP#28384","Arthropoda","Insecta","Hymenoptera","Braconidae","Microgastrinae","Dolichogenidea","Dolichogenidea Rodriguez195","BOLD:AAM5088","Malaise trap BSE-B",10.844,-85.614,"2019-11-14","1",652,"GMCNA"
"BIOUG70762-C01","GMCNA39365-21","GMP#28384","Arthropoda","Insecta","Hymenoptera","Braconidae","Microgastrinae","Snellenius","Snellenius irenebakerae","BOLD:AAC9684","Malaise trap BSE-B",10.844,-85.614,"2019-11-14","1",654,"GMCNA"
"BIOUG70762-C09","GMCNA39373-21","GMP#28384","Arthropoda","Insecta","Hymenoptera","Braconidae","Microgastrinae","Glyptapanteles","Glyptapanteles Malaise9431","BOLD:ADA9431","Malaise trap BSE-B",10.844,-85.614,"2019-11-14","1",654,"GMCNA"
"BIOUG70762-D08","GMCNA39384-21","GMP#28384","Arthropoda","Insecta","Hymenoptera","Braconidae","Microgastrinae","Glyptapanteles","Glyptapanteles Malaise2289","BOLD:AEN2289","Malaise trap BSE-B",10.844,-85.614,"2019-11-14","1",654,"GMCNA"
"BIOUG68874-A07","GMCNA40641-21","GMP#28368","Arthropoda","Insecta","Hymenoptera","Braconidae","Microgastrinae","Rhygoplitis","Rhygoplitis Whitfield01","BOLD:AAC0735","Malaise trap BSE-B",10.844,-85.614,"2019-07-25","1",654,"GMCNA"
"BIOUG68880-G04","GMCNA41280-21","GMP#28369","Arthropoda","Insecta","Hymenoptera","Braconidae","Microgastrinae","Apanteles","Apanteles josediazi","BOLD:AAK1654","Malaise trap BSE-B",10.844,-85.614,"2019-08-01","1",654,"GMCNA"
"BIOUG68885-C09","GMCNA41712-21","GMP#28370","Arthropoda","Insecta","Hymenoptera","Braconidae","Microgastrinae","mgMalaise160","mgMalaise160 Malaise4282","BOLD:AEM4282","Malaise trap BSE-B",10.844,-85.614,"2019-08-08","1",654,"GMCNA"
"BIOUG68885-D11","GMCNA41726-21","GMP#28370","Arthropoda","Insecta","Hymenoptera","Braconidae","Microgastrinae","Apanteles","Apanteles eduardoramirezi","BOLD:AAA4554","Malaise trap BSE-B",10.844,-85.614,"2019-08-08","1",654,"GMCNA"
"BIOUG70138-A11","GMCNA43572-21","GMP#28355","Arthropoda","Insecta","Hymenoptera","Braconidae","Microgastrinae","Pseudapanteles","Pseudapanteles soniapicadoae","BOLD:AAX8739","Malaise trap BSE-B",10.844,-85.614,"2020-04-09","1",653,"GMCNA"
"BIOUG70765-D04","GMCNA43952-21","GMP#28371","Arthropoda","Insecta","Hymenoptera","Braconidae","Microgastrinae","Glyptapanteles","Glyptapanteles philwardi","BOLD:AAE7160","Malaise trap BSE-B",10.844,-85.614,"2019-08-15","1",653,"GMCNA"
"BIOUG70765-D07","GMCNA43955-21","GMP#28371","Arthropoda","Insecta","Hymenoptera","Braconidae","Microgastrinae","Dolichogenidea","Dolichogenidea Rodriguez195","BOLD:AAM5088","Malaise trap BSE-B",10.844,-85.614,"2019-08-15","1",653,"GMCNA"
"BIOUG70765-E07","GMCNA43967-21","GMP#28371","Arthropoda","Insecta","Hymenoptera","Braconidae","Microgastrinae","Cotesia","Cotesia Whitfield23","BOLD:AEM9150","Malaise trap BSE-B",10.844,-85.614,"2019-08-15","1",654,"GMCNA"
"BIOUG70765-E11","GMCNA43971-21","GMP#28371","Arthropoda","Insecta","Hymenoptera","Braconidae","Microgastrinae","Dolichogenidea","Dolichogenidea Rodriguez195","BOLD:AAM5088","Malaise trap BSE-B",10.844,-85.614,"2019-08-15","1",654,"GMCNA"
"BIOUG70770-A08","GMCNA44484-21","GMP#28371","Arthropoda","Insecta","Hymenoptera","Braconidae","Microgastrinae","Apanteles","Apanteles eduardoramirezi","BOLD:AAA4554","Malaise trap BSE-B",10.844,-85.614,"2019-08-15","1",657,"GMCNA"
"BIOUG68752-B02","GMCNA4492-21","GMP#28380","Arthropoda","Insecta","Hymenoptera","Braconidae","Microgastrinae","Dolichogenidea","Dolichogenidea Janzen117","BOLD:AAD9699","Malaise trap BSE-B",10.844,-85.614,"2019-10-17","1",653,"GMCNA"
"BIOUG70142-E04","GMCNA44989-21","GMP#28356","Arthropoda","Insecta","Hymenoptera","Braconidae","Microgastrinae","Apanteles","Apanteles eduardoramirezi","BOLD:AAA4554","Malaise trap BSE-B",10.844,-85.614,"2020-04-23","1",654,"GMCNA"
"BIOUG68752-D08","GMCNA4522-21","GMP#28380","Arthropoda","Insecta","Hymenoptera","Braconidae","Microgastrinae","Apanteles","Apanteles raulacevedoi","BOLD:ABX5812","Malaise trap BSE-B",10.844,-85.614,"2019-10-17","1",653,"GMCNA"
"BIOUG68752-E08","GMCNA4534-21","GMP#28380","Arthropoda","Insecta","Hymenoptera","Braconidae","Microgastrinae","Dolichogenidea","Dolichogenidea Janzen117","BOLD:AAD9699","Malaise trap BSE-B",10.844,-85.614,"2019-10-17","1",653,"GMCNA"
"BIOUG70146-D07","GMCNA47476-21","GMP#28357","Arthropoda","Insecta","Hymenoptera","Braconidae","Microgastrinae","Apanteles","Apanteles Rodriguez240","BOLD:AAM5751","Malaise trap BSE-B",10.844,-85.614,"2020-04-30","1",654,"GMCNA"
"BIOUG70146-E02","GMCNA47483-21","GMP#28357","Arthropoda","Insecta","Hymenoptera","Braconidae","Microgastrinae","Apanteles","Apanteles eduardoramirezi","BOLD:AAA4554","Malaise trap BSE-B",10.844,-85.614,"2020-04-30","1",656,"GMCNA"
"BIOUG70146-E04","GMCNA47485-21","GMP#28357","Arthropoda","Insecta","Hymenoptera","Braconidae","Microgastrinae","Apanteles","Apanteles eduardoramirezi","BOLD:AAA4554","Malaise trap BSE-B",10.844,-85.614,"2020-04-30","1",654,"GMCNA"
"BIOUG70146-E06","GMCNA47487-21","GMP#28357","Arthropoda","Insecta","Hymenoptera","Braconidae","Microgastrinae","Apanteles","Apanteles eduardoramirezi","BOLD:AAA4554","Malaise trap BSE-B",10.844,-85.614,"2020-04-30","1",653,"GMCNA"
"BIOUG70484-B02","GMCNA47909-21","GMP#28378","Arthropoda","Insecta","Hymenoptera","Braconidae","Microgastrinae","Hypomicrogaster","Hypomicrogaster Malaise2045","BOLD:AEN2045","Malaise trap BSE-B",10.844,-85.614,"2019-10-03","1",655,"GMCNA"
"BIOUG70484-F01","GMCNA47956-21","GMP#28378","Arthropoda","Insecta","Hymenoptera","Braconidae","Microgastrinae","Glyptapanteles","Glyptapanteles robbinthorpiDHJ01","BOLD:AAM5230","Malaise trap BSE-B",10.844,-85.614,"2019-10-03","1",655,"GMCNA"
"BIOUG70484-H07","GMCNA47986-21","GMP#28378","Arthropoda","Insecta","Hymenoptera","Braconidae","Microgastrinae","Dolichogenidea","Dolichogenidea Janzen30","BOLD:ABX5195","Malaise trap BSE-B",10.844,-85.614,"2019-10-03","1",654,"GMCNA"
"BIOUG70484-H11","GMCNA47990-21","GMP#28378","Arthropoda","Insecta","Hymenoptera","Braconidae","Microgastrinae","Apanteles","Apanteles mariaguevarae","BOLD:AAJ1368","Malaise trap BSE-B",10.844,-85.614,"2019-10-03","1",653,"GMCNA"
"BIOUG70803-H07","GMCNA50105-21","GMP#28389","Arthropoda","Insecta","Hymenoptera","Braconidae","Microgastrinae","Apanteles","Apanteles oscarchavezi","BOLD:AAN7915","Malaise trap BSE-B",10.844,-85.614,"2019-12-19","1",654,"GMCNA"
"BIOUG70804-A02","GMCNA50111-21","GMP#28389","Arthropoda","Insecta","Hymenoptera","Braconidae","Microgastrinae","Apanteles","Apanteles eduardoramirezi","BOLD:AAA4554","Malaise trap BSE-B",10.844,-85.614,"2019-12-19","1",652,"GMCNA"
"BIOUG70804-C08","GMCNA50141-21","GMP#28389","Arthropoda","Insecta","Hymenoptera","Braconidae","Microgastrinae","Dolichogenidea","Dolichogenidea Rodriguez195","BOLD:AAM5088","Malaise trap BSE-B",10.844,-85.614,"2019-12-19","1",654,"GMCNA"
"BIOUG68244-C07","GMCNA51908-21","GMP#28361","Arthropoda","Insecta","Hymenoptera","Braconidae","Microgastrinae","Dolichogenidea","Dolichogenidea Janzen30","BOLD:ABX5195","Malaise trap BSE-B",10.844,-85.614,"2020-06-04","1",653,"GMCNA"
"BIOUG70020-A04","GMCNA5339-21","GMP#29906","Arthropoda","Insecta","Hymenoptera","Braconidae","Microgastrinae","Apanteles","Apanteles oscarchavezi","BOLD:AAN7915","Malaise trap BSE-B",10.844,-85.614,"2020-01-09","1",652,"GMCNA"
"BIOUG70020-A05","GMCNA5340-21","GMP#29906","Arthropoda","Insecta","Hymenoptera","Braconidae","Microgastrinae","Glyptapanteles","Glyptapanteles Malaise2200","BOLD:AEM2200","Malaise trap BSE-B",10.844,-85.614,"2020-01-09","1",652,"GMCNA"
"BIOUG70020-A07","GMCNA5342-21","GMP#29906","Arthropoda","Insecta","Hymenoptera","Braconidae","Microgastrinae","Glyptapanteles","Glyptapanteles robbinthorpiDHJ01","BOLD:AAM5230","Malaise trap BSE-B",10.844,-85.614,"2020-01-09","1",653,"GMCNA"
"BIOUG70020-B06","GMCNA5353-21","GMP#29906","Arthropoda","Insecta","Hymenoptera","Braconidae","Microgastrinae","Glyptapanteles","Glyptapanteles pamitchellae","BOLD:AAA3934","Malaise trap BSE-B",10.844,-85.614,"2020-01-09","1",654,"GMCNA"
"BIOUG70020-D03","GMCNA5374-21","GMP#29906","Arthropoda","Insecta","Hymenoptera","Braconidae","Microgastrinae","Apanteles","Apanteles oscarchavezi","BOLD:AAN7915","Malaise trap BSE-B",10.844,-85.614,"2020-01-09","1",653,"GMCNA"
"BIOUG70020-E04","GMCNA5387-21","GMP#29906","Arthropoda","Insecta","Hymenoptera","Braconidae","Microgastrinae","Apanteles","Apanteles eduardoramirezi","BOLD:AAA4554","Malaise trap BSE-B",10.844,-85.614,"2020-01-09","1",653,"GMCNA"
"BIOUG70020-F04","GMCNA5399-21","GMP#29906","Arthropoda","Insecta","Hymenoptera","Braconidae","Microgastrinae","Snellenius","Snellenius Malaise8256","BOLD:ACR8256","Malaise trap BSE-B",10.844,-85.614,"2020-01-09","1",652,"GMCNA"
"BIOUG68410-D09","GMCNA7684-21","GMP#28344","Arthropoda","Insecta","Hymenoptera","Braconidae","Microgastrinae","Apanteles","Apanteles mariachavarriae","BOLD:ACE8120","Malaise trap BSE-B",10.844,-85.614,"2020-01-16","1",662,"GMCNA"
"BIOUG70028-G06","GMCNA7923-21","GMP#29907","Arthropoda","Insecta","Hymenoptera","Braconidae","Microgastrinae","Glyptapanteles","Glyptapanteles Whitfield183","BOLD:AAI7282","Malaise trap BSE-B",10.844,-85.614,"2020-02-06","1",652,"GMCNA"
"BIOUG70030-B09","GMCNA8056-21","GMP#29907","Arthropoda","Insecta","Hymenoptera","Braconidae","Microgastrinae","Diolcogaster","Diolcogaster Choi77","BOLD:AAB9863","Malaise trap BSE-B",10.844,-85.614,"2020-02-06","1",653,"GMCNA"
"BIOUG68907-A02","GMCNA9519-21","GMP#28391","Arthropoda","Insecta","Hymenoptera","Braconidae","Microgastrinae","Diolcogaster","Diolcogaster Choi77","BOLD:AAB9863","Malaise trap BSE-B",10.844,-85.614,"2020-01-02","1",653,"GMCNA"
"BIOUG68907-A05","GMCNA9522-21","GMP#28391","Arthropoda","Insecta","Hymenoptera","Braconidae","Microgastrinae","Glyptapanteles","Glyptapanteles Whitfield75","BOLD:AAE7080","Malaise trap BSE-B",10.844,-85.614,"2020-01-02","1",653,"GMCNA"
"BIOUG68907-C05","GMCNA9546-21","GMP#28391","Arthropoda","Insecta","Hymenoptera","Braconidae","Microgastrinae","Glyptapanteles","Glyptapanteles pamitchellae","BOLD:AAA3934","Malaise trap BSE-B",10.844,-85.614,"2020-01-02","1",653,"GMCNA"
"BIOUG68907-C08","GMCNA9549-21","GMP#28391","Arthropoda","Insecta","Hymenoptera","Braconidae","Microgastrinae","Apanteles","Apanteles oscarchavezi","BOLD:AAN7915","Malaise trap BSE-B",10.844,-85.614,"2020-01-02","1",670,"GMCNA"
"BIOUG68907-D10","GMCNA9563-21","GMP#28391","Arthropoda","Insecta","Hymenoptera","Braconidae","Microgastrinae","Diolcogaster","Diolcogaster Choi77","BOLD:AAB9863","Malaise trap BSE-B",10.844,-85.614,"2020-01-02","1",653,"GMCNA"
"BIOUG68907-D12","GMCNA9565-21","GMP#28391","Arthropoda","Insecta","Hymenoptera","Braconidae","Microgastrinae","Alphomelon","Alphomelon andydeansi","BOLD:ADJ6568","Malaise trap BSE-B",10.844,-85.614,"2020-01-02","1",653,"GMCNA"
"BIOUG68907-E09","GMCNA9574-21","GMP#28391","Arthropoda","Insecta","Hymenoptera","Braconidae","Microgastrinae","Dolichogenidea","Dolichogenidea Janzen117","BOLD:AAD9699","Malaise trap BSE-B",10.844,-85.614,"2020-01-02","1",654,"GMCNA"
"BIOUG68907-F03","GMCNA9580-21","GMP#28391","Arthropoda","Insecta","Hymenoptera","Braconidae","Microgastrinae","Glyptapanteles","Glyptapanteles malaise0795","BOLD:ACL0795","Malaise trap BSE-B",10.844,-85.614,"2020-01-02","1",653,"GMCNA"
"BIOUG68911-H06","GMCNA9987-21","GMP#28346","Arthropoda","Insecta","Hymenoptera","Braconidae","Microgastrinae","Dolichogenidea","Dolichogenidea Rodriguez195","BOLD:AAM5088","Malaise trap BSE-B",10.844,-85.614,"2020-01-30","1",653,"GMCNA"
"BIOUG70816-E06","GMCNB1162-21","GMP#28390","Arthropoda","Insecta","Hymenoptera","Braconidae","Microgastrinae","Apanteles","Apanteles oscarchavezi","BOLD:AAN7915","Malaise trap BSE-B",10.844,-85.614,"2019-12-26","1",653,"GMCNB"
"BIOUG70816-G07","GMCNB1187-21","GMP#28390","Arthropoda","Insecta","Hymenoptera","Braconidae","Microgastrinae","Alphomelon","Alphomelon andydeansi","BOLD:ADJ6568","Malaise trap BSE-B",10.844,-85.614,"2019-12-26","1",642,"GMCNB"
"BIOUG70817-B07","GMCNB1222-21","GMP#28390","Arthropoda","Insecta","Hymenoptera","Braconidae","Microgastrinae","Apanteles","Apanteles oscarchavezi","BOLD:AAN7915","Malaise trap BSE-B",10.844,-85.614,"2019-12-26","1",653,"GMCNB"
"BIOUG70817-C06","GMCNB1233-21","GMP#28390","Arthropoda","Insecta","Hymenoptera","Braconidae","Microgastrinae","Glyptapanteles","Glyptapanteles shelbystedenfeldae","BOLD:AAC1266","Malaise trap BSE-B",10.844,-85.614,"2019-12-26","1",654,"GMCNB"
"BIOUG70817-D06","GMCNB1245-21","GMP#28390","Arthropoda","Insecta","Hymenoptera","Braconidae","Microgastrinae","Apanteles","Apanteles oscarchavezi","BOLD:AAN7915","Malaise trap BSE-B",10.844,-85.614,"2019-12-26","1",654,"GMCNB"
"BIOUG70160-A02","GMCNB2416-21","GMP#28372","Arthropoda","Insecta","Hymenoptera","Braconidae","Microgastrinae","Apanteles","Apanteles eduardoramirezi","BOLD:AAA4554","Malaise trap BSE-B",10.844,-85.614,"2019-08-22","1",655,"GMCNB"
"BIOUG70160-A05","GMCNB2419-21","GMP#28372","Arthropoda","Insecta","Hymenoptera","Braconidae","Microgastrinae","Apanteles","Apanteles eduardoramirezi","BOLD:AAA4554","Malaise trap BSE-B",10.844,-85.614,"2019-08-22","1",654,"GMCNB"
"BIOUG70160-A07","GMCNB2421-21","GMP#28372","Arthropoda","Insecta","Hymenoptera","Braconidae","Microgastrinae","mgMalaise160","mgMalaise160 Malaise5779","BOLD:AEM5779","Malaise trap BSE-B",10.844,-85.614,"2019-08-22","1",656,"GMCNB"
"BIOUG70160-C01","GMCNB2439-21","GMP#28372","Arthropoda","Insecta","Hymenoptera","Braconidae","Microgastrinae","Apanteles","Apanteles eduardoramirezi","BOLD:AAA4554","Malaise trap BSE-B",10.844,-85.614,"2019-08-22","1",651,"GMCNB"
"BIOUG70160-C10","GMCNB2448-21","GMP#28372","Arthropoda","Insecta","Hymenoptera","Braconidae","Microgastrinae","Apanteles","Apanteles eduardoramirezi","BOLD:AAA4554","Malaise trap BSE-B",10.844,-85.614,"2019-08-22","1",654,"GMCNB"
"BIOUG70160-D12","GMCNB2462-21","GMP#28372","Arthropoda","Insecta","Hymenoptera","Braconidae","Microgastrinae","Dolichogenidea","Dolichogenidea Rodriguez195","BOLD:AAM5088","Malaise trap BSE-B",10.844,-85.614,"2019-08-22","1",654,"GMCNB"
"BIOUG70180-D01","GMCNB4460-21","GMP#28385","Arthropoda","Insecta","Hymenoptera","Braconidae","Microgastrinae","Apanteles","Apanteles mariaguevarae","BOLD:AAJ1368","Malaise trap BSE-B",10.844,-85.614,"2019-11-21","1",655,"GMCNB"
"BIOUG70180-D03","GMCNB4462-21","GMP#28385","Arthropoda","Insecta","Hymenoptera","Braconidae","Microgastrinae","Apanteles","Apanteles mariaguevarae","BOLD:AAJ1368","Malaise trap BSE-B",10.844,-85.614,"2019-11-21","1",652,"GMCNB"
"BIOUG68256-B11","GMCNB5829-21","GMP#28388","Arthropoda","Insecta","Hymenoptera","Braconidae","Microgastrinae","Dolichogenidea","Dolichogenidea Rodriguez195","BOLD:AAM5088","Malaise trap BSE-B",10.844,-85.614,"2019-12-12","1",654,"GMCNB"
"BIOUG68256-C08","GMCNB5838-21","GMP#28388","Arthropoda","Insecta","Hymenoptera","Braconidae","Microgastrinae","Dolichogenidea","Dolichogenidea Rodriguez195","BOLD:AAM5088","Malaise trap BSE-B",10.844,-85.614,"2019-12-12","1",654,"GMCNB"
"BIOUG68256-D05","GMCNB5847-21","GMP#28388","Arthropoda","Insecta","Hymenoptera","Braconidae","Microgastrinae","Apanteles","Apanteles oscarchavezi","BOLD:AAN7915","Malaise trap BSE-B",10.844,-85.614,"2019-12-12","1",653,"GMCNB"
"BIOUG68256-D06","GMCNB5848-21","GMP#28388","Arthropoda","Insecta","Hymenoptera","Braconidae","Microgastrinae","Apanteles","Apanteles oscarchavezi","BOLD:AAN7915","Malaise trap BSE-B",10.844,-85.614,"2019-12-12","1",653,"GMCNB"
"BIOUG68256-D12","GMCNB5854-21","GMP#28388","Arthropoda","Insecta","Hymenoptera","Braconidae","Microgastrinae","mgMalaise160","mgMalaise160 Malaise4282","BOLD:AEM4282","Malaise trap BSE-B",10.844,-85.614,"2019-12-12","1",640,"GMCNB"
"BIOUG68256-E10","GMCNB5864-21","GMP#28388","Arthropoda","Insecta","Hymenoptera","Braconidae","Microgastrinae","Hypomicrogaster","Hypomicrogaster OVRGDHJ06","BOLD:ABX5732","Malaise trap BSE-B",10.844,-85.614,"2019-12-12","1",653,"GMCNB"
"BIOUG68256-F02","GMCNB5868-21","GMP#28388","Arthropoda","Insecta","Hymenoptera","Braconidae","Microgastrinae","Glyptapanteles","Glyptapanteles robbinthorpiDHJ01","BOLD:AAM5230","Malaise trap BSE-B",10.844,-85.614,"2019-12-12","1",655,"GMCNB"
"BIOUG68256-F08","GMCNB5874-21","GMP#28388","Arthropoda","Insecta","Hymenoptera","Braconidae","Microgastrinae","Dolichogenidea","Dolichogenidea Rodriguez195","BOLD:AAM5088","Malaise trap BSE-B",10.844,-85.614,"2019-12-12","1",654,"GMCNB"
"BIOUG68256-F10","GMCNB5876-21","GMP#28388","Arthropoda","Insecta","Hymenoptera","Braconidae","Microgastrinae","Dolichogenidea","Dolichogenidea Rodriguez195","BOLD:AAM5088","Malaise trap BSE-B",10.844,-85.614,"2019-12-12","1",654,"GMCNB"
"BIOUG70194-B10","GMCNB7135-21","GMP#28387","Arthropoda","Insecta","Hymenoptera","Braconidae","Microgastrinae","Glyptapanteles","Glyptapanteles robbinthorpiDHJ01","BOLD:AAM5230","Malaise trap BSE-B",10.844,-85.614,"2019-12-05","1",654,"GMCNB"
"BIOUG70194-B11","GMCNB7136-21","GMP#28387","Arthropoda","Insecta","Hymenoptera","Braconidae","Microgastrinae","Glyptapanteles","Glyptapanteles Whitfield75","BOLD:AAE7080","Malaise trap BSE-B",10.844,-85.614,"2019-12-05","1",655,"GMCNB"
"BIOUG70194-D08","GMCNB7157-21","GMP#28387","Arthropoda","Insecta","Hymenoptera","Braconidae","Microgastrinae","Rasivalva","Rasivalva Choi76","BOLD:ACV3805","Malaise trap BSE-B",10.844,-85.614,"2019-12-05","1",653,"GMCNB"
"BIOUG70194-D10","GMCNB7159-21","GMP#28387","Arthropoda","Insecta","Hymenoptera","Braconidae","Microgastrinae","mgMalaise160","mgMalaise160 Malaise4282","BOLD:AEM4282","Malaise trap BSE-B",10.844,-85.614,"2019-12-05","1",654,"GMCNB"
"BIOUG70194-E04","GMCNB7165-21","GMP#28387","Arthropoda","Insecta","Hymenoptera","Braconidae","Microgastrinae","Glyptapanteles","Glyptapanteles pamitchellae","BOLD:AAA3934","Malaise trap BSE-B",10.844,-85.614,"2019-12-05","1",654,"GMCNB"
"BIOUG70194-E10","GMCNB7171-21","GMP#28387","Arthropoda","Insecta","Hymenoptera","Braconidae","Microgastrinae","Apanteles","Apanteles oscarchavezi","BOLD:AAN7915","Malaise trap BSE-B",10.844,-85.614,"2019-12-05","1",655,"GMCNB"
"BIOUG70194-E11","GMCNB7172-21","GMP#28387","Arthropoda","Insecta","Hymenoptera","Braconidae","Microgastrinae","Apanteles","Apanteles bernyapui","BOLD:AAB7636","Malaise trap BSE-B",10.844,-85.614,"2019-12-05","1",651,"GMCNB"
"BIOUG70194-F01","GMCNB7174-21","GMP#28387","Arthropoda","Insecta","Hymenoptera","Braconidae","Microgastrinae","Dolichogenidea","Dolichogenidea Rodriguez195","BOLD:AAM5088","Malaise trap BSE-B",10.844,-85.614,"2019-12-05","1",654,"GMCNB"
"BIOUG18551-A02","GMCOO475-15","GMP#00669","Arthropoda","Insecta","Hymenoptera","Braconidae","Microgastrinae","Pseudapanteles","Pseudapanteles alfiopivai","BOLD:AAF6107","BSE Malaise Trap",10.8438,-85.6138,"2012-10-08","1",582,"GMCOO"
"BIOUG18551-A07","GMCOO480-15","GMP#00669","Arthropoda","Insecta","Hymenoptera","Braconidae","Microgastrinae","Apanteles","Apanteles raulacevedoi","BOLD:ABX5812","BSE Malaise Trap",10.8438,-85.6138,"2012-10-08","1",552,"GMCOO"
"BIOUG18551-A09","GMCOO482-15","GMP#00669","Arthropoda","Insecta","Hymenoptera","Braconidae","Microgastrinae","Dolichogenidea","Dolichogenidea Rodriguez195","BOLD:AAM5088","BSE Malaise Trap",10.8438,-85.6138,"2012-10-08","1",525,"GMCOO"
"BIOUG18551-B04","GMCOO489-15","GMP#00669","Arthropoda","Insecta","Hymenoptera","Braconidae","Microgastrinae","Rhygoplitis","Rhygoplitis Whitfield01","BOLD:AAC0735","BSE Malaise Trap",10.8438,-85.6138,"2012-10-08","1",588,"GMCOO"
"BIOUG18551-B06","GMCOO491-15","GMP#00669","Arthropoda","Insecta","Hymenoptera","Braconidae","Microgastrinae","Apanteles","Apanteles eduardoramirezi","BOLD:AAA4554","BSE Malaise Trap",10.8438,-85.6138,"2012-10-08","1",570,"GMCOO"
"BIOUG18551-B10","GMCOO495-15","GMP#00669","Arthropoda","Insecta","Hymenoptera","Braconidae","Microgastrinae","Dolichogenidea","Dolichogenidea Janzen117","BOLD:AAD9699","BSE Malaise Trap",10.8438,-85.6138,"2012-10-08","1",555,"GMCOO"
"BIOUG18551-B11","GMCOO496-15","GMP#00669","Arthropoda","Insecta","Hymenoptera","Braconidae","Microgastrinae","Glyptapanteles","Glyptapanteles Whitfield90","BOLD:AAY1040","BSE Malaise Trap",10.8438,-85.6138,"2012-10-08","1",543,"GMCOO"
"BIOUG18551-C03","GMCOO500-15","GMP#00669","Arthropoda","Insecta","Hymenoptera","Braconidae","Microgastrinae","Rhygoplitis","Rhygoplitis Whitfield01","BOLD:AAC0735","BSE Malaise Trap",10.8438,-85.6138,"2012-10-08","1",588,"GMCOO"
"BIOUG18551-E09","GMCOO530-15","GMP#00669","Arthropoda","Insecta","Hymenoptera","Braconidae","Microgastrinae","Dolichogenidea","Dolichogenidea Rodriguez195","BOLD:AAM5088","BSE Malaise Trap",10.8438,-85.6138,"2012-10-08","1",552,"GMCOO"
"BIOUG17358-G07","GMCPP305-14","GMP#00671","Arthropoda","Insecta","Hymenoptera","Braconidae","Microgastrinae","Parapanteles","Parapanteles Whitfield300","BOLD:AAK1628","BSE Malaise Trap",10.8438,-85.6138,"2012-10-22","1",597,"GMCPP"
"BIOUG17358-H03","GMCPP313-14","GMP#00671","Arthropoda","Insecta","Hymenoptera","Braconidae","Microgastrinae","Rhygoplitis","Rhygoplitis Whitfield01","BOLD:AAC0735","BSE Malaise Trap",10.8438,-85.6138,"2012-10-22","1",609,"GMCPP"
"BIOUG17358-H11","GMCPP321-14","GMP#00671","Arthropoda","Insecta","Hymenoptera","Braconidae","Microgastrinae","Parapanteles","Parapanteles Whitfield300","BOLD:AAK1628","BSE Malaise Trap",10.8438,-85.6138,"2012-10-22","1",609,"GMCPP"
"BIOUG17550-D09","GMCQQ665-14","GMP#00673","Arthropoda","Insecta","Hymenoptera","Braconidae","Microgastrinae","Glyptapanteles","Glyptapanteles Whitfield90","BOLD:AAY1040","BSE Malaise Trap",10.8438,-85.6138,"2012-11-05","1",594,"GMCQQ"
"BIOUG17550-E03","GMCQQ671-14","GMP#00673","Arthropoda","Insecta","Hymenoptera","Braconidae","Microgastrinae","Rhygoplitis","Rhygoplitis Whitfield01","BOLD:AAC0735","BSE Malaise Trap",10.8438,-85.6138,"2012-11-05","1",594,"GMCQQ"
"BIOUG17550-E05","GMCQQ673-14","GMP#00673","Arthropoda","Insecta","Hymenoptera","Braconidae","Microgastrinae","Apanteles","Apanteles eduardoramirezi","BOLD:AAA4554","BSE Malaise Trap",10.8438,-85.6138,"2012-11-05","1",588,"GMCQQ"
"BIOUG17550-E12","GMCQQ680-14","GMP#00673","Arthropoda","Insecta","Hymenoptera","Braconidae","Microgastrinae","Pseudapanteles","Pseudapanteles alfiopivai","BOLD:AAF6107","BSE Malaise Trap",10.8438,-85.6138,"2012-11-05","1",585,"GMCQQ"
"BIOUG17550-F06","GMCQQ686-14","GMP#00673","Arthropoda","Insecta","Hymenoptera","Braconidae","Microgastrinae","Rhygoplitis","Rhygoplitis Whitfield01","BOLD:AAC0735","BSE Malaise Trap",10.8438,-85.6138,"2012-11-05","1",585,"GMCQQ"
"BIOUG17550-G08","GMCQQ700-14","GMP#00673","Arthropoda","Insecta","Hymenoptera","Braconidae","Microgastrinae","Apanteles","Apanteles eduardoramirezi","BOLD:AAA4554","BSE Malaise Trap",10.8438,-85.6138,"2012-11-05","1",585,"GMCQQ"
"BIOUG05082-B06","GMCRA1169-13","GMP#00617","Arthropoda","Insecta","Hymenoptera","Braconidae","Microgastrinae","Rhygoplitis","Rhygoplitis Whitfield01","BOLD:AAC0735","BSE Malaise Trap",10.8438,-85.6138,"2012-06-18","1",631,"GMCRA"
"BIOUG05082-B10","GMCRA1173-13","GMP#00617","Arthropoda","Insecta","Hymenoptera","Braconidae","Microgastrinae","Microplitis","Microplitis hebertbakeri","BOLD:AAC6114","BSE Malaise Trap",10.8438,-85.6138,"2012-06-18","1",632,"GMCRA"
"BIOUG05082-B12","GMCRA1175-13","GMP#00617","Arthropoda","Insecta","Hymenoptera","Braconidae","Microgastrinae","Rhygoplitis","Rhygoplitis Whitfield01","BOLD:AAC0735","BSE Malaise Trap",10.8438,-85.6138,"2012-06-18","1",632,"GMCRA"
"BIOUG05082-C03","GMCRA1178-13","GMP#00617","Arthropoda","Insecta","Hymenoptera","Braconidae","Microgastrinae","Snellenius","Snellenius lucindamcdadeae","BOLD:AAD3624","BSE Malaise Trap",10.8438,-85.6138,"2012-06-18","1",634,"GMCRA"
"BIOUG05082-C08","GMCRA1183-13","GMP#00617","Arthropoda","Insecta","Hymenoptera","Braconidae","Microgastrinae","Dolichogenidea","Dolichogenidea Janzen117","BOLD:AAD9699","BSE Malaise Trap",10.8438,-85.6138,"2012-06-18","1",633,"GMCRA"
"BIOUG05082-D05","GMCRA1192-13","GMP#00617","Arthropoda","Insecta","Hymenoptera","Braconidae","Microgastrinae","Rhygoplitis","Rhygoplitis Whitfield01","BOLD:AAC0735","BSE Malaise Trap",10.8438,-85.6138,"2012-06-18","1",630,"GMCRA"
"BIOUG05082-F07","GMCRA1218-13","GMP#00617","Arthropoda","Insecta","Hymenoptera","Braconidae","Microgastrinae","Rhygoplitis","Rhygoplitis Whitfield01","BOLD:AAC0735","BSE Malaise Trap",10.8438,-85.6138,"2012-06-18","1",630,"GMCRA"
"BIOUG05082-G05","GMCRA1228-13","GMP#00617","Arthropoda","Insecta","Hymenoptera","Braconidae","Microgastrinae","Rhygoplitis","Rhygoplitis Whitfield01","BOLD:AAC0735","BSE Malaise Trap",10.8438,-85.6138,"2012-06-18","1",632,"GMCRA"
"BIOUG05082-G11","GMCRA1234-13","GMP#00617","Arthropoda","Insecta","Hymenoptera","Braconidae","Microgastrinae","Alphomelon","Alphomelon andydeansi","BOLD:ADJ6568","BSE Malaise Trap",10.8438,-85.6138,"2012-06-18","1",633,"GMCRA"
"BIOUG05181-D05","GMCRA165-13","GMP#00617","Arthropoda","Insecta","Hymenoptera","Braconidae","Microgastrinae","Rhygoplitis","Rhygoplitis Whitfield01","BOLD:AAC0735","BSE Malaise Trap",10.8438,-85.6138,"2012-06-18","1",630,"GMCRA"
"BIOUG05181-E02","GMCRA174-13","GMP#00617","Arthropoda","Insecta","Hymenoptera","Braconidae","Microgastrinae","Dolichogenidea","Dolichogenidea Janzen117","BOLD:AAD9699","BSE Malaise Trap",10.8438,-85.6138,"2012-06-18","1",635,"GMCRA"
"BIOUG05181-F01","GMCRA185-13","GMP#00617","Arthropoda","Insecta","Hymenoptera","Braconidae","Microgastrinae","Rhygoplitis","Rhygoplitis Whitfield01","BOLD:AAC0735","BSE Malaise Trap",10.8438,-85.6138,"2012-06-18","1",618,"GMCRA"
"BIOUG05181-F06","GMCRA190-13","GMP#00617","Arthropoda","Insecta","Hymenoptera","Braconidae","Microgastrinae","Rhygoplitis","Rhygoplitis Whitfield01","BOLD:AAC0735","BSE Malaise Trap",10.8438,-85.6138,"2012-06-18","1",630,"GMCRA"
"BIOUG05181-G10","GMCRA206-13","GMP#00617","Arthropoda","Insecta","Hymenoptera","Braconidae","Microgastrinae","Snellenius","Snellenius lucindamcdadeae","BOLD:AAD3624","BSE Malaise Trap",10.8438,-85.6138,"2012-06-18","1",632,"GMCRA"
"BIOUG05184-G01","GMCRB061-13","GMP#00618","Arthropoda","Insecta","Hymenoptera","Braconidae","Microgastrinae","Rhygoplitis","Rhygoplitis Whitfield01","BOLD:AAC0735","BSE Malaise Trap",10.8438,-85.6138,"2012-06-25","1",632,"GMCRB"
"BIOUG05184-H04","GMCRB076-13","GMP#00618","Arthropoda","Insecta","Hymenoptera","Braconidae","Microgastrinae","Snellenius","Snellenius lucindamcdadeae","BOLD:AAD3624","BSE Malaise Trap",10.8438,-85.6138,"2012-06-25","1",632,"GMCRB"
"BIOUG05195-A07","GMCRB244-13","GMP#00618","Arthropoda","Insecta","Hymenoptera","Braconidae","Microgastrinae","Dolichogenidea","Dolichogenidea Rodriguez197","BOLD:AAC8392","BSE Malaise Trap",10.8438,-85.6138,"2012-06-25","1",609,"GMCRB"
"BIOUG05195-B02","GMCRB251-13","GMP#00618","Arthropoda","Insecta","Hymenoptera","Braconidae","Microgastrinae","Pseudapanteles","Pseudapanteles rosemarykarpinskiae","BOLD:AAB2826","BSE Malaise Trap",10.8438,-85.6138,"2012-06-25","1",609,"GMCRB"
"BIOUG05195-B08","GMCRB257-13","GMP#00618","Arthropoda","Insecta","Hymenoptera","Braconidae","Microgastrinae","Rhygoplitis","Rhygoplitis Whitfield01","BOLD:AAC0735","BSE Malaise Trap",10.8438,-85.6138,"2012-06-25","1",609,"GMCRB"
"BIOUG05195-D04","GMCRB277-13","GMP#00618","Arthropoda","Insecta","Hymenoptera","Braconidae","Microgastrinae","Rhygoplitis","Rhygoplitis Whitfield01","BOLD:AAC0735","BSE Malaise Trap",10.8438,-85.6138,"2012-06-25","1",609,"GMCRB"
"BIOUG05195-D07","GMCRB280-13","GMP#00618","Arthropoda","Insecta","Hymenoptera","Braconidae","Microgastrinae","Dolichogenidea","Dolichogenidea Janzen117","BOLD:AAD9699","BSE Malaise Trap",10.8438,-85.6138,"2012-06-25","1",609,"GMCRB"
"BIOUG05280-A06","GMCRC1124-13","GMP#00619","Arthropoda","Insecta","Hymenoptera","Braconidae","Microgastrinae","Dolichogenidea","Dolichogenidea Janzen117","BOLD:AAD9699","BSE Malaise Trap",10.8438,-85.6138,"2012-07-04","1",613,"GMCRC"
"BIOUG05280-A12","GMCRC1130-13","GMP#00619","Arthropoda","Insecta","Hymenoptera","Braconidae","Microgastrinae","Pseudapanteles","Pseudapanteles rosemarykarpinskiae","BOLD:AAB2826","BSE Malaise Trap",10.8438,-85.6138,"2012-07-04","1",631,"GMCRC"
"BIOUG05280-C06","GMCRC1148-13","GMP#00619","Arthropoda","Insecta","Hymenoptera","Braconidae","Microgastrinae","Dolichogenidea","Dolichogenidea Janzen117","BOLD:AAD9699","BSE Malaise Trap",10.8438,-85.6138,"2012-07-04","1",612,"GMCRC"
"BIOUG05280-D08","GMCRC1344-13","GMP#00619","Arthropoda","Insecta","Hymenoptera","Braconidae","Microgastrinae","Dolichogenidea","Dolichogenidea Rodriguez145","BOLD:AAB9372","BSE Malaise Trap",10.8438,-85.6138,"2012-07-04","1",628,"GMCRC"
"BIOUG05279-A03","GMCRC148-13","GMP#00619","Arthropoda","Insecta","Hymenoptera","Braconidae","Microgastrinae","Dolichogenidea","Dolichogenidea Janzen117","BOLD:AAD9699","BSE Malaise Trap",10.8438,-85.6138,"2012-07-04","1",609,"GMCRC"
"BIOUG05279-B02","GMCRC159-13","GMP#00619","Arthropoda","Insecta","Hymenoptera","Braconidae","Microgastrinae","Apanteles","Apanteles Whitfield305","BOLD:AAK1646","BSE Malaise Trap",10.8438,-85.6138,"2012-07-04","1",658,"GMCRC"
"BIOUG05279-B12","GMCRC169-13","GMP#00619","Arthropoda","Insecta","Hymenoptera","Braconidae","Microgastrinae","Rhygoplitis","Rhygoplitis Whitfield01","BOLD:AAC0735","BSE Malaise Trap",10.8438,-85.6138,"2012-07-04","1",615,"GMCRC"
"BIOUG05279-D06","GMCRC187-13","GMP#00619","Arthropoda","Insecta","Hymenoptera","Braconidae","Microgastrinae","Glyptapanteles","Glyptapanteles daveschindeli","BOLD:AAF8182","BSE Malaise Trap",10.8438,-85.6138,"2012-07-04","1",606,"GMCRC"
"BIOUG05279-F11","GMCRC216-13","GMP#00619","Arthropoda","Insecta","Hymenoptera","Braconidae","Microgastrinae","Dolichogenidea","Dolichogenidea Janzen117","BOLD:AAD9699","BSE Malaise Trap",10.8438,-85.6138,"2012-07-04","1",558,"GMCRC"
"BIOUG05279-G03","GMCRC220-13","GMP#00619","Arthropoda","Insecta","Hymenoptera","Braconidae","Microgastrinae","Dolichogenidea","Dolichogenidea Janzen117","BOLD:AAD9699","BSE Malaise Trap",10.8438,-85.6138,"2012-07-04","1",603,"GMCRC"
"BIOUG05334-A07","GMCRD115-13","GMP#00620","Arthropoda","Insecta","Hymenoptera","Braconidae","Microgastrinae","Rhygoplitis","Rhygoplitis Whitfield01","BOLD:AAC0735","BSE Malaise Trap",10.8438,-85.6138,"2012-07-09","1",618,"GMCRD"
"BIOUG05334-A09","GMCRD117-13","GMP#00620","Arthropoda","Insecta","Hymenoptera","Braconidae","Microgastrinae","Dolichogenidea","Dolichogenidea Janzen117","BOLD:AAD9699","BSE Malaise Trap",10.8438,-85.6138,"2012-07-09","1",627,"GMCRD"
"BIOUG05334-B11","GMCRD131-13","GMP#00620","Arthropoda","Insecta","Hymenoptera","Braconidae","Microgastrinae","Rhygoplitis","Rhygoplitis Whitfield01","BOLD:AAC0735","BSE Malaise Trap",10.8438,-85.6138,"2012-07-09","1",627,"GMCRD"
"BIOUG05346-H09","GMCRE1002-13","GMP#00621","Arthropoda","Insecta","Hymenoptera","Braconidae","Microgastrinae","Glyptapanteles","Glyptapanteles pamitchellae","BOLD:AAA3934","BSE Malaise Trap",10.8438,-85.6138,"2012-07-16","1",576,"GMCRE"
"BIOUG05334-G08","GMCRE112-13","GMP#00621","Arthropoda","Insecta","Hymenoptera","Braconidae","Microgastrinae","Rhygoplitis","Rhygoplitis Whitfield01","BOLD:AAC0735","BSE Malaise Trap",10.8438,-85.6138,"2012-07-16","1",624,"GMCRE"
"BIOUG05334-G12","GMCRE116-13","GMP#00621","Arthropoda","Insecta","Hymenoptera","Braconidae","Microgastrinae","Dolichogenidea","Dolichogenidea Janzen117","BOLD:AAD9699","BSE Malaise Trap",10.8438,-85.6138,"2012-07-16","1",613,"GMCRE"
"BIOUG05334-H02","GMCRE118-13","GMP#00621","Arthropoda","Insecta","Hymenoptera","Braconidae","Microgastrinae","Dolichogenidea","Dolichogenidea Janzen117","BOLD:AAD9699","BSE Malaise Trap",10.8438,-85.6138,"2012-07-16","1",627,"GMCRE"
"BIOUG05334-H09","GMCRE125-13","GMP#00621","Arthropoda","Insecta","Hymenoptera","Braconidae","Microgastrinae","Glyptapanteles","Glyptapanteles daveschindeli","BOLD:AAF8182","BSE Malaise Trap",10.8438,-85.6138,"2012-07-16","1",617,"GMCRE"
"BIOUG05410-B08","GMCRE1445-13","GMP#00621","Arthropoda","Insecta","Hymenoptera","Braconidae","Microgastrinae","Rhygoplitis","Rhygoplitis Whitfield01","BOLD:AAC0735","BSE Malaise Trap",10.8438,-85.6138,"2012-07-16","1",594,"GMCRE"
"BIOUG05346-A01","GMCRE910-13","GMP#00621","Arthropoda","Insecta","Hymenoptera","Braconidae","Microgastrinae","Dolichogenidea","Dolichogenidea Janzen117","BOLD:AAD9699","BSE Malaise Trap",10.8438,-85.6138,"2012-07-16","1",588,"GMCRE"
"BIOUG05346-A04","GMCRE913-13","GMP#00621","Arthropoda","Insecta","Hymenoptera","Braconidae","Microgastrinae","Glyptapanteles","Glyptapanteles Whitfield75","BOLD:AAE7080","BSE Malaise Trap",10.8438,-85.6138,"2012-07-16","1",609,"GMCRE"
"BIOUG05346-B01","GMCRE922-13","GMP#00621","Arthropoda","Insecta","Hymenoptera","Braconidae","Microgastrinae","Dolichogenidea","Dolichogenidea Janzen117","BOLD:AAD9699","BSE Malaise Trap",10.8438,-85.6138,"2012-07-16","1",609,"GMCRE"
"BIOUG05346-B08","GMCRE929-13","GMP#00621","Arthropoda","Insecta","Hymenoptera","Braconidae","Microgastrinae","Diolcogaster","Diolcogaster Malaise3371","BOLD:ACG3371","BSE Malaise Trap",10.8438,-85.6138,"2012-07-16","1",611,"GMCRE"
"BIOUG05346-B09","GMCRE930-13","GMP#00621","Arthropoda","Insecta","Hymenoptera","Braconidae","Microgastrinae","Dolichogenidea","Dolichogenidea Rodriguez197","BOLD:AAC8392","BSE Malaise Trap",10.8438,-85.6138,"2012-07-16","1",573,"GMCRE"
"BIOUG05346-B10","GMCRE931-13","GMP#00621","Arthropoda","Insecta","Hymenoptera","Braconidae","Microgastrinae","Dolichogenidea","Dolichogenidea Janzen117","BOLD:AAD9699","BSE Malaise Trap",10.8438,-85.6138,"2012-07-16","1",603,"GMCRE"
"BIOUG05346-B12","GMCRE933-13","GMP#00621","Arthropoda","Insecta","Hymenoptera","Braconidae","Microgastrinae","Dolichogenidea","Dolichogenidea Janzen117","BOLD:AAD9699","BSE Malaise Trap",10.8438,-85.6138,"2012-07-16","1",606,"GMCRE"
"BIOUG05346-C01","GMCRE934-13","GMP#00621","Arthropoda","Insecta","Hymenoptera","Braconidae","Microgastrinae","Rhygoplitis","Rhygoplitis Whitfield01","BOLD:AAC0735","BSE Malaise Trap",10.8438,-85.6138,"2012-07-16","1",615,"GMCRE"
"BIOUG05346-C02","GMCRE935-13","GMP#00621","Arthropoda","Insecta","Hymenoptera","Braconidae","Microgastrinae","Dolichogenidea","Dolichogenidea Janzen117","BOLD:AAD9699","BSE Malaise Trap",10.8438,-85.6138,"2012-07-16","1",603,"GMCRE"
"BIOUG05346-C03","GMCRE936-13","GMP#00621","Arthropoda","Insecta","Hymenoptera","Braconidae","Microgastrinae","Dolichogenidea","Dolichogenidea Rodriguez197","BOLD:AAC8392","BSE Malaise Trap",10.8438,-85.6138,"2012-07-16","1",591,"GMCRE"
"BIOUG05346-C04","GMCRE937-13","GMP#00621","Arthropoda","Insecta","Hymenoptera","Braconidae","Microgastrinae","Snellenius","Snellenius lucindamcdadeae","BOLD:AAD3624","BSE Malaise Trap",10.8438,-85.6138,"2012-07-16","1",603,"GMCRE"
"BIOUG05346-C12","GMCRE945-13","GMP#00621","Arthropoda","Insecta","Hymenoptera","Braconidae","Microgastrinae","Rhygoplitis","Rhygoplitis Whitfield01","BOLD:AAC0735","BSE Malaise Trap",10.8438,-85.6138,"2012-07-16","1",615,"GMCRE"
"BIOUG05346-D02","GMCRE947-13","GMP#00621","Arthropoda","Insecta","Hymenoptera","Braconidae","Microgastrinae","Dolichogenidea","Dolichogenidea Janzen117","BOLD:AAD9699","BSE Malaise Trap",10.8438,-85.6138,"2012-07-16","1",603,"GMCRE"
"BIOUG05346-D11","GMCRE956-13","GMP#00621","Arthropoda","Insecta","Hymenoptera","Braconidae","Microgastrinae","Snellenius","Snellenius lucindamcdadeae","BOLD:AAD3624","BSE Malaise Trap",10.8438,-85.6138,"2012-07-16","1",603,"GMCRE"
"BIOUG05346-E05","GMCRE962-13","GMP#00621","Arthropoda","Insecta","Hymenoptera","Braconidae","Microgastrinae","Dolichogenidea","Dolichogenidea Malaise3373","BOLD:ACG3373","BSE Malaise Trap",10.8438,-85.6138,"2012-07-16","1",630,"GMCRE"
"BIOUG05346-E10","GMCRE967-13","GMP#00621","Arthropoda","Insecta","Hymenoptera","Braconidae","Microgastrinae","Apanteles","Apanteles eduardoramirezi","BOLD:AAA4554","BSE Malaise Trap",10.8438,-85.6138,"2012-07-16","1",603,"GMCRE"
"BIOUG05410-E08","GMCRF380-13","GMP#00622","Arthropoda","Insecta","Hymenoptera","Braconidae","Microgastrinae","Dolichogenidea","Dolichogenidea Janzen117","BOLD:AAD9699","BSE Malaise Trap",10.8438,-85.6138,"2012-07-23","1",615,"GMCRF"
"BIOUG05410-G06","GMCRF402-13","GMP#00622","Arthropoda","Insecta","Hymenoptera","Braconidae","Microgastrinae","Rhygoplitis","Rhygoplitis Whitfield01","BOLD:AAC0735","BSE Malaise Trap",10.8438,-85.6138,"2012-07-23","1",615,"GMCRF"
"BIOUG05410-G07","GMCRF403-13","GMP#00622","Arthropoda","Insecta","Hymenoptera","Braconidae","Microgastrinae","Dolichogenidea","Dolichogenidea Janzen117","BOLD:AAD9699","BSE Malaise Trap",10.8438,-85.6138,"2012-07-23","1",528,"GMCRF"
"BIOUG05410-H03","GMCRF411-13","GMP#00622","Arthropoda","Insecta","Hymenoptera","Braconidae","Microgastrinae","Apanteles","Apanteles Malaise5675","BOLD:AAA4554","BSE Malaise Trap",10.8438,-85.6138,"2012-07-23","1",606,"GMCRF"
"BIOUG05414-A03","GMCRF535-13","GMP#00622","Arthropoda","Insecta","Hymenoptera","Braconidae","Microgastrinae","Dolichogenidea","Dolichogenidea Janzen117","BOLD:AAD9699","BSE Malaise Trap",10.8438,-85.6138,"2012-07-23","1",630,"GMCRF"
"BIOUG05414-A04","GMCRF536-13","GMP#00622","Arthropoda","Insecta","Hymenoptera","Braconidae","Microgastrinae","Rhygoplitis","Rhygoplitis Whitfield01","BOLD:AAC0735","BSE Malaise Trap",10.8438,-85.6138,"2012-07-23","1",616,"GMCRF"
"BIOUG05414-B05","GMCRF549-13","GMP#00622","Arthropoda","Insecta","Hymenoptera","Braconidae","Microgastrinae","Rhygoplitis","Rhygoplitis Whitfield01","BOLD:AAC0735","BSE Malaise Trap",10.8438,-85.6138,"2012-07-23","1",619,"GMCRF"
"BIOUG05414-B06","GMCRF550-13","GMP#00622","Arthropoda","Insecta","Hymenoptera","Braconidae","Microgastrinae","Dolichogenidea","Dolichogenidea Rodriguez197","BOLD:AAC8392","BSE Malaise Trap",10.8438,-85.6138,"2012-07-23","1",626,"GMCRF"
"BIOUG05414-C08","GMCRF564-13","GMP#00622","Arthropoda","Insecta","Hymenoptera","Braconidae","Microgastrinae","Rhygoplitis","Rhygoplitis Whitfield01","BOLD:AAC0735","BSE Malaise Trap",10.8438,-85.6138,"2012-07-23","1",618,"GMCRF"
"BIOUG05414-C09","GMCRF565-13","GMP#00622","Arthropoda","Insecta","Hymenoptera","Braconidae","Microgastrinae","Dolichogenidea","Dolichogenidea Janzen117","BOLD:AAD9699","BSE Malaise Trap",10.8438,-85.6138,"2012-07-23","1",612,"GMCRF"
"BIOUG05414-D01","GMCRF569-13","GMP#00622","Arthropoda","Insecta","Hymenoptera","Braconidae","Microgastrinae","Pseudapanteles","Pseudapanteles rosemarykarpinskiae","BOLD:AAB2826","BSE Malaise Trap",10.8438,-85.6138,"2012-07-23","1",620,"GMCRF"
"BIOUG05422-D04","GMCRG300-13","GMP#00623","Arthropoda","Insecta","Hymenoptera","Braconidae","Microgastrinae","Apanteles","Apanteles Whitfield305","BOLD:AAK1646","BSE Malaise Trap",10.8438,-85.6138,"2012-07-30","1",658,"GMCRG"
"BIOUG05422-D08","GMCRG304-13","GMP#00623","Arthropoda","Insecta","Hymenoptera","Braconidae","Microgastrinae","Dolichogenidea","Dolichogenidea Rodriguez195","BOLD:AAM5088","BSE Malaise Trap",10.8438,-85.6138,"2012-07-30","1",658,"GMCRG"
"BIOUG05422-D09","GMCRG305-13","GMP#00623","Arthropoda","Insecta","Hymenoptera","Braconidae","Microgastrinae","Glyptapanteles","Glyptapanteles Whitfield90","BOLD:AAY1040","BSE Malaise Trap",10.8438,-85.6138,"2012-07-30","1",604,"GMCRG"
"BIOUG05422-F08","GMCRG328-13","GMP#00623","Arthropoda","Insecta","Hymenoptera","Braconidae","Microgastrinae","Apanteles","Apanteles eduardoramirezi","BOLD:AAA4554","BSE Malaise Trap",10.8438,-85.6138,"2012-07-30","1",633,"GMCRG"
"BIOUG05422-G08","GMCRG340-13","GMP#00623","Arthropoda","Insecta","Hymenoptera","Braconidae","Microgastrinae","Dolichogenidea","Dolichogenidea Janzen117","BOLD:AAD9699","BSE Malaise Trap",10.8438,-85.6138,"2012-07-30","1",619,"GMCRG"
"BIOUG05422-G12","GMCRG344-13","GMP#00623","Arthropoda","Insecta","Hymenoptera","Braconidae","Microgastrinae","Dolichogenidea","Dolichogenidea Rodriguez195","BOLD:AAM5088","BSE Malaise Trap",10.8438,-85.6138,"2012-07-30","1",658,"GMCRG"
"BIOUG05422-H01","GMCRG345-13","GMP#00623","Arthropoda","Insecta","Hymenoptera","Braconidae","Microgastrinae","Dolichogenidea","Dolichogenidea Rodriguez197","BOLD:AAC8392","BSE Malaise Trap",10.8438,-85.6138,"2012-07-30","1",632,"GMCRG"
"BIOUG05865-F02","GMCRG512-13","GMP#00623","Arthropoda","Insecta","Hymenoptera","Braconidae","Microgastrinae","Dolichogenidea","Dolichogenidea Janzen117","BOLD:AAD9699","BSE Malaise Trap",10.8438,-85.6138,"2012-07-30","1",601,"GMCRG"
"BIOUG05865-F05","GMCRG515-13","GMP#00623","Arthropoda","Insecta","Hymenoptera","Braconidae","Microgastrinae","Dolichogenidea","Dolichogenidea Rodriguez197","BOLD:AAC8392","BSE Malaise Trap",10.8438,-85.6138,"2012-07-30","1",628,"GMCRG"
"BIOUG05865-F06","GMCRG516-13","GMP#00623","Arthropoda","Insecta","Hymenoptera","Braconidae","Microgastrinae","Dolichogenidea","Dolichogenidea Rodriguez197","BOLD:AAC8392","BSE Malaise Trap",10.8438,-85.6138,"2012-07-30","1",632,"GMCRG"
"BIOUG05865-H01","GMCRG535-13","GMP#00623","Arthropoda","Insecta","Hymenoptera","Braconidae","Microgastrinae","Rhygoplitis","Rhygoplitis Whitfield01","BOLD:AAC0735","BSE Malaise Trap",10.8438,-85.6138,"2012-07-30","1",611,"GMCRG"
"BIOUG05865-H06","GMCRG540-13","GMP#00623","Arthropoda","Insecta","Hymenoptera","Braconidae","Microgastrinae","Hypomicrogaster","Hypomicrogaster OVRGDHJ02","BOLD:ACF2959","BSE Malaise Trap",10.8438,-85.6138,"2012-07-30","1",618,"GMCRG"
"BIOUG05414-F01","GMCRH032-13","GMP#00624","Arthropoda","Insecta","Hymenoptera","Braconidae","Microgastrinae","Hypomicrogaster","Hypomicrogaster samarshalli","BOLD:AAF7670","BSE Malaise Trap",10.8438,-85.6138,"2012-08-05","1",624,"GMCRH"
"BIOUG05414-F02","GMCRH033-13","GMP#00624","Arthropoda","Insecta","Hymenoptera","Braconidae","Microgastrinae","Rhygoplitis","Rhygoplitis Whitfield01","BOLD:AAC0735","BSE Malaise Trap",10.8438,-85.6138,"2012-08-05","1",627,"GMCRH"
"BIOUG05414-F03","GMCRH034-13","GMP#00624","Arthropoda","Insecta","Hymenoptera","Braconidae","Microgastrinae","Rhygoplitis","Rhygoplitis Whitfield01","BOLD:AAC0735","BSE Malaise Trap",10.8438,-85.6138,"2012-08-05","1",632,"GMCRH"
"BIOUG05414-F05","GMCRH036-13","GMP#00624","Arthropoda","Insecta","Hymenoptera","Braconidae","Microgastrinae","Dolichogenidea","Dolichogenidea Rodriguez145","BOLD:AAB9372","BSE Malaise Trap",10.8438,-85.6138,"2012-08-05","1",631,"GMCRH"
"BIOUG05414-F07","GMCRH038-13","GMP#00624","Arthropoda","Insecta","Hymenoptera","Braconidae","Microgastrinae","Rhygoplitis","Rhygoplitis Whitfield01","BOLD:AAC0735","BSE Malaise Trap",10.8438,-85.6138,"2012-08-05","1",624,"GMCRH"
"BIOUG05414-F10","GMCRH041-13","GMP#00624","Arthropoda","Insecta","Hymenoptera","Braconidae","Microgastrinae","Dolichogenidea","Dolichogenidea Janzen117","BOLD:AAD9699","BSE Malaise Trap",10.8438,-85.6138,"2012-08-05","1",631,"GMCRH"
"BIOUG05414-G08","GMCRH051-13","GMP#00624","Arthropoda","Insecta","Hymenoptera","Braconidae","Microgastrinae","Rhygoplitis","Rhygoplitis Whitfield01","BOLD:AAC0735","BSE Malaise Trap",10.8438,-85.6138,"2012-08-05","1",624,"GMCRH"
"BIOUG05414-G10","GMCRH053-13","GMP#00624","Arthropoda","Insecta","Hymenoptera","Braconidae","Microgastrinae","Rhygoplitis","Rhygoplitis Whitfield01","BOLD:AAC0735","BSE Malaise Trap",10.8438,-85.6138,"2012-08-05","1",614,"GMCRH"
"BIOUG05414-H04","GMCRH059-13","GMP#00624","Arthropoda","Insecta","Hymenoptera","Braconidae","Microgastrinae","Pseudapanteles","Pseudapanteles rosemarykarpinskiae","BOLD:AAB2826","BSE Malaise Trap",10.8438,-85.6138,"2012-08-05","1",613,"GMCRH"
"BIOUG05414-H07","GMCRH062-13","GMP#00624","Arthropoda","Insecta","Hymenoptera","Braconidae","Microgastrinae","Dolichogenidea","Dolichogenidea Rodriguez145","BOLD:AAB9372","BSE Malaise Trap",10.8438,-85.6138,"2012-08-05","1",631,"GMCRH"
"BIOUG05414-H10","GMCRH065-13","GMP#00624","Arthropoda","Insecta","Hymenoptera","Braconidae","Microgastrinae","Rhygoplitis","Rhygoplitis Whitfield01","BOLD:AAC0735","BSE Malaise Trap",10.8438,-85.6138,"2012-08-05","1",624,"GMCRH"
"BIOUG07116-A01","GMCRI113-13","GMP#00605","Arthropoda","Insecta","Hymenoptera","Braconidae","Microgastrinae","Rhygoplitis","Rhygoplitis Whitfield01","BOLD:AAC0735","BSE Malaise Trap",10.8438,-85.6138,"2012-03-26","1",609,"GMCRI"
"BIOUG07116-A03","GMCRI115-13","GMP#00605","Arthropoda","Insecta","Hymenoptera","Braconidae","Microgastrinae","Apanteles","Apanteles lisabearssae","BOLD:AAC2117","BSE Malaise Trap",10.8438,-85.6138,"2012-03-26","1",564,"GMCRI"
"BIOUG07116-A07","GMCRI119-13","GMP#00605","Arthropoda","Insecta","Hymenoptera","Braconidae","Microgastrinae","Rhygoplitis","Rhygoplitis Whitfield01","BOLD:AAC0735","BSE Malaise Trap",10.8438,-85.6138,"2012-03-26","1",609,"GMCRI"
"BIOUG07116-A08","GMCRI120-13","GMP#00605","Arthropoda","Insecta","Hymenoptera","Braconidae","Microgastrinae","Glyptapanteles","Glyptapanteles pamitchellae","BOLD:AAA3934","BSE Malaise Trap",10.8438,-85.6138,"2012-03-26","1",576,"GMCRI"
"BIOUG07116-B04","GMCRI128-13","GMP#00605","Arthropoda","Insecta","Hymenoptera","Braconidae","Microgastrinae","Rhygoplitis","Rhygoplitis Whitfield01","BOLD:AAC0735","BSE Malaise Trap",10.8438,-85.6138,"2012-03-26","1",615,"GMCRI"
"BIOUG07116-B09","GMCRI133-13","GMP#00605","Arthropoda","Insecta","Hymenoptera","Braconidae","Microgastrinae","Apanteles","Apanteles eduardoramirezi","BOLD:AAA4554","BSE Malaise Trap",10.8438,-85.6138,"2012-03-26","1",576,"GMCRI"
"BIOUG07116-C03","GMCRI139-13","GMP#00605","Arthropoda","Insecta","Hymenoptera","Braconidae","Microgastrinae","Apanteles","Apanteles eduardoramirezi","BOLD:AAA4554","BSE Malaise Trap",10.8438,-85.6138,"2012-03-26","1",591,"GMCRI"
"BIOUG07116-C04","GMCRI140-13","GMP#00605","Arthropoda","Insecta","Hymenoptera","Braconidae","Microgastrinae","Rhygoplitis","Rhygoplitis Whitfield01","BOLD:AAC0735","BSE Malaise Trap",10.8438,-85.6138,"2012-03-26","1",609,"GMCRI"
"BIOUG07116-C05","GMCRI141-13","GMP#00605","Arthropoda","Insecta","Hymenoptera","Braconidae","Microgastrinae","Rhygoplitis","Rhygoplitis Whitfield01","BOLD:AAC0735","BSE Malaise Trap",10.8438,-85.6138,"2012-03-26","1",609,"GMCRI"
"BIOUG07116-C12","GMCRI148-13","GMP#00605","Arthropoda","Insecta","Hymenoptera","Braconidae","Microgastrinae","Rhygoplitis","Rhygoplitis Whitfield01","BOLD:AAC0735","BSE Malaise Trap",10.8438,-85.6138,"2012-03-26","1",609,"GMCRI"
"BIOUG07116-D07","GMCRI155-13","GMP#00605","Arthropoda","Insecta","Hymenoptera","Braconidae","Microgastrinae","Rhygoplitis","Rhygoplitis Whitfield01","BOLD:AAC0735","BSE Malaise Trap",10.8438,-85.6138,"2012-03-26","1",576,"GMCRI"
"BIOUG07116-D09","GMCRI157-13","GMP#00605","Arthropoda","Insecta","Hymenoptera","Braconidae","Microgastrinae","Apanteles","Apanteles lisabearssae","BOLD:AAC2117","BSE Malaise Trap",10.8438,-85.6138,"2012-03-26","1",558,"GMCRI"
"BIOUG07116-E01","GMCRI161-13","GMP#00605","Arthropoda","Insecta","Hymenoptera","Braconidae","Microgastrinae","Apanteles","Apanteles lisabearssae","BOLD:AAC2117","BSE Malaise Trap",10.8438,-85.6138,"2012-03-26","1",576,"GMCRI"
"BIOUG07116-E02","GMCRI162-13","GMP#00605","Arthropoda","Insecta","Hymenoptera","Braconidae","Microgastrinae","Rhygoplitis","Rhygoplitis Whitfield01","BOLD:AAC0735","BSE Malaise Trap",10.8438,-85.6138,"2012-03-26","1",609,"GMCRI"
"BIOUG07116-E03","GMCRI163-13","GMP#00605","Arthropoda","Insecta","Hymenoptera","Braconidae","Microgastrinae","Rhygoplitis","Rhygoplitis Whitfield01","BOLD:AAC0735","BSE Malaise Trap",10.8438,-85.6138,"2012-03-26","1",549,"GMCRI"
"BIOUG07116-E04","GMCRI164-13","GMP#00605","Arthropoda","Insecta","Hymenoptera","Braconidae","Microgastrinae","Rhygoplitis","Rhygoplitis Whitfield01","BOLD:AAC0735","BSE Malaise Trap",10.8438,-85.6138,"2012-03-26","1",612,"GMCRI"
"BIOUG07116-E06","GMCRI166-13","GMP#00605","Arthropoda","Insecta","Hymenoptera","Braconidae","Microgastrinae","Apanteles","Apanteles eduardoramirezi","BOLD:AAA4554","BSE Malaise Trap",10.8438,-85.6138,"2012-03-26","1",604,"GMCRI"
"BIOUG07116-E07","GMCRI167-13","GMP#00605","Arthropoda","Insecta","Hymenoptera","Braconidae","Microgastrinae","Rhygoplitis","Rhygoplitis Whitfield01","BOLD:AAC0735","BSE Malaise Trap",10.8438,-85.6138,"2012-03-26","1",559,"GMCRI"
"BIOUG07116-E10","GMCRI170-13","GMP#00605","Arthropoda","Insecta","Hymenoptera","Braconidae","Microgastrinae","Rhygoplitis","Rhygoplitis Whitfield01","BOLD:AAC0735","BSE Malaise Trap",10.8438,-85.6138,"2012-03-26","1",594,"GMCRI"
"BIOUG07116-E12","GMCRI172-13","GMP#00605","Arthropoda","Insecta","Hymenoptera","Braconidae","Microgastrinae","Rhygoplitis","Rhygoplitis Whitfield01","BOLD:AAC0735","BSE Malaise Trap",10.8438,-85.6138,"2012-03-26","1",609,"GMCRI"
"BIOUG07116-F01","GMCRI173-13","GMP#00605","Arthropoda","Insecta","Hymenoptera","Braconidae","Microgastrinae","Rhygoplitis","Rhygoplitis Whitfield01","BOLD:AAC0735","BSE Malaise Trap",10.8438,-85.6138,"2012-03-26","1",564,"GMCRI"
"BIOUG07116-F02","GMCRI174-13","GMP#00605","Arthropoda","Insecta","Hymenoptera","Braconidae","Microgastrinae","Rhygoplitis","Rhygoplitis Whitfield01","BOLD:AAC0735","BSE Malaise Trap",10.8438,-85.6138,"2012-03-26","1",576,"GMCRI"
"BIOUG07116-F06","GMCRI178-13","GMP#00605","Arthropoda","Insecta","Hymenoptera","Braconidae","Microgastrinae","Rhygoplitis","Rhygoplitis Whitfield01","BOLD:AAC0735","BSE Malaise Trap",10.8438,-85.6138,"2012-03-26","1",561,"GMCRI"
"BIOUG07116-F07","GMCRI179-13","GMP#00605","Arthropoda","Insecta","Hymenoptera","Braconidae","Microgastrinae","Rhygoplitis","Rhygoplitis Whitfield01","BOLD:AAC0735","BSE Malaise Trap",10.8438,-85.6138,"2012-03-26","1",561,"GMCRI"
"BIOUG07116-F10","GMCRI182-13","GMP#00605","Arthropoda","Insecta","Hymenoptera","Braconidae","Microgastrinae","Apanteles","Apanteles eduardoramirezi","BOLD:AAA4554","BSE Malaise Trap",10.8438,-85.6138,"2012-03-26","1",558,"GMCRI"
"BIOUG07116-F12","GMCRI184-13","GMP#00605","Arthropoda","Insecta","Hymenoptera","Braconidae","Microgastrinae","Apanteles","Apanteles lisabearssae","BOLD:AAC2117","BSE Malaise Trap",10.8438,-85.6138,"2012-03-26","1",567,"GMCRI"
"BIOUG07116-G02","GMCRI186-13","GMP#00605","Arthropoda","Insecta","Hymenoptera","Braconidae","Microgastrinae","Apanteles","Apanteles eduardoramirezi","BOLD:AAA4554","BSE Malaise Trap",10.8438,-85.6138,"2012-03-26","1",603,"GMCRI"
"BIOUG07116-G05","GMCRI189-13","GMP#00605","Arthropoda","Insecta","Hymenoptera","Braconidae","Microgastrinae","Apanteles","Apanteles eduardoramirezi","BOLD:AAA4554","BSE Malaise Trap",10.8438,-85.6138,"2012-03-26","1",591,"GMCRI"
"BIOUG07116-G10","GMCRI194-13","GMP#00605","Arthropoda","Insecta","Hymenoptera","Braconidae","Microgastrinae","Apanteles","Apanteles eduardoramirezi","BOLD:AAA4554","BSE Malaise Trap",10.8438,-85.6138,"2012-03-26","1",603,"GMCRI"
"BIOUG07451-F10","GMCRI657-13","GMP#00605","Arthropoda","Insecta","Hymenoptera","Braconidae","Microgastrinae","Diolcogaster","Diolcogaster Choi77","BOLD:AAB9863","BSE Malaise Trap",10.8438,-85.6138,"2012-03-26","1",589,"GMCRI"
"BIOUG07453-D01","GMCRI814-13","GMP#00605","Arthropoda","Insecta","Hymenoptera","Braconidae","Microgastrinae","Apanteles","Apanteles eduardoramirezi","BOLD:AAA4554","BSE Malaise Trap",10.8438,-85.6138,"2012-03-26","1",571,"GMCRI"
"BIOUG07453-D04","GMCRI817-13","GMP#00605","Arthropoda","Insecta","Hymenoptera","Braconidae","Microgastrinae","Rhygoplitis","Rhygoplitis Whitfield01","BOLD:AAC0735","BSE Malaise Trap",10.8438,-85.6138,"2012-03-26","1",590,"GMCRI"
"BIOUG07453-D05","GMCRI818-13","GMP#00605","Arthropoda","Insecta","Hymenoptera","Braconidae","Microgastrinae","Diolcogaster","Diolcogaster Choi84","BOLD:AAB0594","BSE Malaise Trap",10.8438,-85.6138,"2012-03-26","1",561,"GMCRI"
"BIOUG07453-D08","GMCRI821-13","GMP#00605","Arthropoda","Insecta","Hymenoptera","Braconidae","Microgastrinae","Diolcogaster","Diolcogaster Choi84","BOLD:AAB0594","BSE Malaise Trap",10.8438,-85.6138,"2012-03-26","1",592,"GMCRI"
"BIOUG07453-E03","GMCRI828-13","GMP#00605","Arthropoda","Insecta","Hymenoptera","Braconidae","Microgastrinae","Apanteles","Apanteles eduardoramirezi","BOLD:AAA4554","BSE Malaise Trap",10.8438,-85.6138,"2012-03-26","1",571,"GMCRI"
"BIOUG07453-E09","GMCRI834-13","GMP#00605","Arthropoda","Insecta","Hymenoptera","Braconidae","Microgastrinae","Rhygoplitis","Rhygoplitis Whitfield01","BOLD:AAC0735","BSE Malaise Trap",10.8438,-85.6138,"2012-03-26","1",579,"GMCRI"
"BIOUG07453-E10","GMCRI835-13","GMP#00605","Arthropoda","Insecta","Hymenoptera","Braconidae","Microgastrinae","Apanteles","Apanteles lisabearssae","BOLD:AAC2117","BSE Malaise Trap",10.8438,-85.6138,"2012-03-26","1",581,"GMCRI"
"BIOUG07453-E11","GMCRI836-13","GMP#00605","Arthropoda","Insecta","Hymenoptera","Braconidae","Microgastrinae","Rhygoplitis","Rhygoplitis Whitfield01","BOLD:AAC0735","BSE Malaise Trap",10.8438,-85.6138,"2012-03-26","1",596,"GMCRI"
"BIOUG07453-F12","GMCRI849-13","GMP#00605","Arthropoda","Insecta","Hymenoptera","Braconidae","Microgastrinae","Apanteles","Apanteles eduardoramirezi","BOLD:AAA4554","BSE Malaise Trap",10.8438,-85.6138,"2012-03-26","1",520,"GMCRI"
"BIOUG07457-B12","GMCRJ205-13","GMP#00607","Arthropoda","Insecta","Hymenoptera","Braconidae","Microgastrinae","Rhygoplitis","Rhygoplitis Whitfield01","BOLD:AAC0735","BSE Malaise Trap",10.8438,-85.6138,"2012-04-09","1",597,"GMCRJ"
"BIOUG07457-C05","GMCRJ210-13","GMP#00607","Arthropoda","Insecta","Hymenoptera","Braconidae","Microgastrinae","Apanteles","Apanteles lisabearssae","BOLD:AAC2117","BSE Malaise Trap",10.8438,-85.6138,"2012-04-09","1",550,"GMCRJ"
"BIOUG07457-D01","GMCRJ218-13","GMP#00607","Arthropoda","Insecta","Hymenoptera","Braconidae","Microgastrinae","Dolichogenidea","Dolichogenidea Janzen324","BOLD:AAM5853","BSE Malaise Trap",10.8438,-85.6138,"2012-04-09","1",658,"GMCRJ"
"BIOUG07457-D03","GMCRJ220-13","GMP#00607","Arthropoda","Insecta","Hymenoptera","Braconidae","Microgastrinae","Apanteles","Apanteles eduardoramirezi","BOLD:AAA4554","BSE Malaise Trap",10.8438,-85.6138,"2012-04-09","1",589,"GMCRJ"
"BIOUG07457-D09","GMCRJ226-13","GMP#00607","Arthropoda","Insecta","Hymenoptera","Braconidae","Microgastrinae","Apanteles","Apanteles lisabearssae","BOLD:AAC2117","BSE Malaise Trap",10.8438,-85.6138,"2012-04-09","1",556,"GMCRJ"
"BIOUG07457-E05","GMCRJ234-13","GMP#00607","Arthropoda","Insecta","Hymenoptera","Braconidae","Microgastrinae","Rhygoplitis","Rhygoplitis Whitfield01","BOLD:AAC0735","BSE Malaise Trap",10.8438,-85.6138,"2012-04-09","1",593,"GMCRJ"
"BIOUG07457-F07","GMCRJ248-13","GMP#00607","Arthropoda","Insecta","Hymenoptera","Braconidae","Microgastrinae","Rhygoplitis","Rhygoplitis Whitfield01","BOLD:AAC0735","BSE Malaise Trap",10.8438,-85.6138,"2012-04-09","1",596,"GMCRJ"
"BIOUG07457-F09","GMCRJ250-13","GMP#00607","Arthropoda","Insecta","Hymenoptera","Braconidae","Microgastrinae","Apanteles","Apanteles Malaise1259","BOLD:ACJ1259","BSE Malaise Trap",10.8438,-85.6138,"2012-04-09","1",658,"GMCRJ"
"BIOUG07457-G01","GMCRJ254-13","GMP#00607","Arthropoda","Insecta","Hymenoptera","Braconidae","Microgastrinae","Apanteles","Apanteles eduardoramirezi","BOLD:AAA4554","BSE Malaise Trap",10.8438,-85.6138,"2012-04-09","1",589,"GMCRJ"
"BIOUG07457-G06","GMCRJ259-13","GMP#00607","Arthropoda","Insecta","Hymenoptera","Braconidae","Microgastrinae","Dolichogenidea","Dolichogenidea Rodriguez195","BOLD:AAM5088","BSE Malaise Trap",10.8438,-85.6138,"2012-04-09","1",658,"GMCRJ"
"BIOUG07457-G08","GMCRJ261-13","GMP#00607","Arthropoda","Insecta","Hymenoptera","Braconidae","Microgastrinae","Apanteles","Apanteles eduardoramirezi","BOLD:AAA4554","BSE Malaise Trap",10.8438,-85.6138,"2012-04-09","1",584,"GMCRJ"
"BIOUG07457-H02","GMCRJ267-13","GMP#00607","Arthropoda","Insecta","Hymenoptera","Braconidae","Microgastrinae","Diolcogaster","Diolcogaster Choi84","BOLD:AAB0594","BSE Malaise Trap",10.8438,-85.6138,"2012-04-09","1",602,"GMCRJ"
"BIOUG07458-A01","GMCRJ277-13","GMP#00607","Arthropoda","Insecta","Hymenoptera","Braconidae","Microgastrinae","Apanteles","Apanteles lisabearssae","BOLD:AAC2117","BSE Malaise Trap",10.8438,-85.6138,"2012-04-09","1",555,"GMCRJ"
"BIOUG07458-A10","GMCRJ286-13","GMP#00607","Arthropoda","Insecta","Hymenoptera","Braconidae","Microgastrinae","Apanteles","Apanteles lisabearssae","BOLD:AAC2117","BSE Malaise Trap",10.8438,-85.6138,"2012-04-09","1",555,"GMCRJ"
"BIOUG07458-A11","GMCRJ287-13","GMP#00607","Arthropoda","Insecta","Hymenoptera","Braconidae","Microgastrinae","Apanteles","Apanteles lisabearssae","BOLD:AAC2117","BSE Malaise Trap",10.8438,-85.6138,"2012-04-09","1",596,"GMCRJ"
"BIOUG07458-B02","GMCRJ290-13","GMP#00607","Arthropoda","Insecta","Hymenoptera","Braconidae","Microgastrinae","Apanteles","Apanteles eduardoramirezi","BOLD:AAA4554","BSE Malaise Trap",10.8438,-85.6138,"2012-04-09","1",596,"GMCRJ"
"BIOUG07458-B04","GMCRJ292-13","GMP#00607","Arthropoda","Insecta","Hymenoptera","Braconidae","Microgastrinae","Apanteles","Apanteles lisabearssae","BOLD:AAC2117","BSE Malaise Trap",10.8438,-85.6138,"2012-04-09","1",592,"GMCRJ"
"BIOUG07458-D05","GMCRJ317-13","GMP#00607","Arthropoda","Insecta","Hymenoptera","Braconidae","Microgastrinae","Diolcogaster","Diolcogaster Choi77","BOLD:AAB9863","BSE Malaise Trap",10.8438,-85.6138,"2012-04-09","1",602,"GMCRJ"
"BIOUG07458-E05","GMCRJ329-13","GMP#00607","Arthropoda","Insecta","Hymenoptera","Braconidae","Microgastrinae","Rhygoplitis","Rhygoplitis Whitfield01","BOLD:AAC0735","BSE Malaise Trap",10.8438,-85.6138,"2012-04-09","1",600,"GMCRJ"
"BIOUG07458-F05","GMCRJ341-13","GMP#00607","Arthropoda","Insecta","Hymenoptera","Braconidae","Microgastrinae","Apanteles","Apanteles eduardoramirezi","BOLD:AAA4554","BSE Malaise Trap",10.8438,-85.6138,"2012-04-09","1",596,"GMCRJ"
"BIOUG07458-F06","GMCRJ342-13","GMP#00607","Arthropoda","Insecta","Hymenoptera","Braconidae","Microgastrinae","Apanteles","Apanteles eduardoramirezi","BOLD:AAA4554","BSE Malaise Trap",10.8438,-85.6138,"2012-04-09","1",597,"GMCRJ"
"BIOUG07617-A03","GMCRK003-13","GMP#00609","Arthropoda","Insecta","Hymenoptera","Braconidae","Microgastrinae","Dolichogenidea","Dolichogenidea Rodriguez195","BOLD:AAM5088","BSE Malaise Trap",10.8438,-85.6138,"2012-04-23","1",658,"GMCRK"
"BIOUG07617-A06","GMCRK006-13","GMP#00609","Arthropoda","Insecta","Hymenoptera","Braconidae","Microgastrinae","Rhygoplitis","Rhygoplitis Whitfield01","BOLD:AAC0735","BSE Malaise Trap",10.8438,-85.6138,"2012-04-23","1",578,"GMCRK"
"BIOUG07617-B01","GMCRK013-13","GMP#00609","Arthropoda","Insecta","Hymenoptera","Braconidae","Microgastrinae","Apanteles","Apanteles lisabearssae","BOLD:AAC2117","BSE Malaise Trap",10.8438,-85.6138,"2012-04-23","1",612,"GMCRK"
"BIOUG07617-B09","GMCRK021-13","GMP#00609","Arthropoda","Insecta","Hymenoptera","Braconidae","Microgastrinae","Rhygoplitis","Rhygoplitis Whitfield01","BOLD:AAC0735","BSE Malaise Trap",10.8438,-85.6138,"2012-04-23","1",594,"GMCRK"
"BIOUG07617-C01","GMCRK025-13","GMP#00609","Arthropoda","Insecta","Hymenoptera","Braconidae","Microgastrinae","Apanteles","Apanteles eduardoramirezi","BOLD:AAA4554","BSE Malaise Trap",10.8438,-85.6138,"2012-04-23","1",585,"GMCRK"
"BIOUG07617-D07","GMCRK043-13","GMP#00609","Arthropoda","Insecta","Hymenoptera","Braconidae","Microgastrinae","Rhygoplitis","Rhygoplitis Whitfield01","BOLD:AAC0735","BSE Malaise Trap",10.8438,-85.6138,"2012-04-23","1",569,"GMCRK"
"BIOUG07617-E04","GMCRK052-13","GMP#00609","Arthropoda","Insecta","Hymenoptera","Braconidae","Microgastrinae","Snellenius","Snellenius vickifunkae","BOLD:AAH2836","BSE Malaise Trap",10.8438,-85.6138,"2012-04-23","1",658,"GMCRK"
"BIOUG07617-E08","GMCRK056-13","GMP#00609","Arthropoda","Insecta","Hymenoptera","Braconidae","Microgastrinae","Pseudapanteles","Pseudapanteles Malaise8549","BOLD:ACB8549","BSE Malaise Trap",10.8438,-85.6138,"2012-04-23","1",658,"GMCRK"
"BIOUG07617-E12","GMCRK060-13","GMP#00609","Arthropoda","Insecta","Hymenoptera","Braconidae","Microgastrinae","Rhygoplitis","Rhygoplitis Whitfield01","BOLD:AAC0735","BSE Malaise Trap",10.8438,-85.6138,"2012-04-23","1",549,"GMCRK"
"BIOUG07617-F09","GMCRK069-13","GMP#00609","Arthropoda","Insecta","Hymenoptera","Braconidae","Microgastrinae","Apanteles","Apanteles lisabearssae","BOLD:AAC2117","BSE Malaise Trap",10.8438,-85.6138,"2012-04-23","1",555,"GMCRK"
"BIOUG07617-H04","GMCRK088-13","GMP#00609","Arthropoda","Insecta","Hymenoptera","Braconidae","Microgastrinae","Apanteles","Apanteles lisabearssae","BOLD:AAC2117","BSE Malaise Trap",10.8438,-85.6138,"2012-04-23","1",519,"GMCRK"
"BIOUG07619-B03","GMCRK110-13","GMP#00609","Arthropoda","Insecta","Hymenoptera","Braconidae","Microgastrinae","Diolcogaster","Diolcogaster Choi84","BOLD:AAB0594","BSE Malaise Trap",10.8438,-85.6138,"2012-04-23","1",601,"GMCRK"
"BIOUG07619-C12","GMCRK131-13","GMP#00609","Arthropoda","Insecta","Hymenoptera","Braconidae","Microgastrinae","Diolcogaster","Diolcogaster Choi77","BOLD:AAB9863","BSE Malaise Trap",10.8438,-85.6138,"2012-04-23","1",563,"GMCRK"
"BIOUG07619-D11","GMCRK142-13","GMP#00609","Arthropoda","Insecta","Hymenoptera","Braconidae","Microgastrinae","Apanteles","Apanteles eduardoramirezi","BOLD:AAA4554","BSE Malaise Trap",10.8438,-85.6138,"2012-04-23","1",577,"GMCRK"
"BIOUG07619-E01","GMCRK144-13","GMP#00609","Arthropoda","Insecta","Hymenoptera","Braconidae","Microgastrinae","Rhygoplitis","Rhygoplitis Whitfield01","BOLD:AAC0735","BSE Malaise Trap",10.8438,-85.6138,"2012-04-23","1",524,"GMCRK"
"BIOUG07619-E08","GMCRK151-13","GMP#00609","Arthropoda","Insecta","Hymenoptera","Braconidae","Microgastrinae","Rhygoplitis","Rhygoplitis Whitfield01","BOLD:AAC0735","BSE Malaise Trap",10.8438,-85.6138,"2012-04-23","1",539,"GMCRK"
"BIOUG07619-F05","GMCRK160-13","GMP#00609","Arthropoda","Insecta","Hymenoptera","Braconidae","Microgastrinae","Apanteles","Apanteles eduardoramirezi","BOLD:AAA4554","BSE Malaise Trap",10.8438,-85.6138,"2012-04-23","1",540,"GMCRK"
"BIOUG07619-F08","GMCRK163-13","GMP#00609","Arthropoda","Insecta","Hymenoptera","Braconidae","Microgastrinae","Apanteles","Apanteles lisabearssae","BOLD:AAC2117","BSE Malaise Trap",10.8438,-85.6138,"2012-04-23","1",554,"GMCRK"
"BIOUG07614-D11","GMCRK1863-13","GMP#00609","Arthropoda","Insecta","Hymenoptera","Braconidae","Microgastrinae","Apanteles","Apanteles lisabearssae","BOLD:AAC2117","BSE Malaise Trap",10.8438,-85.6138,"2012-04-23","1",579,"GMCRK"
"BIOUG07614-H05","GMCRK1905-13","GMP#00609","Arthropoda","Insecta","Hymenoptera","Braconidae","Microgastrinae","Apanteles","Apanteles eduardoramirezi","BOLD:AAA4554","BSE Malaise Trap",10.8438,-85.6138,"2012-04-23","1",579,"GMCRK"
"BIOUG07614-H08","GMCRK1908-13","GMP#00609","Arthropoda","Insecta","Hymenoptera","Braconidae","Microgastrinae","Apanteles","Apanteles eduardoramirezi","BOLD:AAA4554","BSE Malaise Trap",10.8438,-85.6138,"2012-04-23","1",550,"GMCRK"
"BIOUG07614-H10","GMCRK1910-13","GMP#00609","Arthropoda","Insecta","Hymenoptera","Braconidae","Microgastrinae","Apanteles","Apanteles eduardoramirezi","BOLD:AAA4554","BSE Malaise Trap",10.8438,-85.6138,"2012-04-23","1",586,"GMCRK"
"BIOUG07614-H11","GMCRK1911-13","GMP#00609","Arthropoda","Insecta","Hymenoptera","Braconidae","Microgastrinae","Apanteles","Apanteles lisabearssae","BOLD:AAC2117","BSE Malaise Trap",10.8438,-85.6138,"2012-04-23","1",548,"GMCRK"
"BIOUG07615-A07","GMCRK1918-13","GMP#00609","Arthropoda","Insecta","Hymenoptera","Braconidae","Microgastrinae","Diolcogaster","Diolcogaster Choi84","BOLD:AAB0594","BSE Malaise Trap",10.8438,-85.6138,"2012-04-23","1",564,"GMCRK"
"BIOUG07615-B01","GMCRK1924-13","GMP#00609","Arthropoda","Insecta","Hymenoptera","Braconidae","Microgastrinae","Apanteles","Apanteles eduardoramirezi","BOLD:AAA4554","BSE Malaise Trap",10.8438,-85.6138,"2012-04-23","1",564,"GMCRK"
"BIOUG07615-B02","GMCRK1925-13","GMP#00609","Arthropoda","Insecta","Hymenoptera","Braconidae","Microgastrinae","Apanteles","Apanteles eduardoramirezi","BOLD:AAA4554","BSE Malaise Trap",10.8438,-85.6138,"2012-04-23","1",579,"GMCRK"
"BIOUG07615-B07","GMCRK1930-13","GMP#00609","Arthropoda","Insecta","Hymenoptera","Braconidae","Microgastrinae","Apanteles","Apanteles lisabearssae","BOLD:AAC2117","BSE Malaise Trap",10.8438,-85.6138,"2012-04-23","1",542,"GMCRK"
"BIOUG07615-B08","GMCRK1931-13","GMP#00609","Arthropoda","Insecta","Hymenoptera","Braconidae","Microgastrinae","Apanteles","Apanteles eduardoramirezi","BOLD:AAA4554","BSE Malaise Trap",10.8438,-85.6138,"2012-04-23","1",567,"GMCRK"
"BIOUG07615-B12","GMCRK1935-13","GMP#00609","Arthropoda","Insecta","Hymenoptera","Braconidae","Microgastrinae","Apanteles","Apanteles lisabearssae","BOLD:AAC2117","BSE Malaise Trap",10.8438,-85.6138,"2012-04-23","1",539,"GMCRK"
"BIOUG07615-C01","GMCRK1936-13","GMP#00609","Arthropoda","Insecta","Hymenoptera","Braconidae","Microgastrinae","Apanteles","Apanteles Malaise2550","BOLD:ACJ2550","BSE Malaise Trap",10.8438,-85.6138,"2012-04-23","1",673,"GMCRK"
"BIOUG07615-C07","GMCRK1942-13","GMP#00609","Arthropoda","Insecta","Hymenoptera","Braconidae","Microgastrinae","Rhygoplitis","Rhygoplitis Whitfield01","BOLD:AAC0735","BSE Malaise Trap",10.8438,-85.6138,"2012-04-23","1",587,"GMCRK"
"BIOUG07615-C08","GMCRK1943-13","GMP#00609","Arthropoda","Insecta","Hymenoptera","Braconidae","Microgastrinae","Apanteles","Apanteles eduardoramirezi","BOLD:AAA4554","BSE Malaise Trap",10.8438,-85.6138,"2012-04-23","1",548,"GMCRK"
"BIOUG07615-D04","GMCRK1951-13","GMP#00609","Arthropoda","Insecta","Hymenoptera","Braconidae","Microgastrinae","Apanteles","Apanteles lisabearssae","BOLD:AAC2117","BSE Malaise Trap",10.8438,-85.6138,"2012-04-23","1",541,"GMCRK"
"BIOUG07615-G11","GMCRK1994-13","GMP#00609","Arthropoda","Insecta","Hymenoptera","Braconidae","Microgastrinae","Apanteles","Apanteles lisabearssae","BOLD:AAC2117","BSE Malaise Trap",10.8438,-85.6138,"2012-04-23","1",540,"GMCRK"
"BIOUG07615-H05","GMCRK2000-13","GMP#00609","Arthropoda","Insecta","Hymenoptera","Braconidae","Microgastrinae","Hypomicrogaster","Hypomicrogaster specialis","BOLD:ABZ2026","BSE Malaise Trap",10.8438,-85.6138,"2012-04-23","1",673,"GMCRK"
"BIOUG07615-H07","GMCRK2002-13","GMP#00609","Arthropoda","Insecta","Hymenoptera","Braconidae","Microgastrinae","Apanteles","Apanteles eduardoramirezi","BOLD:AAA4554","BSE Malaise Trap",10.8438,-85.6138,"2012-04-23","1",554,"GMCRK"
"BIOUG07615-H10","GMCRK2005-13","GMP#00609","Arthropoda","Insecta","Hymenoptera","Braconidae","Microgastrinae","Dolichogenidea","Dolichogenidea Rodriguez195","BOLD:AAM5088","BSE Malaise Trap",10.8438,-85.6138,"2012-04-23","1",673,"GMCRK"
"BIOUG07616-B02","GMCRK2020-13","GMP#00609","Arthropoda","Insecta","Hymenoptera","Braconidae","Microgastrinae","Apanteles","Apanteles eduardoramirezi","BOLD:AAA4554","BSE Malaise Trap",10.8438,-85.6138,"2012-04-23","1",574,"GMCRK"
"BIOUG07616-B12","GMCRK2030-13","GMP#00609","Arthropoda","Insecta","Hymenoptera","Braconidae","Microgastrinae","Apanteles","Apanteles eduardoramirezi","BOLD:AAA4554","BSE Malaise Trap",10.8438,-85.6138,"2012-04-23","1",550,"GMCRK"
"BIOUG07616-C01","GMCRK2031-13","GMP#00609","Arthropoda","Insecta","Hymenoptera","Braconidae","Microgastrinae","Apanteles","Apanteles eduardoramirezi","BOLD:AAA4554","BSE Malaise Trap",10.8438,-85.6138,"2012-04-23","1",570,"GMCRK"
"BIOUG07616-C10","GMCRK2040-13","GMP#00609","Arthropoda","Insecta","Hymenoptera","Braconidae","Microgastrinae","Diolcogaster","Diolcogaster Choi84","BOLD:AAB0594","BSE Malaise Trap",10.8438,-85.6138,"2012-04-23","1",601,"GMCRK"
"BIOUG07616-D08","GMCRK2050-13","GMP#00609","Arthropoda","Insecta","Hymenoptera","Braconidae","Microgastrinae","Apanteles","Apanteles Malaise2416","BOLD:ACJ2416","BSE Malaise Trap",10.8438,-85.6138,"2012-04-23","1",548,"GMCRK"
"BIOUG07616-D10","GMCRK2052-13","GMP#00609","Arthropoda","Insecta","Hymenoptera","Braconidae","Microgastrinae","Apanteles","Apanteles lisabearssae","BOLD:AAC2117","BSE Malaise Trap",10.8438,-85.6138,"2012-04-23","1",550,"GMCRK"
"BIOUG07616-F02","GMCRK2068-13","GMP#00609","Arthropoda","Insecta","Hymenoptera","Braconidae","Microgastrinae","Apanteles","Apanteles eduardoramirezi","BOLD:AAA4554","BSE Malaise Trap",10.8438,-85.6138,"2012-04-23","1",563,"GMCRK"
"BIOUG07616-F03","GMCRK2069-13","GMP#00609","Arthropoda","Insecta","Hymenoptera","Braconidae","Microgastrinae","Apanteles","Apanteles lisabearssae","BOLD:AAC2117","BSE Malaise Trap",10.8438,-85.6138,"2012-04-23","1",543,"GMCRK"
"BIOUG07616-G06","GMCRK2084-13","GMP#00609","Arthropoda","Insecta","Hymenoptera","Braconidae","Microgastrinae","Apanteles","Apanteles lisabearssae","BOLD:AAC2117","BSE Malaise Trap",10.8438,-85.6138,"2012-04-23","1",540,"GMCRK"
"BIOUG07616-G07","GMCRK2085-13","GMP#00609","Arthropoda","Insecta","Hymenoptera","Braconidae","Microgastrinae","Apanteles","Apanteles lisabearssae","BOLD:AAC2117","BSE Malaise Trap",10.8438,-85.6138,"2012-04-23","1",541,"GMCRK"
"BIOUG07616-H03","GMCRK2093-13","GMP#00609","Arthropoda","Insecta","Hymenoptera","Braconidae","Microgastrinae","Apanteles","Apanteles eduardoramirezi","BOLD:AAA4554","BSE Malaise Trap",10.8438,-85.6138,"2012-04-23","1",587,"GMCRK"
"BIOUG07618-A11","GMCRK2112-13","GMP#00609","Arthropoda","Insecta","Hymenoptera","Braconidae","Microgastrinae","Rhygoplitis","Rhygoplitis Whitfield01","BOLD:AAC0735","BSE Malaise Trap",10.8438,-85.6138,"2012-04-23","1",553,"GMCRK"
"BIOUG07618-B01","GMCRK2114-13","GMP#00609","Arthropoda","Insecta","Hymenoptera","Braconidae","Microgastrinae","Rhygoplitis","Rhygoplitis Whitfield01","BOLD:AAC0735","BSE Malaise Trap",10.8438,-85.6138,"2012-04-23","1",534,"GMCRK"
"BIOUG07618-B07","GMCRK2120-13","GMP#00609","Arthropoda","Insecta","Hymenoptera","Braconidae","Microgastrinae","Apanteles","Apanteles eduardoramirezi","BOLD:AAA4554","BSE Malaise Trap",10.8438,-85.6138,"2012-04-23","1",561,"GMCRK"
"BIOUG07618-B09","GMCRK2122-13","GMP#00609","Arthropoda","Insecta","Hymenoptera","Braconidae","Microgastrinae","Apanteles","Apanteles eduardoramirezi","BOLD:AAA4554","BSE Malaise Trap",10.8438,-85.6138,"2012-04-23","1",585,"GMCRK"
"BIOUG07618-B11","GMCRK2124-13","GMP#00609","Arthropoda","Insecta","Hymenoptera","Braconidae","Microgastrinae","Apanteles","Apanteles eduardoramirezi","BOLD:AAA4554","BSE Malaise Trap",10.8438,-85.6138,"2012-04-23","1",550,"GMCRK"
"BIOUG07618-C03","GMCRK2128-13","GMP#00609","Arthropoda","Insecta","Hymenoptera","Braconidae","Microgastrinae","Rhygoplitis","Rhygoplitis Whitfield01","BOLD:AAC0735","BSE Malaise Trap",10.8438,-85.6138,"2012-04-23","1",579,"GMCRK"
"BIOUG07618-D03","GMCRK2140-13","GMP#00609","Arthropoda","Insecta","Hymenoptera","Braconidae","Microgastrinae","Diolcogaster","Diolcogaster Choi77","BOLD:AAB9863","BSE Malaise Trap",10.8438,-85.6138,"2012-04-23","1",600,"GMCRK"
"BIOUG07618-D11","GMCRK2148-13","GMP#00609","Arthropoda","Insecta","Hymenoptera","Braconidae","Microgastrinae","Diolcogaster","Diolcogaster Choi84","BOLD:AAB0594","BSE Malaise Trap",10.8438,-85.6138,"2012-04-23","1",553,"GMCRK"
"BIOUG07618-F04","GMCRK2165-13","GMP#00609","Arthropoda","Insecta","Hymenoptera","Braconidae","Microgastrinae","Rhygoplitis","Rhygoplitis Whitfield01","BOLD:AAC0735","BSE Malaise Trap",10.8438,-85.6138,"2012-04-23","1",595,"GMCRK"
"BIOUG07618-G05","GMCRK2178-13","GMP#00609","Arthropoda","Insecta","Hymenoptera","Braconidae","Microgastrinae","Apanteles","Apanteles eduardoramirezi","BOLD:AAA4554","BSE Malaise Trap",10.8438,-85.6138,"2012-04-23","1",545,"GMCRK"
"BIOUG07618-H07","GMCRK2192-13","GMP#00609","Arthropoda","Insecta","Hymenoptera","Braconidae","Microgastrinae","Apanteles","Apanteles eduardoramirezi","BOLD:AAA4554","BSE Malaise Trap",10.8438,-85.6138,"2012-04-23","1",583,"GMCRK"
"BIOUG07778-C02","GMCRK2790-13","GMP#00609","Arthropoda","Insecta","Hymenoptera","Braconidae","Microgastrinae","Apanteles","Apanteles eduardoramirezi","BOLD:AAA4554","BSE Malaise Trap",10.8438,-85.6138,"2012-04-23","1",610,"GMCRK"
"BIOUG07778-F10","GMCRK2834-13","GMP#00609","Arthropoda","Insecta","Hymenoptera","Braconidae","Microgastrinae","Apanteles","Apanteles eduardoramirezi","BOLD:AAA4554","BSE Malaise Trap",10.8438,-85.6138,"2012-04-23","1",605,"GMCRK"
"BIOUG07781-D04","GMCRK3089-13","GMP#00609","Arthropoda","Insecta","Hymenoptera","Braconidae","Microgastrinae","Apanteles","Apanteles lisabearssae","BOLD:AAC2117","BSE Malaise Trap",10.8438,-85.6138,"2012-04-23","1",609,"GMCRK"
"BIOUG07919-E09","GMCRL1007-13","GMP#00611","Arthropoda","Insecta","Hymenoptera","Braconidae","Microgastrinae","Apanteles","Apanteles eduardoramirezi","BOLD:AAA4554","BSE Malaise Trap",10.8438,-85.6138,"2012-05-07","1",618,"GMCRL"
"BIOUG07919-E10","GMCRL1008-13","GMP#00611","Arthropoda","Insecta","Hymenoptera","Braconidae","Microgastrinae","Rhygoplitis","Rhygoplitis Whitfield01","BOLD:AAC0735","BSE Malaise Trap",10.8438,-85.6138,"2012-05-07","1",617,"GMCRL"
"BIOUG07919-F01","GMCRL1011-13","GMP#00611","Arthropoda","Insecta","Hymenoptera","Braconidae","Microgastrinae","Diolcogaster","Diolcogaster Choi84","BOLD:AAB0594","BSE Malaise Trap",10.8438,-85.6138,"2012-05-07","1",608,"GMCRL"
"BIOUG07919-F03","GMCRL1013-13","GMP#00611","Arthropoda","Insecta","Hymenoptera","Braconidae","Microgastrinae","Dolichogenidea","Dolichogenidea Rodriguez195","BOLD:AAM5088","BSE Malaise Trap",10.8438,-85.6138,"2012-05-07","1",578,"GMCRL"
"BIOUG07919-F04","GMCRL1014-13","GMP#00611","Arthropoda","Insecta","Hymenoptera","Braconidae","Microgastrinae","Rhygoplitis","Rhygoplitis Whitfield01","BOLD:AAC0735","BSE Malaise Trap",10.8438,-85.6138,"2012-05-07","1",617,"GMCRL"
"BIOUG07919-F07","GMCRL1017-13","GMP#00611","Arthropoda","Insecta","Hymenoptera","Braconidae","Microgastrinae","Rhygoplitis","Rhygoplitis Whitfield01","BOLD:AAC0735","BSE Malaise Trap",10.8438,-85.6138,"2012-05-07","1",601,"GMCRL"
"BIOUG08074-B01","GMCRL2008-13","GMP#00611","Arthropoda","Insecta","Hymenoptera","Braconidae","Microgastrinae","Rhygoplitis","Rhygoplitis Whitfield01","BOLD:AAC0735","BSE Malaise Trap",10.8438,-85.6138,"2012-05-07","1",596,"GMCRL"
"BIOUG08074-B11","GMCRL2018-13","GMP#00611","Arthropoda","Insecta","Hymenoptera","Braconidae","Microgastrinae","Dolichogenidea","Dolichogenidea Rodriguez195","BOLD:AAM5088","BSE Malaise Trap",10.8438,-85.6138,"2012-05-07","1",597,"GMCRL"
"BIOUG08075-D08","GMCRL2134-13","GMP#00611","Arthropoda","Insecta","Hymenoptera","Braconidae","Microgastrinae","Rhygoplitis","Rhygoplitis Whitfield01","BOLD:AAC0735","BSE Malaise Trap",10.8438,-85.6138,"2012-05-07","1",572,"GMCRL"
"BIOUG07789-C09","GMCRL603-13","GMP#00611","Arthropoda","Insecta","Hymenoptera","Braconidae","Microgastrinae","Apanteles","Apanteles lisabearssae","BOLD:AAC2117","BSE Malaise Trap",10.8438,-85.6138,"2012-05-07","1",596,"GMCRL"
"BIOUG07918-A04","GMCRL859-13","GMP#00611","Arthropoda","Insecta","Hymenoptera","Braconidae","Microgastrinae","Apanteles","Apanteles lisabearssae","BOLD:AAC2117","BSE Malaise Trap",10.8438,-85.6138,"2012-05-07","1",610,"GMCRL"
"BIOUG07918-A07","GMCRL862-13","GMP#00611","Arthropoda","Insecta","Hymenoptera","Braconidae","Microgastrinae","Pseudapanteles","Pseudapanteles raulsolorzanoi","BOLD:AAA6667","BSE Malaise Trap",10.8438,-85.6138,"2012-05-07","1",614,"GMCRL"
"BIOUG07918-C04","GMCRL883-13","GMP#00611","Arthropoda","Insecta","Hymenoptera","Braconidae","Microgastrinae","Apanteles","Apanteles lisabearssae","BOLD:AAC2117","BSE Malaise Trap",10.8438,-85.6138,"2012-05-07","1",617,"GMCRL"
"BIOUG07918-D03","GMCRL894-13","GMP#00611","Arthropoda","Insecta","Hymenoptera","Braconidae","Microgastrinae","Dolichogenidea","Dolichogenidea Rodriguez195","BOLD:AAM5088","BSE Malaise Trap",10.8438,-85.6138,"2012-05-07","1",618,"GMCRL"
"BIOUG07918-D04","GMCRL895-13","GMP#00611","Arthropoda","Insecta","Hymenoptera","Braconidae","Microgastrinae","Dolichogenidea","Dolichogenidea Rodriguez195","BOLD:AAM5088","BSE Malaise Trap",10.8438,-85.6138,"2012-05-07","1",596,"GMCRL"
"BIOUG07918-D07","GMCRL898-13","GMP#00611","Arthropoda","Insecta","Hymenoptera","Braconidae","Microgastrinae","Apanteles","Apanteles lisabearssae","BOLD:AAC2117","BSE Malaise Trap",10.8438,-85.6138,"2012-05-07","1",617,"GMCRL"
"BIOUG07918-E04","GMCRL907-13","GMP#00611","Arthropoda","Insecta","Hymenoptera","Braconidae","Microgastrinae","Apanteles","Apanteles eduardoramirezi","BOLD:AAA4554","BSE Malaise Trap",10.8438,-85.6138,"2012-05-07","1",617,"GMCRL"
"BIOUG07918-F05","GMCRL920-13","GMP#00611","Arthropoda","Insecta","Hymenoptera","Braconidae","Microgastrinae","Dolichogenidea","Dolichogenidea Rodriguez195","BOLD:AAM5088","BSE Malaise Trap",10.8438,-85.6138,"2012-05-07","1",617,"GMCRL"
"BIOUG07918-F06","GMCRL921-13","GMP#00611","Arthropoda","Insecta","Hymenoptera","Braconidae","Microgastrinae","Apanteles","Apanteles eduardoramirezi","BOLD:AAA4554","BSE Malaise Trap",10.8438,-85.6138,"2012-05-07","1",608,"GMCRL"
"BIOUG07918-F08","GMCRL923-13","GMP#00611","Arthropoda","Insecta","Hymenoptera","Braconidae","Microgastrinae","Rhygoplitis","Rhygoplitis Whitfield01","BOLD:AAC0735","BSE Malaise Trap",10.8438,-85.6138,"2012-05-07","1",617,"GMCRL"
"BIOUG07918-G02","GMCRL929-13","GMP#00611","Arthropoda","Insecta","Hymenoptera","Braconidae","Microgastrinae","Diolcogaster","Diolcogaster Choi84","BOLD:AAB0594","BSE Malaise Trap",10.8438,-85.6138,"2012-05-07","1",610,"GMCRL"
"BIOUG07918-G04","GMCRL931-13","GMP#00611","Arthropoda","Insecta","Hymenoptera","Braconidae","Microgastrinae","Apanteles","Apanteles lisabearssae","BOLD:AAC2117","BSE Malaise Trap",10.8438,-85.6138,"2012-05-07","1",594,"GMCRL"
"BIOUG07918-G05","GMCRL932-13","GMP#00611","Arthropoda","Insecta","Hymenoptera","Braconidae","Microgastrinae","Apanteles","Apanteles eduardoramirezi","BOLD:AAA4554","BSE Malaise Trap",10.8438,-85.6138,"2012-05-07","1",618,"GMCRL"
"BIOUG07918-G06","GMCRL933-13","GMP#00611","Arthropoda","Insecta","Hymenoptera","Braconidae","Microgastrinae","Apanteles","Apanteles eduardoramirezi","BOLD:AAA4554","BSE Malaise Trap",10.8438,-85.6138,"2012-05-07","1",614,"GMCRL"
"BIOUG07918-G07","GMCRL934-13","GMP#00611","Arthropoda","Insecta","Hymenoptera","Braconidae","Microgastrinae","Apanteles","Apanteles lisabearssae","BOLD:AAC2117","BSE Malaise Trap",10.8438,-85.6138,"2012-05-07","1",617,"GMCRL"
"BIOUG07918-G08","GMCRL935-13","GMP#00611","Arthropoda","Insecta","Hymenoptera","Braconidae","Microgastrinae","Apanteles","Apanteles lisabearssae","BOLD:AAC2117","BSE Malaise Trap",10.8438,-85.6138,"2012-05-07","1",622,"GMCRL"
"BIOUG07918-G12","GMCRL939-13","GMP#00611","Arthropoda","Insecta","Hymenoptera","Braconidae","Microgastrinae","Dolichogenidea","Dolichogenidea Rodriguez195","BOLD:AAM5088","BSE Malaise Trap",10.8438,-85.6138,"2012-05-07","1",569,"GMCRL"
"BIOUG07918-H03","GMCRL942-13","GMP#00611","Arthropoda","Insecta","Hymenoptera","Braconidae","Microgastrinae","Snellenius","Snellenius vickifunkae","BOLD:AAH2836","BSE Malaise Trap",10.8438,-85.6138,"2012-05-07","1",658,"GMCRL"
"BIOUG07918-H05","GMCRL944-13","GMP#00611","Arthropoda","Insecta","Hymenoptera","Braconidae","Microgastrinae","Apanteles","Apanteles oscarchavezi","BOLD:AAN7915","BSE Malaise Trap",10.8438,-85.6138,"2012-05-07","1",601,"GMCRL"
"BIOUG07918-H06","GMCRL945-13","GMP#00611","Arthropoda","Insecta","Hymenoptera","Braconidae","Microgastrinae","Microplitis","Microplitis hebertbakeri","BOLD:AAC6114","BSE Malaise Trap",10.8438,-85.6138,"2012-05-07","1",617,"GMCRL"
"BIOUG07919-A02","GMCRL952-13","GMP#00611","Arthropoda","Insecta","Hymenoptera","Braconidae","Microgastrinae","Apanteles","Apanteles lisabearssae","BOLD:AAC2117","BSE Malaise Trap",10.8438,-85.6138,"2012-05-07","1",593,"GMCRL"
"BIOUG07919-A03","GMCRL953-13","GMP#00611","Arthropoda","Insecta","Hymenoptera","Braconidae","Microgastrinae","Diolcogaster","Diolcogaster Choi77","BOLD:AAB9863","BSE Malaise Trap",10.8438,-85.6138,"2012-05-07","1",601,"GMCRL"
"BIOUG07919-A08","GMCRL958-13","GMP#00611","Arthropoda","Insecta","Hymenoptera","Braconidae","Microgastrinae","Apanteles","Apanteles eduardoramirezi","BOLD:AAA4554","BSE Malaise Trap",10.8438,-85.6138,"2012-05-07","1",599,"GMCRL"
"BIOUG07919-A09","GMCRL959-13","GMP#00611","Arthropoda","Insecta","Hymenoptera","Braconidae","Microgastrinae","Dolichogenidea","Dolichogenidea Rodriguez195","BOLD:AAM5088","BSE Malaise Trap",10.8438,-85.6138,"2012-05-07","1",610,"GMCRL"
"BIOUG07919-A10","GMCRL960-13","GMP#00611","Arthropoda","Insecta","Hymenoptera","Braconidae","Microgastrinae","Pseudapanteles","Pseudapanteles soniapicadoae","BOLD:AAX8739","BSE Malaise Trap",10.8438,-85.6138,"2012-05-07","1",661,"GMCRL"
"BIOUG07919-A12","GMCRL962-13","GMP#00611","Arthropoda","Insecta","Hymenoptera","Braconidae","Microgastrinae","Apanteles","Apanteles eduardoramirezi","BOLD:AAA4554","BSE Malaise Trap",10.8438,-85.6138,"2012-05-07","1",606,"GMCRL"
"BIOUG07919-B01","GMCRL963-13","GMP#00611","Arthropoda","Insecta","Hymenoptera","Braconidae","Microgastrinae","Dolichogenidea","Dolichogenidea Rodriguez195","BOLD:AAM5088","BSE Malaise Trap",10.8438,-85.6138,"2012-05-07","1",577,"GMCRL"
"BIOUG07919-B05","GMCRL967-13","GMP#00611","Arthropoda","Insecta","Hymenoptera","Braconidae","Microgastrinae","Apanteles","Apanteles lisabearssae","BOLD:AAC2117","BSE Malaise Trap",10.8438,-85.6138,"2012-05-07","1",617,"GMCRL"
"BIOUG07919-B08","GMCRL970-13","GMP#00611","Arthropoda","Insecta","Hymenoptera","Braconidae","Microgastrinae","Apanteles","Apanteles eduardoramirezi","BOLD:AAA4554","BSE Malaise Trap",10.8438,-85.6138,"2012-05-07","1",605,"GMCRL"
"BIOUG07919-B09","GMCRL971-13","GMP#00611","Arthropoda","Insecta","Hymenoptera","Braconidae","Microgastrinae","Rhygoplitis","Rhygoplitis Whitfield01","BOLD:AAC0735","BSE Malaise Trap",10.8438,-85.6138,"2012-05-07","1",609,"GMCRL"
"BIOUG07919-C01","GMCRL975-13","GMP#00611","Arthropoda","Insecta","Hymenoptera","Braconidae","Microgastrinae","Rhygoplitis","Rhygoplitis Whitfield01","BOLD:AAC0735","BSE Malaise Trap",10.8438,-85.6138,"2012-05-07","1",610,"GMCRL"
"BIOUG07919-C06","GMCRL980-13","GMP#00611","Arthropoda","Insecta","Hymenoptera","Braconidae","Microgastrinae","Rhygoplitis","Rhygoplitis Whitfield01","BOLD:AAC0735","BSE Malaise Trap",10.8438,-85.6138,"2012-05-07","1",623,"GMCRL"
"BIOUG07919-C07","GMCRL981-13","GMP#00611","Arthropoda","Insecta","Hymenoptera","Braconidae","Microgastrinae","Dolichogenidea","Dolichogenidea Rodriguez195","BOLD:AAM5088","BSE Malaise Trap",10.8438,-85.6138,"2012-05-07","1",610,"GMCRL"
"BIOUG07919-C10","GMCRL984-13","GMP#00611","Arthropoda","Insecta","Hymenoptera","Braconidae","Microgastrinae","Snellenius","Snellenius warrenwagneri","BOLD:AAC6165","BSE Malaise Trap",10.8438,-85.6138,"2012-05-07","1",610,"GMCRL"
"BIOUG07919-C11","GMCRL985-13","GMP#00611","Arthropoda","Insecta","Hymenoptera","Braconidae","Microgastrinae","Apanteles","Apanteles lisabearssae","BOLD:AAC2117","BSE Malaise Trap",10.8438,-85.6138,"2012-05-07","1",610,"GMCRL"
"BIOUG07919-D12","GMCRL998-13","GMP#00611","Arthropoda","Insecta","Hymenoptera","Braconidae","Microgastrinae","Pseudapanteles","Pseudapanteles carlosrodriguezi","BOLD:AAE8274","BSE Malaise Trap",10.8438,-85.6138,"2012-05-07","1",661,"GMCRL"
"BIOUG07781-F12","GMCRM004-13","GMP#00613","Arthropoda","Insecta","Hymenoptera","Braconidae","Microgastrinae","Apanteles","Apanteles eduardoramirezi","BOLD:AAA4554","BSE Malaise Trap",10.8438,-85.6138,"2012-05-21","1",609,"GMCRM"
"BIOUG07781-G06","GMCRM010-13","GMP#00613","Arthropoda","Insecta","Hymenoptera","Braconidae","Microgastrinae","Diolcogaster","Diolcogaster Choi84","BOLD:AAB0594","BSE Malaise Trap",10.8438,-85.6138,"2012-05-21","1",615,"GMCRM"
"BIOUG07781-G11","GMCRM015-13","GMP#00613","Arthropoda","Insecta","Hymenoptera","Braconidae","Microgastrinae","Diolcogaster","Diolcogaster Choi84","BOLD:AAB0594","BSE Malaise Trap",10.8438,-85.6138,"2012-05-21","1",594,"GMCRM"
"BIOUG08264-A02","GMCRM314-13","GMP#00613","Arthropoda","Insecta","Hymenoptera","Braconidae","Microgastrinae","Snellenius","Snellenius lucindamcdadeae","BOLD:AAD3624","BSE Malaise Trap",10.8438,-85.6138,"2012-05-21","1",589,"GMCRM"
"BIOUG08264-D10","GMCRM358-13","GMP#00613","Arthropoda","Insecta","Hymenoptera","Braconidae","Microgastrinae","Rhygoplitis","Rhygoplitis Whitfield01","BOLD:AAC0735","BSE Malaise Trap",10.8438,-85.6138,"2012-05-21","1",576,"GMCRM"
"BIOUG08264-E03","GMCRM363-13","GMP#00613","Arthropoda","Insecta","Hymenoptera","Braconidae","Microgastrinae","Rhygoplitis","Rhygoplitis Whitfield01","BOLD:AAC0735","BSE Malaise Trap",10.8438,-85.6138,"2012-05-21","1",589,"GMCRM"
"BIOUG08264-G08","GMCRM392-13","GMP#00613","Arthropoda","Insecta","Hymenoptera","Braconidae","Microgastrinae","Glyptapanteles","Glyptapanteles Malaise6625","BOLD:ACJ6625","BSE Malaise Trap",10.8438,-85.6138,"2012-05-21","1",658,"GMCRM"
"BIOUG08265-C08","GMCRM439-13","GMP#00613","Arthropoda","Insecta","Hymenoptera","Braconidae","Microgastrinae","Diolcogaster","Diolcogaster Choi84","BOLD:AAB0594","BSE Malaise Trap",10.8438,-85.6138,"2012-05-21","1",596,"GMCRM"
"BIOUG08265-D02","GMCRM445-13","GMP#00613","Arthropoda","Insecta","Hymenoptera","Braconidae","Microgastrinae","Diolcogaster","Diolcogaster Choi84","BOLD:AAB0594","BSE Malaise Trap",10.8438,-85.6138,"2012-05-21","1",566,"GMCRM"
"BIOUG08265-D05","GMCRM448-13","GMP#00613","Arthropoda","Insecta","Hymenoptera","Braconidae","Microgastrinae","Dolichogenidea","Dolichogenidea Rodriguez195","BOLD:AAM5088","BSE Malaise Trap",10.8438,-85.6138,"2012-05-21","1",586,"GMCRM"
"BIOUG08265-D09","GMCRM452-13","GMP#00613","Arthropoda","Insecta","Hymenoptera","Braconidae","Microgastrinae","Diolcogaster","Diolcogaster Choi84","BOLD:AAB0594","BSE Malaise Trap",10.8438,-85.6138,"2012-05-21","1",574,"GMCRM"
"BIOUG08265-D11","GMCRM454-13","GMP#00613","Arthropoda","Insecta","Hymenoptera","Braconidae","Microgastrinae","Rhygoplitis","Rhygoplitis Whitfield01","BOLD:AAC0735","BSE Malaise Trap",10.8438,-85.6138,"2012-05-21","1",563,"GMCRM"
"BIOUG08265-E05","GMCRM460-13","GMP#00613","Arthropoda","Insecta","Hymenoptera","Braconidae","Microgastrinae","Apanteles","Apanteles lisabearssae","BOLD:AAC2117","BSE Malaise Trap",10.8438,-85.6138,"2012-05-21","1",558,"GMCRM"
"BIOUG08265-H05","GMCRM496-13","GMP#00613","Arthropoda","Insecta","Hymenoptera","Braconidae","Microgastrinae","Diolcogaster","Diolcogaster Choi84","BOLD:AAB0594","BSE Malaise Trap",10.8438,-85.6138,"2012-05-21","1",563,"GMCRM"
"BIOUG08266-A06","GMCRM508-13","GMP#00613","Arthropoda","Insecta","Hymenoptera","Braconidae","Microgastrinae","Apanteles","Apanteles raulacevedoi","BOLD:ABX5812","BSE Malaise Trap",10.8438,-85.6138,"2012-05-21","1",579,"GMCRM"
"BIOUG08266-A12","GMCRM514-13","GMP#00613","Arthropoda","Insecta","Hymenoptera","Braconidae","Microgastrinae","Apanteles","Apanteles lisabearssae","BOLD:AAC2117","BSE Malaise Trap",10.8438,-85.6138,"2012-05-21","1",597,"GMCRM"
"BIOUG08266-B10","GMCRM524-13","GMP#00613","Arthropoda","Insecta","Hymenoptera","Braconidae","Microgastrinae","Diolcogaster","Diolcogaster Choi84","BOLD:AAB0594","BSE Malaise Trap",10.8438,-85.6138,"2012-05-21","1",602,"GMCRM"
"BIOUG08266-C04","GMCRM530-13","GMP#00613","Arthropoda","Insecta","Hymenoptera","Braconidae","Microgastrinae","Apanteles","Apanteles oscarchavezi","BOLD:AAN7915","BSE Malaise Trap",10.8438,-85.6138,"2012-05-21","1",602,"GMCRM"
"BIOUG08266-C07","GMCRM533-13","GMP#00613","Arthropoda","Insecta","Hymenoptera","Braconidae","Microgastrinae","Diolcogaster","Diolcogaster Choi84","BOLD:AAB0594","BSE Malaise Trap",10.8438,-85.6138,"2012-05-21","1",597,"GMCRM"
"BIOUG08266-E07","GMCRM557-13","GMP#00613","Arthropoda","Insecta","Hymenoptera","Braconidae","Microgastrinae","Snellenius","Snellenius vickifunkae","BOLD:AAH2836","BSE Malaise Trap",10.8438,-85.6138,"2012-05-21","1",633,"GMCRM"
"BIOUG08266-F06","GMCRM568-13","GMP#00613","Arthropoda","Insecta","Hymenoptera","Braconidae","Microgastrinae","Rhygoplitis","Rhygoplitis Whitfield01","BOLD:AAC0735","BSE Malaise Trap",10.8438,-85.6138,"2012-05-21","1",602,"GMCRM"
"BIOUG08266-F08","GMCRM570-13","GMP#00613","Arthropoda","Insecta","Hymenoptera","Braconidae","Microgastrinae","Apanteles","Apanteles lisabearssae","BOLD:AAC2117","BSE Malaise Trap",10.8438,-85.6138,"2012-05-21","1",571,"GMCRM"
"BIOUG08266-G02","GMCRM576-13","GMP#00613","Arthropoda","Insecta","Hymenoptera","Braconidae","Microgastrinae","Rhygoplitis","Rhygoplitis Whitfield01","BOLD:AAC0735","BSE Malaise Trap",10.8438,-85.6138,"2012-05-21","1",558,"GMCRM"
"BIOUG08266-G07","GMCRM581-13","GMP#00613","Arthropoda","Insecta","Hymenoptera","Braconidae","Microgastrinae","Hypomicrogaster","Hypomicrogaster samarshalli","BOLD:AAF7670","BSE Malaise Trap",10.8438,-85.6138,"2012-05-21","1",593,"GMCRM"
"BIOUG08266-G08","GMCRM582-13","GMP#00613","Arthropoda","Insecta","Hymenoptera","Braconidae","Microgastrinae","Diolcogaster","Diolcogaster Choi84","BOLD:AAB0594","BSE Malaise Trap",10.8438,-85.6138,"2012-05-21","1",589,"GMCRM"
"BIOUG08266-G09","GMCRM583-13","GMP#00613","Arthropoda","Insecta","Hymenoptera","Braconidae","Microgastrinae","Diolcogaster","Diolcogaster Choi84","BOLD:AAB0594","BSE Malaise Trap",10.8438,-85.6138,"2012-05-21","1",592,"GMCRM"
"BIOUG08266-H01","GMCRM587-13","GMP#00613","Arthropoda","Insecta","Hymenoptera","Braconidae","Microgastrinae","Rhygoplitis","Rhygoplitis Whitfield01","BOLD:AAC0735","BSE Malaise Trap",10.8438,-85.6138,"2012-05-21","1",597,"GMCRM"
"BIOUG08266-H07","GMCRM593-13","GMP#00613","Arthropoda","Insecta","Hymenoptera","Braconidae","Microgastrinae","Diolcogaster","Diolcogaster Choi84","BOLD:AAB0594","BSE Malaise Trap",10.8438,-85.6138,"2012-05-21","1",590,"GMCRM"
"BIOUG08267-A12","GMCRM609-13","GMP#00613","Arthropoda","Insecta","Hymenoptera","Braconidae","Microgastrinae","Diolcogaster","Diolcogaster Choi84","BOLD:AAB0594","BSE Malaise Trap",10.8438,-85.6138,"2012-05-21","1",596,"GMCRM"
"BIOUG08267-B02","GMCRM611-13","GMP#00613","Arthropoda","Insecta","Hymenoptera","Braconidae","Microgastrinae","Dolichogenidea","Dolichogenidea Rodriguez195","BOLD:AAM5088","BSE Malaise Trap",10.8438,-85.6138,"2012-05-21","1",596,"GMCRM"
"BIOUG08267-D12","GMCRM645-13","GMP#00613","Arthropoda","Insecta","Hymenoptera","Braconidae","Microgastrinae","Alphomelon","Alphomelon andydeansi","BOLD:ADJ6568","BSE Malaise Trap",10.8438,-85.6138,"2012-05-21","1",602,"GMCRM"
"BIOUG08267-G11","GMCRM680-13","GMP#00613","Arthropoda","Insecta","Hymenoptera","Braconidae","Microgastrinae","Dolichogenidea","Dolichogenidea Rodriguez195","BOLD:AAM5088","BSE Malaise Trap",10.8438,-85.6138,"2012-05-21","1",602,"GMCRM"
"BIOUG08538-H11","GMCRN1405-13","GMP#00615","Arthropoda","Insecta","Hymenoptera","Braconidae","Microgastrinae","Rhygoplitis","Rhygoplitis Whitfield01","BOLD:AAC0735","BSE Malaise Trap",10.8438,-85.6138,"2012-06-04","1",627,"GMCRN"
"BIOUG08583-E07","GMCRN2714-13","GMP#00615","Arthropoda","Insecta","Hymenoptera","Braconidae","Microgastrinae","Apanteles","Apanteles lisabearssae","BOLD:AAC2117","BSE Malaise Trap",10.8438,-85.6138,"2012-06-04","1",598,"GMCRN"
"BIOUG08583-E08","GMCRN2715-13","GMP#00615","Arthropoda","Insecta","Hymenoptera","Braconidae","Microgastrinae","Promicrogaster","Promicrogaster liagrantae","BOLD:AAD9684","BSE Malaise Trap",10.8438,-85.6138,"2012-06-04","1",588,"GMCRN"
"BIOUG08583-E11","GMCRN2718-13","GMP#00615","Arthropoda","Insecta","Hymenoptera","Braconidae","Microgastrinae","Rhygoplitis","Rhygoplitis Whitfield01","BOLD:AAC0735","BSE Malaise Trap",10.8438,-85.6138,"2012-06-04","1",583,"GMCRN"
"BIOUG08583-E12","GMCRN2719-13","GMP#00615","Arthropoda","Insecta","Hymenoptera","Braconidae","Microgastrinae","Diolcogaster","Diolcogaster Choi84","BOLD:AAB0594","BSE Malaise Trap",10.8438,-85.6138,"2012-06-04","1",589,"GMCRN"
"BIOUG08583-F06","GMCRN2725-13","GMP#00615","Arthropoda","Insecta","Hymenoptera","Braconidae","Microgastrinae","Hypomicrogaster","Hypomicrogaster Malaise2620","BOLD:ACK2620","BSE Malaise Trap",10.8438,-85.6138,"2012-06-04","1",658,"GMCRN"
"BIOUG08539-F10","GMCRN2824-13","GMP#00615","Arthropoda","Insecta","Hymenoptera","Braconidae","Microgastrinae","Rhygoplitis","Rhygoplitis Whitfield01","BOLD:AAC0735","BSE Malaise Trap",10.8438,-85.6138,"2012-06-04","1",595,"GMCRN"
"BIOUG08354-A04","GMCRN448-13","GMP#00615","Arthropoda","Insecta","Hymenoptera","Braconidae","Microgastrinae","Apanteles","Apanteles lisabearssae","BOLD:AAC2117","BSE Malaise Trap",10.8438,-85.6138,"2012-06-04","1",603,"GMCRN"
"BIOUG08354-A12","GMCRN456-13","GMP#00615","Arthropoda","Insecta","Hymenoptera","Braconidae","Microgastrinae","Rhygoplitis","Rhygoplitis Whitfield01","BOLD:AAC0735","BSE Malaise Trap",10.8438,-85.6138,"2012-06-04","1",564,"GMCRN"
"BIOUG08354-C03","GMCRN471-13","GMP#00615","Arthropoda","Insecta","Hymenoptera","Braconidae","Microgastrinae","Hypomicrogaster","Hypomicrogaster specialis","BOLD:ABZ2026","BSE Malaise Trap",10.8438,-85.6138,"2012-06-04","1",664,"GMCRN"
"BIOUG08354-C06","GMCRN474-13","GMP#00615","Arthropoda","Insecta","Hymenoptera","Braconidae","Microgastrinae","Rhygoplitis","Rhygoplitis Whitfield01","BOLD:AAC0735","BSE Malaise Trap",10.8438,-85.6138,"2012-06-04","1",560,"GMCRN"
"BIOUG08354-H03","GMCRN531-13","GMP#00615","Arthropoda","Insecta","Hymenoptera","Braconidae","Microgastrinae","Rhygoplitis","Rhygoplitis Whitfield01","BOLD:AAC0735","BSE Malaise Trap",10.8438,-85.6138,"2012-06-04","1",528,"GMCRN"
"BIOUG08355-B03","GMCRN554-13","GMP#00615","Arthropoda","Insecta","Hymenoptera","Braconidae","Microgastrinae","Rhygoplitis","Rhygoplitis Whitfield01","BOLD:AAC0735","BSE Malaise Trap",10.8438,-85.6138,"2012-06-04","1",606,"GMCRN"
"BIOUG08355-C01","GMCRN564-13","GMP#00615","Arthropoda","Insecta","Hymenoptera","Braconidae","Microgastrinae","Rhygoplitis","Rhygoplitis Whitfield01","BOLD:AAC0735","BSE Malaise Trap",10.8438,-85.6138,"2012-06-04","1",596,"GMCRN"
"BIOUG08355-D12","GMCRN587-13","GMP#00615","Arthropoda","Insecta","Hymenoptera","Braconidae","Microgastrinae","Alphomelon","Alphomelon andydeansi","BOLD:ADJ6568","BSE Malaise Trap",10.8438,-85.6138,"2012-06-04","1",588,"GMCRN"
"BIOUG08355-E01","GMCRN588-13","GMP#00615","Arthropoda","Insecta","Hymenoptera","Braconidae","Microgastrinae","Diolcogaster","Diolcogaster Choi84","BOLD:AAB0594","BSE Malaise Trap",10.8438,-85.6138,"2012-06-04","1",590,"GMCRN"
"BIOUG08355-E04","GMCRN591-13","GMP#00615","Arthropoda","Insecta","Hymenoptera","Braconidae","Microgastrinae","Rhygoplitis","Rhygoplitis Whitfield01","BOLD:AAC0735","BSE Malaise Trap",10.8438,-85.6138,"2012-06-04","1",564,"GMCRN"
"BIOUG08355-G12","GMCRN623-13","GMP#00615","Arthropoda","Insecta","Hymenoptera","Braconidae","Microgastrinae","Apanteles","Apanteles lisabearssae","BOLD:AAC2117","BSE Malaise Trap",10.8438,-85.6138,"2012-06-04","1",602,"GMCRN"
"BIOUG08355-H07","GMCRN630-13","GMP#00615","Arthropoda","Insecta","Hymenoptera","Braconidae","Microgastrinae","Rhygoplitis","Rhygoplitis Whitfield01","BOLD:AAC0735","BSE Malaise Trap",10.8438,-85.6138,"2012-06-04","1",611,"GMCRN"
"BIOUG08356-C05","GMCRN663-13","GMP#00615","Arthropoda","Insecta","Hymenoptera","Braconidae","Microgastrinae","Snellenius","Snellenius lucindamcdadeae","BOLD:AAD3624","BSE Malaise Trap",10.8438,-85.6138,"2012-06-04","1",574,"GMCRN"
"BIOUG08356-F07","GMCRN701-13","GMP#00615","Arthropoda","Insecta","Hymenoptera","Braconidae","Microgastrinae","Glyptapanteles","Glyptapanteles pamitchellae","BOLD:AAA3934","BSE Malaise Trap",10.8438,-85.6138,"2012-06-04","1",621,"GMCRN"
"BIOUG08356-H06","GMCRN724-13","GMP#00615","Arthropoda","Insecta","Hymenoptera","Braconidae","Microgastrinae","Rhygoplitis","Rhygoplitis Whitfield01","BOLD:AAC0735","BSE Malaise Trap",10.8438,-85.6138,"2012-06-04","1",575,"GMCRN"
"BIOUG08356-H11","GMCRN729-13","GMP#00615","Arthropoda","Insecta","Hymenoptera","Braconidae","Microgastrinae","Rhygoplitis","Rhygoplitis Whitfield01","BOLD:AAC0735","BSE Malaise Trap",10.8438,-85.6138,"2012-06-04","1",545,"GMCRN"
"BIOUG08357-B03","GMCRN744-13","GMP#00615","Arthropoda","Insecta","Hymenoptera","Braconidae","Microgastrinae","Rhygoplitis","Rhygoplitis Whitfield01","BOLD:AAC0735","BSE Malaise Trap",10.8438,-85.6138,"2012-06-04","1",615,"GMCRN"
"BIOUG08357-B11","GMCRN752-13","GMP#00615","Arthropoda","Insecta","Hymenoptera","Braconidae","Microgastrinae","Rhygoplitis","Rhygoplitis Whitfield01","BOLD:AAC0735","BSE Malaise Trap",10.8438,-85.6138,"2012-06-04","1",606,"GMCRN"
"BIOUG08357-C09","GMCRN762-13","GMP#00615","Arthropoda","Insecta","Hymenoptera","Braconidae","Microgastrinae","Apanteles","Apanteles eduardoramirezi","BOLD:AAA4554","BSE Malaise Trap",10.8438,-85.6138,"2012-06-04","1",600,"GMCRN"
"BIOUG08357-D06","GMCRN771-13","GMP#00615","Arthropoda","Insecta","Hymenoptera","Braconidae","Microgastrinae","Snellenius","Snellenius lucindamcdadeae","BOLD:AAD3624","BSE Malaise Trap",10.8438,-85.6138,"2012-06-04","1",609,"GMCRN"
"BIOUG08357-D11","GMCRN776-13","GMP#00615","Arthropoda","Insecta","Hymenoptera","Braconidae","Microgastrinae","Rhygoplitis","Rhygoplitis Whitfield01","BOLD:AAC0735","BSE Malaise Trap",10.8438,-85.6138,"2012-06-04","1",591,"GMCRN"
"BIOUG08768-D09","GMCRO521-13","GMP#00661","Arthropoda","Insecta","Hymenoptera","Braconidae","Microgastrinae","Apanteles","Apanteles eduardoramirezi","BOLD:AAA4554","BSE Malaise Trap",10.8438,-85.6138,"2012-08-20","1",598,"GMCRO"
"BIOUG08768-E02","GMCRO526-13","GMP#00661","Arthropoda","Insecta","Hymenoptera","Braconidae","Microgastrinae","Dolichogenidea","Dolichogenidea Janzen117","BOLD:AAD9699","BSE Malaise Trap",10.8438,-85.6138,"2012-08-20","1",541,"GMCRO"
"BIOUG08768-E04","GMCRO528-13","GMP#00661","Arthropoda","Insecta","Hymenoptera","Braconidae","Microgastrinae","Rhygoplitis","Rhygoplitis Whitfield01","BOLD:AAC0735","BSE Malaise Trap",10.8438,-85.6138,"2012-08-20","1",598,"GMCRO"
"BIOUG08768-E09","GMCRO533-13","GMP#00661","Arthropoda","Insecta","Hymenoptera","Braconidae","Microgastrinae","Apanteles","Apanteles eduardoramirezi","BOLD:AAA4554","BSE Malaise Trap",10.8438,-85.6138,"2012-08-20","1",588,"GMCRO"
"BIOUG08768-E11","GMCRO535-13","GMP#00661","Arthropoda","Insecta","Hymenoptera","Braconidae","Microgastrinae","Pseudapanteles","Pseudapanteles rosemarykarpinskiae","BOLD:AAB2826","BSE Malaise Trap",10.8438,-85.6138,"2012-08-20","1",584,"GMCRO"
"BIOUG08768-F01","GMCRO537-13","GMP#00661","Arthropoda","Insecta","Hymenoptera","Braconidae","Microgastrinae","Rhygoplitis","Rhygoplitis Whitfield01","BOLD:AAC0735","BSE Malaise Trap",10.8438,-85.6138,"2012-08-20","1",598,"GMCRO"
"BIOUG08768-F07","GMCRO543-13","GMP#00661","Arthropoda","Insecta","Hymenoptera","Braconidae","Microgastrinae","Apanteles","Apanteles eduardoramirezi","BOLD:AAA4554","BSE Malaise Trap",10.8438,-85.6138,"2012-08-20","1",553,"GMCRO"
"BIOUG08768-G06","GMCRO554-13","GMP#00661","Arthropoda","Insecta","Hymenoptera","Braconidae","Microgastrinae","Apanteles","Apanteles eduardoramirezi","BOLD:AAA4554","BSE Malaise Trap",10.8438,-85.6138,"2012-08-20","1",573,"GMCRO"
"BIOUG08769-A02","GMCRO573-13","GMP#00661","Arthropoda","Insecta","Hymenoptera","Braconidae","Microgastrinae","Dolichogenidea","Dolichogenidea Janzen30","BOLD:ABX5195","BSE Malaise Trap",10.8438,-85.6138,"2012-08-20","1",636,"GMCRO"
"BIOUG08769-A03","GMCRO574-13","GMP#00661","Arthropoda","Insecta","Hymenoptera","Braconidae","Microgastrinae","Rhygoplitis","Rhygoplitis Whitfield01","BOLD:AAC0735","BSE Malaise Trap",10.8438,-85.6138,"2012-08-20","1",598,"GMCRO"
"BIOUG08905-F03","GMCRQ007-13","GMP#00665","Arthropoda","Insecta","Hymenoptera","Braconidae","Microgastrinae","Rhygoplitis","Rhygoplitis Whitfield01","BOLD:AAC0735","BSE Malaise Trap",10.8438,-85.6138,"2012-09-17","1",598,"GMCRQ"
"BIOUG08911-A01","GMCRR309-13","GMP#00668","Arthropoda","Insecta","Hymenoptera","Braconidae","Microgastrinae","Rhygoplitis","Rhygoplitis Whitfield01","BOLD:AAC0735","BSE Malaise Trap",10.8438,-85.6138,"2012-10-01","1",630,"GMCRR"
"BIOUG08911-A02","GMCRR310-13","GMP#00668","Arthropoda","Insecta","Hymenoptera","Braconidae","Microgastrinae","Glyptapanteles","Glyptapanteles Whitfield90","BOLD:AAY1040","BSE Malaise Trap",10.8438,-85.6138,"2012-10-01","1",658,"GMCRR"
"BIOUG08911-A04","GMCRR312-13","GMP#00668","Arthropoda","Insecta","Hymenoptera","Braconidae","Microgastrinae","Rhygoplitis","Rhygoplitis Whitfield01","BOLD:AAC0735","BSE Malaise Trap",10.8438,-85.6138,"2012-10-01","1",628,"GMCRR"
"BIOUG08911-A09","GMCRR317-13","GMP#00668","Arthropoda","Insecta","Hymenoptera","Braconidae","Microgastrinae","Dolichogenidea","Dolichogenidea Rodriguez197","BOLD:AAC8392","BSE Malaise Trap",10.8438,-85.6138,"2012-10-01","1",638,"GMCRR"
"BIOUG08911-B02","GMCRR322-13","GMP#00668","Arthropoda","Insecta","Hymenoptera","Braconidae","Microgastrinae","Dolichogenidea","Dolichogenidea Janzen30","BOLD:ABX5195","BSE Malaise Trap",10.8438,-85.6138,"2012-10-01","1",625,"GMCRR"
"BIOUG08911-B04","GMCRR324-13","GMP#00668","Arthropoda","Insecta","Hymenoptera","Braconidae","Microgastrinae","Pseudapanteles","Pseudapanteles rosemarykarpinskiae","BOLD:AAB2826","BSE Malaise Trap",10.8438,-85.6138,"2012-10-01","1",632,"GMCRR"
"BIOUG08913-A08","GMCRS019-13","GMP#00670","Arthropoda","Insecta","Hymenoptera","Braconidae","Microgastrinae","Rhygoplitis","Rhygoplitis Whitfield01","BOLD:AAC0735","BSE Malaise Trap",10.8438,-85.6138,"2012-10-15","1",602,"GMCRS"
"BIOUG09074-A09","GMCRT724-13","GMP#00672","Arthropoda","Insecta","Hymenoptera","Braconidae","Microgastrinae","Rhygoplitis","Rhygoplitis Whitfield01","BOLD:AAC0735","BSE Malaise Trap",10.8438,-85.6138,"2012-10-29","1",608,"GMCRT"
"BIOUG09074-A12","GMCRT727-13","GMP#00672","Arthropoda","Insecta","Hymenoptera","Braconidae","Microgastrinae","Glyptapanteles","Glyptapanteles Whitfield90","BOLD:AAY1040","BSE Malaise Trap",10.8438,-85.6138,"2012-10-29","1",658,"GMCRT"
"BIOUG09074-B04","GMCRT731-13","GMP#00672","Arthropoda","Insecta","Hymenoptera","Braconidae","Microgastrinae","Dolichogenidea","Dolichogenidea Rodriguez197","BOLD:AAC8392","BSE Malaise Trap",10.8438,-85.6138,"2012-10-29","1",602,"GMCRT"
"BIOUG09074-C01","GMCRT740-13","GMP#00672","Arthropoda","Insecta","Hymenoptera","Braconidae","Microgastrinae","Rhygoplitis","Rhygoplitis Whitfield01","BOLD:AAC0735","BSE Malaise Trap",10.8438,-85.6138,"2012-10-29","1",603,"GMCRT"
"BIOUG09074-C02","GMCRT741-13","GMP#00672","Arthropoda","Insecta","Hymenoptera","Braconidae","Microgastrinae","Dolichogenidea","Dolichogenidea Rodriguez145","BOLD:AAB9372","BSE Malaise Trap",10.8438,-85.6138,"2012-10-29","1",602,"GMCRT"
"BIOUG09430-D06","GMCRU641-13","GMP#01813","Arthropoda","Insecta","Hymenoptera","Braconidae","Microgastrinae","Apanteles","Apanteles oscarchavezi","BOLD:AAN7915","BSE Malaise Trap",10.8438,-85.6138,"2012-11-12","1",603,"GMCRU"
"BIOUG09430-D10","GMCRU645-13","GMP#01813","Arthropoda","Insecta","Hymenoptera","Braconidae","Microgastrinae","Rhygoplitis","Rhygoplitis Whitfield01","BOLD:AAC0735","BSE Malaise Trap",10.8438,-85.6138,"2012-11-12","1",603,"GMCRU"
"BIOUG09430-E09","GMCRU656-13","GMP#01813","Arthropoda","Insecta","Hymenoptera","Braconidae","Microgastrinae","Pseudapanteles","Pseudapanteles rosemarykarpinskiae","BOLD:AAB2826","BSE Malaise Trap",10.8438,-85.6138,"2012-11-12","1",603,"GMCRU"
"BIOUG09430-F03","GMCRU662-13","GMP#01813","Arthropoda","Insecta","Hymenoptera","Braconidae","Microgastrinae","Parapanteles","Parapanteles Whitfield300","BOLD:AAK1628","BSE Malaise Trap",10.8438,-85.6138,"2012-11-12","1",658,"GMCRU"
"BIOUG09430-F04","GMCRU663-13","GMP#01813","Arthropoda","Insecta","Hymenoptera","Braconidae","Microgastrinae","Apanteles","Apanteles eduardoramirezi","BOLD:AAA4554","BSE Malaise Trap",10.8438,-85.6138,"2012-11-12","1",600,"GMCRU"
"BIOUG09434-G06","GMCRV126-13","GMP#01815","Arthropoda","Insecta","Hymenoptera","Braconidae","Microgastrinae","Dolichogenidea","Dolichogenidea Rodriguez145","BOLD:AAB9372","BSE Malaise Trap",10.8438,-85.6138,"2012-11-26","1",594,"GMCRV"
"BIOUG09435-E01","GMCRV192-13","GMP#01815","Arthropoda","Insecta","Hymenoptera","Braconidae","Microgastrinae","Rhygoplitis","Rhygoplitis Whitfield01","BOLD:AAC0735","BSE Malaise Trap",10.8438,-85.6138,"2012-11-26","1",609,"GMCRV"
"BIOUG09435-E03","GMCRV194-13","GMP#01815","Arthropoda","Insecta","Hymenoptera","Braconidae","Microgastrinae","Janhalacaste","Janhalacaste winnieae","BOLD:AAK0117","BSE Malaise Trap",10.8438,-85.6138,"2012-11-26","1",658,"GMCRV"
"BIOUG09435-E04","GMCRV195-13","GMP#01815","Arthropoda","Insecta","Hymenoptera","Braconidae","Microgastrinae","Parapanteles","Parapanteles Whitfield300","BOLD:AAK1628","BSE Malaise Trap",10.8438,-85.6138,"2012-11-26","1",658,"GMCRV"
"BIOUG09435-E06","GMCRV197-13","GMP#01815","Arthropoda","Insecta","Hymenoptera","Braconidae","Microgastrinae","Apanteles","Apanteles bernyapui","BOLD:AAB7636","BSE Malaise Trap",10.8438,-85.6138,"2012-11-26","1",600,"GMCRV"
"BIOUG09441-E03","GMCRW510-13","GMP#01817","Arthropoda","Insecta","Hymenoptera","Braconidae","Microgastrinae","Cotesia","Cotesia Whitfield03","BOLD:AAE9345","BSE Malaise Trap",10.8438,-85.6138,"2012-12-10","1",609,"GMCRW"
"BIOUG09441-E11","GMCRW518-13","GMP#01817","Arthropoda","Insecta","Hymenoptera","Braconidae","Microgastrinae","Pseudapanteles","Pseudapanteles alvaroumanai","BOLD:AAE0922","BSE Malaise Trap",10.8438,-85.6138,"2012-12-10","1",609,"GMCRW"
"BIOUG09441-F01","GMCRW520-13","GMP#01817","Arthropoda","Insecta","Hymenoptera","Braconidae","Microgastrinae","Glyptapanteles","Glyptapanteles malaise0795","BOLD:ACL0795","BSE Malaise Trap",10.8438,-85.6138,"2012-12-10","1",658,"GMCRW"
"BIOUG09441-F02","GMCRW521-13","GMP#01817","Arthropoda","Insecta","Hymenoptera","Braconidae","Microgastrinae","Glyptapanteles","Glyptapanteles pamitchellae","BOLD:AAA3934","BSE Malaise Trap",10.8438,-85.6138,"2012-12-10","1",603,"GMCRW"
"BIOUG09441-F03","GMCRW522-13","GMP#01817","Arthropoda","Insecta","Hymenoptera","Braconidae","Microgastrinae","Pseudapanteles","Pseudapanteles rosemarykarpinskiae","BOLD:AAB2826","BSE Malaise Trap",10.8438,-85.6138,"2012-12-10","1",609,"GMCRW"
"BIOUG09441-F04","GMCRW523-13","GMP#01817","Arthropoda","Insecta","Hymenoptera","Braconidae","Microgastrinae","Pseudapanteles","Pseudapanteles soniapicadoae","BOLD:AAX8739","BSE Malaise Trap",10.8438,-85.6138,"2012-12-10","1",658,"GMCRW"
"BIOUG09441-F09","GMCRW528-13","GMP#01817","Arthropoda","Insecta","Hymenoptera","Braconidae","Microgastrinae","Dolichogenidea","Dolichogenidea Rodriguez145","BOLD:AAB9372","BSE Malaise Trap",10.8438,-85.6138,"2012-12-10","1",600,"GMCRW"
"BIOUG09441-G04","GMCRW535-13","GMP#01817","Arthropoda","Insecta","Hymenoptera","Braconidae","Microgastrinae","Apanteles","Apanteles oscarchavezi","BOLD:AAN7915","BSE Malaise Trap",10.8438,-85.6138,"2012-12-10","1",594,"GMCRW"
"BIOUG09441-G06","GMCRW537-13","GMP#01817","Arthropoda","Insecta","Hymenoptera","Braconidae","Microgastrinae","Apanteles","Apanteles oscarchavezi","BOLD:AAN7915","BSE Malaise Trap",10.8438,-85.6138,"2012-12-10","1",603,"GMCRW"
"BIOUG09441-G07","GMCRW538-13","GMP#01817","Arthropoda","Insecta","Hymenoptera","Braconidae","Microgastrinae","Dolichogenidea","Dolichogenidea Rodriguez195","BOLD:AAM5088","BSE Malaise Trap",10.8438,-85.6138,"2012-12-10","1",591,"GMCRW"
"BIOUG09441-G08","GMCRW539-13","GMP#01817","Arthropoda","Insecta","Hymenoptera","Braconidae","Microgastrinae","Dolichogenidea","Dolichogenidea Janzen324","BOLD:AAM5853","BSE Malaise Trap",10.8438,-85.6138,"2012-12-10","1",658,"GMCRW"
"BIOUG09441-G11","GMCRW542-13","GMP#01817","Arthropoda","Insecta","Hymenoptera","Braconidae","Microgastrinae","Rhygoplitis","Rhygoplitis Whitfield01","BOLD:AAC0735","BSE Malaise Trap",10.8438,-85.6138,"2012-12-10","1",609,"GMCRW"
"BIOUG09441-G12","GMCRW543-13","GMP#01817","Arthropoda","Insecta","Hymenoptera","Braconidae","Microgastrinae","Pseudapanteles","Pseudapanteles alfiopivai","BOLD:AAF6107","BSE Malaise Trap",10.8438,-85.6138,"2012-12-10","1",658,"GMCRW"
"BIOUG09441-H01","GMCRW544-13","GMP#01817","Arthropoda","Insecta","Hymenoptera","Braconidae","Microgastrinae","Dolichogenidea","Dolichogenidea Malaise1263","BOLD:ACL1263","BSE Malaise Trap",10.8438,-85.6138,"2012-12-10","1",658,"GMCRW"
"BIOUG09441-H05","GMCRW548-13","GMP#01817","Arthropoda","Insecta","Hymenoptera","Braconidae","Microgastrinae","Dolichogenidea","Dolichogenidea Rodriguez195","BOLD:AAM5088","BSE Malaise Trap",10.8438,-85.6138,"2012-12-10","1",615,"GMCRW"
"BIOUG09442-A03","GMCRW557-13","GMP#01817","Arthropoda","Insecta","Hymenoptera","Braconidae","Microgastrinae","Rhygoplitis","Rhygoplitis Whitfield01","BOLD:AAC0735","BSE Malaise Trap",10.8438,-85.6138,"2012-12-10","1",609,"GMCRW"
"BIOUG09442-A06","GMCRW560-13","GMP#01817","Arthropoda","Insecta","Hymenoptera","Braconidae","Microgastrinae","Apanteles","Apanteles oscarchavezi","BOLD:AAN7915","BSE Malaise Trap",10.8438,-85.6138,"2012-12-10","1",594,"GMCRW"
"BIOUG09442-A10","GMCRW564-13","GMP#01817","Arthropoda","Insecta","Hymenoptera","Braconidae","Microgastrinae","Apanteles","Apanteles raulacevedoi","BOLD:ABX5812","BSE Malaise Trap",10.8438,-85.6138,"2012-12-10","1",594,"GMCRW"
"BIOUG09442-B01","GMCRW567-13","GMP#01817","Arthropoda","Insecta","Hymenoptera","Braconidae","Microgastrinae","Apanteles","Apanteles oscarchavezi","BOLD:AAN7915","BSE Malaise Trap",10.8438,-85.6138,"2012-12-10","1",603,"GMCRW"
"BIOUG09442-B02","GMCRW568-13","GMP#01817","Arthropoda","Insecta","Hymenoptera","Braconidae","Microgastrinae","Glyptapanteles","Glyptapanteles pamitchellae","BOLD:AAA3934","BSE Malaise Trap",10.8438,-85.6138,"2012-12-10","1",603,"GMCRW"
"BIOUG09442-B03","GMCRW569-13","GMP#01817","Arthropoda","Insecta","Hymenoptera","Braconidae","Microgastrinae","Dolichogenidea","Dolichogenidea Janzen117","BOLD:AAD9699","BSE Malaise Trap",10.8438,-85.6138,"2012-12-10","1",609,"GMCRW"
"BIOUG09442-B04","GMCRW570-13","GMP#01817","Arthropoda","Insecta","Hymenoptera","Braconidae","Microgastrinae","Pseudapanteles","Pseudapanteles soniapicadoae","BOLD:AAX8739","BSE Malaise Trap",10.8438,-85.6138,"2012-12-10","1",658,"GMCRW"
"BIOUG09442-B09","GMCRW575-13","GMP#01817","Arthropoda","Insecta","Hymenoptera","Braconidae","Microgastrinae","Parapanteles","Parapanteles Whitfield300","BOLD:AAK1628","BSE Malaise Trap",10.8438,-85.6138,"2012-12-10","1",658,"GMCRW"
"BIOUG09442-B10","GMCRW576-13","GMP#01817","Arthropoda","Insecta","Hymenoptera","Braconidae","Microgastrinae","Apanteles","Apanteles oscarchavezi","BOLD:AAN7915","BSE Malaise Trap",10.8438,-85.6138,"2012-12-10","1",615,"GMCRW"
"BIOUG09442-C03","GMCRW581-13","GMP#01817","Arthropoda","Insecta","Hymenoptera","Braconidae","Microgastrinae","Glyptapanteles","Glyptapanteles pamitchellae","BOLD:AAA3934","BSE Malaise Trap",10.8438,-85.6138,"2012-12-10","1",609,"GMCRW"
"BIOUG09442-D07","GMCRW597-13","GMP#01817","Arthropoda","Insecta","Hymenoptera","Braconidae","Microgastrinae","Rhygoplitis","Rhygoplitis Whitfield01","BOLD:AAC0735","BSE Malaise Trap",10.8438,-85.6138,"2012-12-10","1",609,"GMCRW"
"BIOUG09823-F12","GMCRX1665-14","GMP#01819","Arthropoda","Insecta","Hymenoptera","Braconidae","Microgastrinae","Rhygoplitis","Rhygoplitis Whitfield01","BOLD:AAC0735","BSE Malaise Trap",10.8438,-85.6138,"2012-12-24","1",537,"GMCRX"
"BIOUG09738-F06","GMCRX369-13","GMP#01819","Arthropoda","Insecta","Hymenoptera","Braconidae","Microgastrinae","Dolichogenidea","Dolichogenidea Janzen117","BOLD:AAD9699","BSE Malaise Trap",10.8438,-85.6138,"2012-12-24","1",585,"GMCRX"
"BIOUG09738-F07","GMCRX370-13","GMP#01819","Arthropoda","Insecta","Hymenoptera","Braconidae","Microgastrinae","Apanteles","Apanteles eduardoramirezi","BOLD:AAA4554","BSE Malaise Trap",10.8438,-85.6138,"2012-12-24","1",582,"GMCRX"
"BIOUG09738-F10","GMCRX373-13","GMP#01819","Arthropoda","Insecta","Hymenoptera","Braconidae","Microgastrinae","Pseudapanteles","Pseudapanteles rosemarykarpinskiae","BOLD:AAB2826","BSE Malaise Trap",10.8438,-85.6138,"2012-12-24","1",600,"GMCRX"
"BIOUG09738-F12","GMCRX375-13","GMP#01819","Arthropoda","Insecta","Hymenoptera","Braconidae","Microgastrinae","Dolichogenidea","Dolichogenidea Rodriguez195","BOLD:AAM5088","BSE Malaise Trap",10.8438,-85.6138,"2012-12-24","1",549,"GMCRX"
"BIOUG09738-G04","GMCRX379-13","GMP#01819","Arthropoda","Insecta","Hymenoptera","Braconidae","Microgastrinae","Apanteles","Apanteles oscarchavezi","BOLD:AAN7915","BSE Malaise Trap",10.8438,-85.6138,"2012-12-24","1",561,"GMCRX"
"BIOUG09738-G05","GMCRX380-13","GMP#01819","Arthropoda","Insecta","Hymenoptera","Braconidae","Microgastrinae","Rhygoplitis","Rhygoplitis Whitfield01","BOLD:AAC0735","BSE Malaise Trap",10.8438,-85.6138,"2012-12-24","1",570,"GMCRX"
"BIOUG09738-G06","GMCRX381-13","GMP#01819","Arthropoda","Insecta","Hymenoptera","Braconidae","Microgastrinae","Apanteles","Apanteles oscarchavezi","BOLD:AAN7915","BSE Malaise Trap",10.8438,-85.6138,"2012-12-24","1",582,"GMCRX"
"BIOUG09738-G07","GMCRX382-13","GMP#01819","Arthropoda","Insecta","Hymenoptera","Braconidae","Microgastrinae","Apanteles","Apanteles lisabearssae","BOLD:AAC2117","BSE Malaise Trap",10.8438,-85.6138,"2012-12-24","1",564,"GMCRX"
"BIOUG09738-G08","GMCRX383-13","GMP#01819","Arthropoda","Insecta","Hymenoptera","Braconidae","Microgastrinae","Apanteles","Apanteles oscarchavezi","BOLD:AAN7915","BSE Malaise Trap",10.8438,-85.6138,"2012-12-24","1",561,"GMCRX"
"BIOUG09738-G09","GMCRX384-13","GMP#01819","Arthropoda","Insecta","Hymenoptera","Braconidae","Microgastrinae","Pseudapanteles","Pseudapanteles alfiopivai","BOLD:AAF6107","BSE Malaise Trap",10.8438,-85.6138,"2012-12-24","1",658,"GMCRX"
"BIOUG09738-G12","GMCRX387-13","GMP#01819","Arthropoda","Insecta","Hymenoptera","Braconidae","Microgastrinae","Apanteles","Apanteles eduardoramirezi","BOLD:AAA4554","BSE Malaise Trap",10.8438,-85.6138,"2012-12-24","1",600,"GMCRX"
"BIOUG09738-H08","GMCRX395-13","GMP#01819","Arthropoda","Insecta","Hymenoptera","Braconidae","Microgastrinae","Rhygoplitis","Rhygoplitis Whitfield01","BOLD:AAC0735","BSE Malaise Trap",10.8438,-85.6138,"2012-12-24","1",600,"GMCRX"
"BIOUG09738-H10","GMCRX397-13","GMP#01819","Arthropoda","Insecta","Hymenoptera","Braconidae","Microgastrinae","Apanteles","Apanteles oscarchavezi","BOLD:AAN7915","BSE Malaise Trap",10.8438,-85.6138,"2012-12-24","1",531,"GMCRX"
"BIOUG09738-H11","GMCRX398-13","GMP#01819","Arthropoda","Insecta","Hymenoptera","Braconidae","Microgastrinae","Rhygoplitis","Rhygoplitis Whitfield01","BOLD:AAC0735","BSE Malaise Trap",10.8438,-85.6138,"2012-12-24","1",594,"GMCRX"
"BIOUG09739-B02","GMCRX412-13","GMP#01819","Arthropoda","Insecta","Hymenoptera","Braconidae","Microgastrinae","Apanteles","Apanteles oscarchavezi","BOLD:AAN7915","BSE Malaise Trap",10.8438,-85.6138,"2012-12-24","1",585,"GMCRX"
"BIOUG09739-B09","GMCRX419-13","GMP#01819","Arthropoda","Insecta","Hymenoptera","Braconidae","Microgastrinae","Apanteles","Apanteles eduardoramirezi","BOLD:AAA4554","BSE Malaise Trap",10.8438,-85.6138,"2012-12-24","1",600,"GMCRX"
"BIOUG09739-B10","GMCRX420-13","GMP#01819","Arthropoda","Insecta","Hymenoptera","Braconidae","Microgastrinae","Glyptapanteles","Glyptapanteles Whitfield199","BOLD:AAD6534","BSE Malaise Trap",10.8438,-85.6138,"2012-12-24","1",597,"GMCRX"
"BIOUG09739-B12","GMCRX422-13","GMP#01819","Arthropoda","Insecta","Hymenoptera","Braconidae","Microgastrinae","Pseudapanteles","Pseudapanteles alfiopivai","BOLD:AAF6107","BSE Malaise Trap",10.8438,-85.6138,"2012-12-24","1",658,"GMCRX"
"BIOUG09739-D06","GMCRX440-13","GMP#01819","Arthropoda","Insecta","Hymenoptera","Braconidae","Microgastrinae","Parapanteles","Parapanteles Whitfield300","BOLD:AAK1628","BSE Malaise Trap",10.8438,-85.6138,"2012-12-24","1",600,"GMCRX"
"BIOUG09739-E01","GMCRX447-13","GMP#01819","Arthropoda","Insecta","Hymenoptera","Braconidae","Microgastrinae","Dolichogenidea","Dolichogenidea Rodriguez197","BOLD:AAC8392","BSE Malaise Trap",10.8438,-85.6138,"2012-12-24","1",594,"GMCRX"
"BIOUG09739-E05","GMCRX451-13","GMP#01819","Arthropoda","Insecta","Hymenoptera","Braconidae","Microgastrinae","Apanteles","Apanteles oscarchavezi","BOLD:AAN7915","BSE Malaise Trap",10.8438,-85.6138,"2012-12-24","1",585,"GMCRX"
"BIOUG09739-E06","GMCRX452-13","GMP#01819","Arthropoda","Insecta","Hymenoptera","Braconidae","Microgastrinae","Apanteles","Apanteles josejaramilloi","BOLD:AAD6849","BSE Malaise Trap",10.8438,-85.6138,"2012-12-24","1",582,"GMCRX"
"BIOUG09739-E07","GMCRX453-13","GMP#01819","Arthropoda","Insecta","Hymenoptera","Braconidae","Microgastrinae","Glyptapanteles","Glyptapanteles philwardi","BOLD:AAE7160","BSE Malaise Trap",10.8438,-85.6138,"2012-12-24","1",606,"GMCRX"
"BIOUG09739-E09","GMCRX455-13","GMP#01819","Arthropoda","Insecta","Hymenoptera","Braconidae","Microgastrinae","Glyptapanteles","Glyptapanteles pamitchellae","BOLD:AAA3934","BSE Malaise Trap",10.8438,-85.6138,"2012-12-24","1",600,"GMCRX"
"BIOUG09739-F04","GMCRX462-13","GMP#01819","Arthropoda","Insecta","Hymenoptera","Braconidae","Microgastrinae","Rhygoplitis","Rhygoplitis Whitfield01","BOLD:AAC0735","BSE Malaise Trap",10.8438,-85.6138,"2012-12-24","1",600,"GMCRX"
"BIOUG09739-G03","GMCRX473-13","GMP#01819","Arthropoda","Insecta","Hymenoptera","Braconidae","Microgastrinae","Apanteles","Apanteles lisabearssae","BOLD:AAC2117","BSE Malaise Trap",10.8438,-85.6138,"2012-12-24","1",585,"GMCRX"
"BIOUG09739-G04","GMCRX474-13","GMP#01819","Arthropoda","Insecta","Hymenoptera","Braconidae","Microgastrinae","Glyptapanteles","Glyptapanteles pamitchellae","BOLD:AAA3934","BSE Malaise Trap",10.8438,-85.6138,"2012-12-24","1",594,"GMCRX"
"BIOUG09739-G09","GMCRX479-13","GMP#01819","Arthropoda","Insecta","Hymenoptera","Braconidae","Microgastrinae","Rhygoplitis","Rhygoplitis Whitfield01","BOLD:AAC0735","BSE Malaise Trap",10.8438,-85.6138,"2012-12-24","1",594,"GMCRX"
"BIOUG09739-H04","GMCRX486-13","GMP#01819","Arthropoda","Insecta","Hymenoptera","Braconidae","Microgastrinae","Dolichogenidea","Dolichogenidea Janzen117","BOLD:AAD9699","BSE Malaise Trap",10.8438,-85.6138,"2012-12-24","1",600,"GMCRX"
"BIOUG09739-H05","GMCRX487-13","GMP#01819","Arthropoda","Insecta","Hymenoptera","Braconidae","Microgastrinae","Parapanteles","Parapanteles Whitfield300","BOLD:AAK1628","BSE Malaise Trap",10.8438,-85.6138,"2012-12-24","1",600,"GMCRX"
"BIOUG09739-H10","GMCRX492-13","GMP#01819","Arthropoda","Insecta","Hymenoptera","Braconidae","Microgastrinae","Rhygoplitis","Rhygoplitis Whitfield01","BOLD:AAC0735","BSE Malaise Trap",10.8438,-85.6138,"2012-12-24","1",585,"GMCRX"
"BIOUG09740-B02","GMCRX507-13","GMP#01819","Arthropoda","Insecta","Hymenoptera","Braconidae","Microgastrinae","Rhygoplitis","Rhygoplitis Whitfield01","BOLD:AAC0735","BSE Malaise Trap",10.8438,-85.6138,"2012-12-24","1",597,"GMCRX"
"BIOUG09740-B06","GMCRX511-13","GMP#01819","Arthropoda","Insecta","Hymenoptera","Braconidae","Microgastrinae","Glyptapanteles","Glyptapanteles Whitfield90","BOLD:AAY1040","BSE Malaise Trap",10.8438,-85.6138,"2012-12-24","1",658,"GMCRX"
"BIOUG09740-C10","GMCRX527-13","GMP#01819","Arthropoda","Insecta","Hymenoptera","Braconidae","Microgastrinae","Apanteles","Apanteles oscarchavezi","BOLD:AAN7915","BSE Malaise Trap",10.8438,-85.6138,"2012-12-24","1",594,"GMCRX"
"BIOUG09740-D10","GMCRX539-13","GMP#01819","Arthropoda","Insecta","Hymenoptera","Braconidae","Microgastrinae","Alphomelon","Alphomelon andydeansi","BOLD:ADJ6568","BSE Malaise Trap",10.8438,-85.6138,"2012-12-24","1",594,"GMCRX"
"BIOUG09824-G01","GMCRY001-14","GMP#01821","Arthropoda","Insecta","Hymenoptera","Braconidae","Microgastrinae","Apanteles","Apanteles eduardoramirezi","BOLD:AAA4554","BSE Malaise Trap",10.8438,-85.6138,"2013-01-07","1",605,"GMCRY"
"BIOUG09824-G08","GMCRY008-14","GMP#01821","Arthropoda","Insecta","Hymenoptera","Braconidae","Microgastrinae","Rhygoplitis","Rhygoplitis Whitfield01","BOLD:AAC0735","BSE Malaise Trap",10.8438,-85.6138,"2013-01-07","1",556,"GMCRY"
"BIOUG09824-H01","GMCRY013-14","GMP#01821","Arthropoda","Insecta","Hymenoptera","Braconidae","Microgastrinae","Apanteles","Apanteles eduardoramirezi","BOLD:AAA4554","BSE Malaise Trap",10.8438,-85.6138,"2013-01-07","1",550,"GMCRY"
"BIOUG09824-H05","GMCRY017-14","GMP#01821","Arthropoda","Insecta","Hymenoptera","Braconidae","Microgastrinae","Apanteles","Apanteles angelsolisi","BOLD:ABY7235","BSE Malaise Trap",10.8438,-85.6138,"2013-01-07","1",595,"GMCRY"
"BIOUG09826-A04","GMCRY027-14","GMP#01821","Arthropoda","Insecta","Hymenoptera","Braconidae","Microgastrinae","Pseudapanteles","Pseudapanteles renecastroi","BOLD:ABX9145","BSE Malaise Trap",10.8438,-85.6138,"2013-01-07","1",658,"GMCRY"
"BIOUG09826-A11","GMCRY034-14","GMP#01821","Arthropoda","Insecta","Hymenoptera","Braconidae","Microgastrinae","Apanteles","Apanteles oscarchavezi","BOLD:AAN7915","BSE Malaise Trap",10.8438,-85.6138,"2013-01-07","1",590,"GMCRY"
"BIOUG09826-A12","GMCRY035-14","GMP#01821","Arthropoda","Insecta","Hymenoptera","Braconidae","Microgastrinae","Glyptapanteles","Glyptapanteles pamitchellae","BOLD:AAA3934","BSE Malaise Trap",10.8438,-85.6138,"2013-01-07","1",603,"GMCRY"
"BIOUG09826-B05","GMCRY040-14","GMP#01821","Arthropoda","Insecta","Hymenoptera","Braconidae","Microgastrinae","Rhygoplitis","Rhygoplitis Whitfield01","BOLD:AAC0735","BSE Malaise Trap",10.8438,-85.6138,"2013-01-07","1",580,"GMCRY"
"BIOUG09826-B12","GMCRY047-14","GMP#01821","Arthropoda","Insecta","Hymenoptera","Braconidae","Microgastrinae","Apanteles","Apanteles eduardoramirezi","BOLD:AAA4554","BSE Malaise Trap",10.8438,-85.6138,"2013-01-07","1",603,"GMCRY"
"BIOUG09826-C10","GMCRY057-14","GMP#01821","Arthropoda","Insecta","Hymenoptera","Braconidae","Microgastrinae","Diolcogaster","Diolcogaster Choi84","BOLD:AAB0594","BSE Malaise Trap",10.8438,-85.6138,"2013-01-07","1",598,"GMCRY"
"BIOUG09826-C11","GMCRY058-14","GMP#01821","Arthropoda","Insecta","Hymenoptera","Braconidae","Microgastrinae","Apanteles","Apanteles oscarchavezi","BOLD:AAN7915","BSE Malaise Trap",10.8438,-85.6138,"2013-01-07","1",590,"GMCRY"
"BIOUG09826-D03","GMCRY062-14","GMP#01821","Arthropoda","Insecta","Hymenoptera","Braconidae","Microgastrinae","Alphomelon","Alphomelon xestopyga","BOLD:AAA1634","BSE Malaise Trap",10.8438,-85.6138,"2013-01-07","1",587,"GMCRY"
"BIOUG09826-D04","GMCRY063-14","GMP#01821","Arthropoda","Insecta","Hymenoptera","Braconidae","Microgastrinae","Pseudapanteles","Pseudapanteles renecastroi","BOLD:ABX9145","BSE Malaise Trap",10.8438,-85.6138,"2013-01-07","1",658,"GMCRY"
"BIOUG09826-D06","GMCRY065-14","GMP#01821","Arthropoda","Insecta","Hymenoptera","Braconidae","Microgastrinae","Pseudapanteles","Pseudapanteles carlosrodriguezi","BOLD:AAE8274","BSE Malaise Trap",10.8438,-85.6138,"2013-01-07","1",588,"GMCRY"
"BIOUG09826-D08","GMCRY067-14","GMP#01821","Arthropoda","Insecta","Hymenoptera","Braconidae","Microgastrinae","Dolichogenidea","Dolichogenidea Janzen117","BOLD:AAD9699","BSE Malaise Trap",10.8438,-85.6138,"2013-01-07","1",593,"GMCRY"
"BIOUG09826-D09","GMCRY068-14","GMP#01821","Arthropoda","Insecta","Hymenoptera","Braconidae","Microgastrinae","Apanteles","Apanteles oscarchavezi","BOLD:AAN7915","BSE Malaise Trap",10.8438,-85.6138,"2013-01-07","1",603,"GMCRY"
"BIOUG09826-D11","GMCRY070-14","GMP#01821","Arthropoda","Insecta","Hymenoptera","Braconidae","Microgastrinae","Apanteles","Apanteles oscarchavezi","BOLD:AAN7915","BSE Malaise Trap",10.8438,-85.6138,"2013-01-07","1",580,"GMCRY"
"BIOUG09826-E02","GMCRY073-14","GMP#01821","Arthropoda","Insecta","Hymenoptera","Braconidae","Microgastrinae","Dolichogenidea","Dolichogenidea Rodriguez195","BOLD:AAM5088","BSE Malaise Trap",10.8438,-85.6138,"2013-01-07","1",605,"GMCRY"
"BIOUG09826-E06","GMCRY077-14","GMP#01821","Arthropoda","Insecta","Hymenoptera","Braconidae","Microgastrinae","Dolichogenidea","Dolichogenidea Rodriguez195","BOLD:AAM5088","BSE Malaise Trap",10.8438,-85.6138,"2013-01-07","1",592,"GMCRY"
"BIOUG09826-E09","GMCRY080-14","GMP#01821","Arthropoda","Insecta","Hymenoptera","Braconidae","Microgastrinae","Rhygoplitis","Rhygoplitis Whitfield01","BOLD:AAC0735","BSE Malaise Trap",10.8438,-85.6138,"2013-01-07","1",603,"GMCRY"
"BIOUG09826-F12","GMCRY095-14","GMP#01821","Arthropoda","Insecta","Hymenoptera","Braconidae","Microgastrinae","Alphomelon","Alphomelon andydeansi","BOLD:ADJ6568","BSE Malaise Trap",10.8438,-85.6138,"2013-01-07","1",595,"GMCRY"
"BIOUG09826-G01","GMCRY096-14","GMP#01821","Arthropoda","Insecta","Hymenoptera","Braconidae","Microgastrinae","Rhygoplitis","Rhygoplitis Whitfield01","BOLD:AAC0735","BSE Malaise Trap",10.8438,-85.6138,"2013-01-07","1",590,"GMCRY"
"BIOUG09826-H07","GMCRY114-14","GMP#01821","Arthropoda","Insecta","Hymenoptera","Braconidae","Microgastrinae","Diolcogaster","Diolcogaster Choi84","BOLD:AAB0594","BSE Malaise Trap",10.8438,-85.6138,"2013-01-07","1",593,"GMCRY"
"BIOUG09827-A03","GMCRY121-14","GMP#01821","Arthropoda","Insecta","Hymenoptera","Braconidae","Microgastrinae","Diolcogaster","Diolcogaster Choi84","BOLD:AAB0594","BSE Malaise Trap",10.8438,-85.6138,"2013-01-07","1",605,"GMCRY"
"BIOUG10013-B12","GMCRY853-14","GMP#01821","Arthropoda","Insecta","Hymenoptera","Braconidae","Microgastrinae","Pseudapanteles","Pseudapanteles rosemarykarpinskiae","BOLD:AAB2826","BSE Malaise Trap",10.8438,-85.6138,"2013-01-07","1",584,"GMCRY"
"BIOUG10016-G01","GMCRZ295-14","GMP#01823","Arthropoda","Insecta","Hymenoptera","Braconidae","Microgastrinae","Apanteles","Apanteles eduardoramirezi","BOLD:AAA4554","BSE Malaise Trap",10.8438,-85.6138,"2013-01-21","1",590,"GMCRZ"
"BIOUG10016-G02","GMCRZ296-14","GMP#01823","Arthropoda","Insecta","Hymenoptera","Braconidae","Microgastrinae","Glyptapanteles","Glyptapanteles shelbystedenfeldae","BOLD:AAC1266","BSE Malaise Trap",10.8438,-85.6138,"2013-01-21","1",576,"GMCRZ"
"BIOUG10016-G03","GMCRZ297-14","GMP#01823","Arthropoda","Insecta","Hymenoptera","Braconidae","Microgastrinae","Glyptapanteles","Glyptapanteles philwardi","BOLD:AAE7160","BSE Malaise Trap",10.8438,-85.6138,"2013-01-21","1",590,"GMCRZ"
"BIOUG10016-G06","GMCRZ300-14","GMP#01823","Arthropoda","Insecta","Hymenoptera","Braconidae","Microgastrinae","Apanteles","Apanteles eduardoramirezi","BOLD:AAA4554","BSE Malaise Trap",10.8438,-85.6138,"2013-01-21","1",590,"GMCRZ"
"BIOUG10016-G08","GMCRZ302-14","GMP#01823","Arthropoda","Insecta","Hymenoptera","Braconidae","Microgastrinae","Dolichogenidea","Dolichogenidea Janzen117","BOLD:AAD9699","BSE Malaise Trap",10.8438,-85.6138,"2013-01-21","1",557,"GMCRZ"
"BIOUG10016-H02","GMCRZ308-14","GMP#01823","Arthropoda","Insecta","Hymenoptera","Braconidae","Microgastrinae","Pseudapanteles","Pseudapanteles carlosrodriguezi","BOLD:AAE8274","BSE Malaise Trap",10.8438,-85.6138,"2013-01-21","1",590,"GMCRZ"
"BIOUG10016-H03","GMCRZ309-14","GMP#01823","Arthropoda","Insecta","Hymenoptera","Braconidae","Microgastrinae","Dolichogenidea","Dolichogenidea Malaise3803","BOLD:ACL3803","BSE Malaise Trap",10.8438,-85.6138,"2013-01-21","1",658,"GMCRZ"
"BIOUG10017-A08","GMCRZ325-14","GMP#01823","Arthropoda","Insecta","Hymenoptera","Braconidae","Microgastrinae","Alphomelon","Alphomelon andydeansi","BOLD:ADJ6568","BSE Malaise Trap",10.8438,-85.6138,"2013-01-21","1",568,"GMCRZ"
"BIOUG10017-C01","GMCRZ342-14","GMP#01823","Arthropoda","Insecta","Hymenoptera","Braconidae","Microgastrinae","Rhygoplitis","Rhygoplitis Whitfield01","BOLD:AAC0735","BSE Malaise Trap",10.8438,-85.6138,"2013-01-21","1",590,"GMCRZ"
"BIOUG10017-C07","GMCRZ348-14","GMP#01823","Arthropoda","Insecta","Hymenoptera","Braconidae","Microgastrinae","Apanteles","Apanteles lisabearssae","BOLD:AAC2117","BSE Malaise Trap",10.8438,-85.6138,"2013-01-21","1",590,"GMCRZ"
"BIOUG10017-E01","GMCRZ366-14","GMP#01823","Arthropoda","Insecta","Hymenoptera","Braconidae","Microgastrinae","Apanteles","Apanteles eduardoramirezi","BOLD:AAA4554","BSE Malaise Trap",10.8438,-85.6138,"2013-01-21","1",593,"GMCRZ"
"BIOUG10017-E03","GMCRZ368-14","GMP#01823","Arthropoda","Insecta","Hymenoptera","Braconidae","Microgastrinae","Apanteles","Apanteles lisabearssae","BOLD:AAC2117","BSE Malaise Trap",10.8438,-85.6138,"2013-01-21","1",578,"GMCRZ"
"BIOUG10017-E05","GMCRZ370-14","GMP#01823","Arthropoda","Insecta","Hymenoptera","Braconidae","Microgastrinae","Apanteles","Apanteles eduardoramirezi","BOLD:AAA4554","BSE Malaise Trap",10.8438,-85.6138,"2013-01-21","1",590,"GMCRZ"
"BIOUG10017-E09","GMCRZ374-14","GMP#01823","Arthropoda","Insecta","Hymenoptera","Braconidae","Microgastrinae","Apanteles","Apanteles oscarchavezi","BOLD:AAN7915","BSE Malaise Trap",10.8438,-85.6138,"2013-01-21","1",557,"GMCRZ"
"BIOUG10017-F02","GMCRZ379-14","GMP#01823","Arthropoda","Insecta","Hymenoptera","Braconidae","Microgastrinae","Apanteles","Apanteles eduardoramirezi","BOLD:AAA4554","BSE Malaise Trap",10.8438,-85.6138,"2013-01-21","1",567,"GMCRZ"
"BIOUG10017-F03","GMCRZ380-14","GMP#01823","Arthropoda","Insecta","Hymenoptera","Braconidae","Microgastrinae","Glyptapanteles","Glyptapanteles shelbystedenfeldae","BOLD:AAC1266","BSE Malaise Trap",10.8438,-85.6138,"2013-01-21","1",575,"GMCRZ"
"BIOUG17520-A10","GMCSS433-14","GMP#01816","Arthropoda","Insecta","Hymenoptera","Braconidae","Microgastrinae","Apanteles","Apanteles oscarchavezi","BOLD:AAN7915","BSE Malaise Trap",10.8438,-85.6138,"2012-12-03","1",600,"GMCSS"
"BIOUG17520-B01","GMCSS436-14","GMP#01816","Arthropoda","Insecta","Hymenoptera","Braconidae","Microgastrinae","Pseudapanteles","Pseudapanteles renecastroi","BOLD:ABX9145","BSE Malaise Trap",10.8438,-85.6138,"2012-12-03","1",600,"GMCSS"
"BIOUG17520-C01","GMCSS448-14","GMP#01816","Arthropoda","Insecta","Hymenoptera","Braconidae","Microgastrinae","Glyptapanteles","Glyptapanteles pamitchellae","BOLD:AAA3934","BSE Malaise Trap",10.8438,-85.6138,"2012-12-03","1",614,"GMCSS"
"BIOUG17520-C03","GMCSS450-14","GMP#01816","Arthropoda","Insecta","Hymenoptera","Braconidae","Microgastrinae","Pseudapanteles","Pseudapanteles soniapicadoae","BOLD:AAX8739","BSE Malaise Trap",10.8438,-85.6138,"2012-12-03","1",600,"GMCSS"
"BIOUG17520-C04","GMCSS451-14","GMP#01816","Arthropoda","Insecta","Hymenoptera","Braconidae","Microgastrinae","Glyptapanteles","Glyptapanteles pamitchellae","BOLD:AAA3934","BSE Malaise Trap",10.8438,-85.6138,"2012-12-03","1",600,"GMCSS"
"BIOUG17498-H02","GMCTT122-14","GMP#01814","Arthropoda","Insecta","Hymenoptera","Braconidae","Microgastrinae","Cotesia","Cotesia Whitfield03","BOLD:AAE9345","BSE Malaise Trap",10.8438,-85.6138,"2012-11-19","1",594,"GMCTT"
"BIOUG17498-H03","GMCTT123-14","GMP#01814","Arthropoda","Insecta","Hymenoptera","Braconidae","Microgastrinae","Hypomicrogaster","Hypomicrogaster Malaise4922","BOLD:ACR4922","BSE Malaise Trap",10.8438,-85.6138,"2012-11-19","1",558,"GMCTT"
"BIOUG17569-C10","GMCUU1017-14","GMP#01818","Arthropoda","Insecta","Hymenoptera","Braconidae","Microgastrinae","Glyptapanteles","Glyptapanteles pamitchellae","BOLD:AAA3934","BSE Malaise Trap",10.8438,-85.6138,"2012-12-17","1",630,"GMCUU"
"BIOUG17569-C12","GMCUU1019-14","GMP#01818","Arthropoda","Insecta","Hymenoptera","Braconidae","Microgastrinae","Pseudapanteles","Pseudapanteles alfiopivai","BOLD:AAF6107","BSE Malaise Trap",10.8438,-85.6138,"2012-12-17","1",531,"GMCUU"
"BIOUG17569-D05","GMCUU1024-14","GMP#01818","Arthropoda","Insecta","Hymenoptera","Braconidae","Microgastrinae","Rhygoplitis","Rhygoplitis Whitfield01","BOLD:AAC0735","BSE Malaise Trap",10.8438,-85.6138,"2012-12-17","1",603,"GMCUU"
"BIOUG17569-E08","GMCUU1039-14","GMP#01818","Arthropoda","Insecta","Hymenoptera","Braconidae","Microgastrinae","Apanteles","Apanteles oscarchavezi","BOLD:AAN7915","BSE Malaise Trap",10.8438,-85.6138,"2012-12-17","1",563,"GMCUU"
"BIOUG17569-F09","GMCUU1052-14","GMP#01818","Arthropoda","Insecta","Hymenoptera","Braconidae","Microgastrinae","Rhygoplitis","Rhygoplitis Whitfield01","BOLD:AAC0735","BSE Malaise Trap",10.8438,-85.6138,"2012-12-17","1",592,"GMCUU"
"BIOUG17569-G05","GMCUU1060-14","GMP#01818","Arthropoda","Insecta","Hymenoptera","Braconidae","Microgastrinae","Snellenius","Snellenius vickifunkae","BOLD:AAH2836","BSE Malaise Trap",10.8438,-85.6138,"2012-12-17","1",596,"GMCUU"
"BIOUG17569-G06","GMCUU1061-14","GMP#01818","Arthropoda","Insecta","Hymenoptera","Braconidae","Microgastrinae","Pseudapanteles","Pseudapanteles rosemarykarpinskiae","BOLD:AAB2826","BSE Malaise Trap",10.8438,-85.6138,"2012-12-17","1",595,"GMCUU"
"BIOUG17569-G07","GMCUU1062-14","GMP#01818","Arthropoda","Insecta","Hymenoptera","Braconidae","Microgastrinae","Rhygoplitis","Rhygoplitis Whitfield01","BOLD:AAC0735","BSE Malaise Trap",10.8438,-85.6138,"2012-12-17","1",594,"GMCUU"
"BIOUG17569-G09","GMCUU1064-14","GMP#01818","Arthropoda","Insecta","Hymenoptera","Braconidae","Microgastrinae","Rhygoplitis","Rhygoplitis Whitfield01","BOLD:AAC0735","BSE Malaise Trap",10.8438,-85.6138,"2012-12-17","1",564,"GMCUU"
"BIOUG17569-H02","GMCUU1069-14","GMP#01818","Arthropoda","Insecta","Hymenoptera","Braconidae","Microgastrinae","Pseudapanteles","Pseudapanteles alvaroumanai","BOLD:AAE0922","BSE Malaise Trap",10.8438,-85.6138,"2012-12-17","1",549,"GMCUU"
"BIOUG17566-E10","GMCUU756-14","GMP#01818","Arthropoda","Insecta","Hymenoptera","Braconidae","Microgastrinae","Apanteles","Apanteles oscarchavezi","BOLD:AAN7915","BSE Malaise Trap",10.8438,-85.6138,"2012-12-17","1",591,"GMCUU"
"BIOUG17566-F01","GMCUU759-14","GMP#01818","Arthropoda","Insecta","Hymenoptera","Braconidae","Microgastrinae","Apanteles","Apanteles eduardoramirezi","BOLD:AAA4554","BSE Malaise Trap",10.8438,-85.6138,"2012-12-17","1",603,"GMCUU"
"BIOUG17566-F10","GMCUU768-14","GMP#01818","Arthropoda","Insecta","Hymenoptera","Braconidae","Microgastrinae","Cotesia","Cotesia scotti","BOLD:AAB9141","BSE Malaise Trap",10.8438,-85.6138,"2012-12-17","1",567,"GMCUU"
"BIOUG17566-F11","GMCUU769-14","GMP#01818","Arthropoda","Insecta","Hymenoptera","Braconidae","Microgastrinae","Pseudapanteles","Pseudapanteles alfiopivai","BOLD:AAF6107","BSE Malaise Trap",10.8438,-85.6138,"2012-12-17","1",576,"GMCUU"
"BIOUG17566-G11","GMCUU781-14","GMP#01818","Arthropoda","Insecta","Hymenoptera","Braconidae","Microgastrinae","Apanteles","Apanteles oscarchavezi","BOLD:AAN7915","BSE Malaise Trap",10.8438,-85.6138,"2012-12-17","1",567,"GMCUU"
"BIOUG17566-H02","GMCUU784-14","GMP#01818","Arthropoda","Insecta","Hymenoptera","Braconidae","Microgastrinae","Apanteles","Apanteles oscarchavezi","BOLD:AAN7915","BSE Malaise Trap",10.8438,-85.6138,"2012-12-17","1",567,"GMCUU"
"BIOUG17566-H04","GMCUU786-14","GMP#01818","Arthropoda","Insecta","Hymenoptera","Braconidae","Microgastrinae","Cotesia","Cotesia Whitfield20","BOLD:AAA7143","BSE Malaise Trap",10.8438,-85.6138,"2012-12-17","1",590,"GMCUU"
"BIOUG17568-H01","GMCUU973-14","GMP#01818","Arthropoda","Insecta","Hymenoptera","Braconidae","Microgastrinae","Rhygoplitis","Rhygoplitis Whitfield01","BOLD:AAC0735","BSE Malaise Trap",10.8438,-85.6138,"2012-12-17","1",576,"GMCUU"
"BIOUG17568-H03","GMCUU975-14","GMP#01818","Arthropoda","Insecta","Hymenoptera","Braconidae","Microgastrinae","Glyptapanteles","Glyptapanteles pamitchellae","BOLD:AAA3934","BSE Malaise Trap",10.8438,-85.6138,"2012-12-17","1",609,"GMCUU"
"BIOUG17568-H05","GMCUU977-14","GMP#01818","Arthropoda","Insecta","Hymenoptera","Braconidae","Microgastrinae","Pseudapanteles","Pseudapanteles alfiopivai","BOLD:AAF6107","BSE Malaise Trap",10.8438,-85.6138,"2012-12-17","1",546,"GMCUU"
"BIOUG13945-A03","GMCVV003-15","GMP#01820","Arthropoda","Insecta","Hymenoptera","Braconidae","Microgastrinae","Dolichogenidea","Dolichogenidea Rodriguez195","BOLD:AAM5088","BSE Malaise Trap",10.8438,-85.6138,"2012-12-31","1",555,"GMCVV"
"BIOUG13945-A07","GMCVV007-15","GMP#01820","Arthropoda","Insecta","Hymenoptera","Braconidae","Microgastrinae","Apanteles","Apanteles flormoralesae","BOLD:AAN2537","BSE Malaise Trap",10.8438,-85.6138,"2012-12-31","1",561,"GMCVV"
"BIOUG13945-A10","GMCVV010-15","GMP#01820","Arthropoda","Insecta","Hymenoptera","Braconidae","Microgastrinae","Pseudapanteles","Pseudapanteles Janzen86","BOLD:ACL4489","BSE Malaise Trap",10.8438,-85.6138,"2012-12-31","1",588,"GMCVV"
"BIOUG13945-B04","GMCVV016-15","GMP#01820","Arthropoda","Insecta","Hymenoptera","Braconidae","Microgastrinae","Glyptapanteles","Glyptapanteles pamitchellae","BOLD:AAA3934","BSE Malaise Trap",10.8438,-85.6138,"2012-12-31","1",594,"GMCVV"
"BIOUG13945-B05","GMCVV017-15","GMP#01820","Arthropoda","Insecta","Hymenoptera","Braconidae","Microgastrinae","Glyptapanteles","Glyptapanteles Whitfield189","BOLD:AAI7285","BSE Malaise Trap",10.8438,-85.6138,"2012-12-31","1",585,"GMCVV"
"BIOUG13945-B07","GMCVV019-15","GMP#01820","Arthropoda","Insecta","Hymenoptera","Braconidae","Microgastrinae","Dolichogenidea","Dolichogenidea Janzen324","BOLD:AAM5853","BSE Malaise Trap",10.8438,-85.6138,"2012-12-31","1",579,"GMCVV"
"BIOUG13945-B11","GMCVV023-15","GMP#01820","Arthropoda","Insecta","Hymenoptera","Braconidae","Microgastrinae","Glyptapanteles","Glyptapanteles Whitfield91","BOLD:ACL4468","BSE Malaise Trap",10.8438,-85.6138,"2012-12-31","1",585,"GMCVV"
"BIOUG13945-C07","GMCVV031-15","GMP#01820","Arthropoda","Insecta","Hymenoptera","Braconidae","Microgastrinae","Dolichogenidea","Dolichogenidea Rodriguez195","BOLD:AAM5088","BSE Malaise Trap",10.8438,-85.6138,"2012-12-31","1",585,"GMCVV"
"BIOUG13945-C09","GMCVV033-15","GMP#01820","Arthropoda","Insecta","Hymenoptera","Braconidae","Microgastrinae","Apanteles","Apanteles Malaise2550","BOLD:ACJ2550","BSE Malaise Trap",10.8438,-85.6138,"2012-12-31","1",588,"GMCVV"
"BIOUG13945-D08","GMCVV044-15","GMP#01820","Arthropoda","Insecta","Hymenoptera","Braconidae","Microgastrinae","Pseudapanteles","Pseudapanteles soniapicadoae","BOLD:AAX8739","BSE Malaise Trap",10.8438,-85.6138,"2012-12-31","1",594,"GMCVV"
"BIOUG13945-E03","GMCVV051-15","GMP#01820","Arthropoda","Insecta","Hymenoptera","Braconidae","Microgastrinae","Diolcogaster","Diolcogaster Choi77","BOLD:AAB9863","BSE Malaise Trap",10.8438,-85.6138,"2012-12-31","1",588,"GMCVV"
"BIOUG13945-E06","GMCVV054-15","GMP#01820","Arthropoda","Insecta","Hymenoptera","Braconidae","Microgastrinae","Dolichogenidea","Dolichogenidea Janzen117","BOLD:AAD9699","BSE Malaise Trap",10.8438,-85.6138,"2012-12-31","1",555,"GMCVV"
"BIOUG13945-E09","GMCVV057-15","GMP#01820","Arthropoda","Insecta","Hymenoptera","Braconidae","Microgastrinae","Apanteles","Apanteles lisabearssae","BOLD:AAC2117","BSE Malaise Trap",10.8438,-85.6138,"2012-12-31","1",600,"GMCVV"
"BIOUG13945-E10","GMCVV058-15","GMP#01820","Arthropoda","Insecta","Hymenoptera","Braconidae","Microgastrinae","Apanteles","Apanteles oscarchavezi","BOLD:AAN7915","BSE Malaise Trap",10.8438,-85.6138,"2012-12-31","1",576,"GMCVV"
"BIOUG13945-E12","GMCVV060-15","GMP#01820","Arthropoda","Insecta","Hymenoptera","Braconidae","Microgastrinae","Rhygoplitis","Rhygoplitis Whitfield01","BOLD:AAC0735","BSE Malaise Trap",10.8438,-85.6138,"2012-12-31","1",600,"GMCVV"
"BIOUG13945-F04","GMCVV064-15","GMP#01820","Arthropoda","Insecta","Hymenoptera","Braconidae","Microgastrinae","Apanteles","Apanteles oscarchavezi","BOLD:AAN7915","BSE Malaise Trap",10.8438,-85.6138,"2012-12-31","1",579,"GMCVV"
"BIOUG13945-F06","GMCVV066-15","GMP#01820","Arthropoda","Insecta","Hymenoptera","Braconidae","Microgastrinae","Dolichogenidea","Dolichogenidea Rodriguez195","BOLD:AAM5088","BSE Malaise Trap",10.8438,-85.6138,"2012-12-31","1",579,"GMCVV"
"BIOUG13945-F10","GMCVV070-15","GMP#01820","Arthropoda","Insecta","Hymenoptera","Braconidae","Microgastrinae","Apanteles","Apanteles oscarchavezi","BOLD:AAN7915","BSE Malaise Trap",10.8438,-85.6138,"2012-12-31","1",549,"GMCVV"
"BIOUG13945-G02","GMCVV074-15","GMP#01820","Arthropoda","Insecta","Hymenoptera","Braconidae","Microgastrinae","Rhygoplitis","Rhygoplitis Whitfield01","BOLD:AAC0735","BSE Malaise Trap",10.8438,-85.6138,"2012-12-31","1",600,"GMCVV"
"BIOUG13945-G09","GMCVV081-15","GMP#01820","Arthropoda","Insecta","Hymenoptera","Braconidae","Microgastrinae","Rhygoplitis","Rhygoplitis Whitfield01","BOLD:AAC0735","BSE Malaise Trap",10.8438,-85.6138,"2012-12-31","1",576,"GMCVV"
"BIOUG13945-G12","GMCVV084-15","GMP#01820","Arthropoda","Insecta","Hymenoptera","Braconidae","Microgastrinae","Apanteles","Apanteles eduardoramirezi","BOLD:AAA4554","BSE Malaise Trap",10.8438,-85.6138,"2012-12-31","1",570,"GMCVV"
"BIOUG13945-H01","GMCVV085-15","GMP#01820","Arthropoda","Insecta","Hymenoptera","Braconidae","Microgastrinae","Pseudapanteles","Pseudapanteles soniapicadoae","BOLD:AAX8739","BSE Malaise Trap",10.8438,-85.6138,"2012-12-31","1",612,"GMCVV"
"BIOUG13945-H03","GMCVV087-15","GMP#01820","Arthropoda","Insecta","Hymenoptera","Braconidae","Microgastrinae","Apanteles","Apanteles oscarchavezi","BOLD:AAN7915","BSE Malaise Trap",10.8438,-85.6138,"2012-12-31","1",570,"GMCVV"
"BIOUG13945-H05","GMCVV089-15","GMP#01820","Arthropoda","Insecta","Hymenoptera","Braconidae","Microgastrinae","Alphomelon","Alphomelon andydeansi","BOLD:ADJ6568","BSE Malaise Trap",10.8438,-85.6138,"2012-12-31","1",588,"GMCVV"
"BIOUG13945-H07","GMCVV091-15","GMP#01820","Arthropoda","Insecta","Hymenoptera","Braconidae","Microgastrinae","Rhygoplitis","Rhygoplitis Whitfield01","BOLD:AAC0735","BSE Malaise Trap",10.8438,-85.6138,"2012-12-31","1",591,"GMCVV"
"BIOUG17575-A02","GMCWW495-14","GMP#01822","Arthropoda","Insecta","Hymenoptera","Braconidae","Microgastrinae","Rhygoplitis","Rhygoplitis Whitfield01","BOLD:AAC0735","BSE Malaise Trap",10.8438,-85.6138,"2013-01-14","1",600,"GMCWW"
"BIOUG17575-A04","GMCWW497-14","GMP#01822","Arthropoda","Insecta","Hymenoptera","Braconidae","Microgastrinae","Apanteles","Apanteles eduardoramirezi","BOLD:AAA4554","BSE Malaise Trap",10.8438,-85.6138,"2013-01-14","1",594,"GMCWW"
"BIOUG17575-A07","GMCWW500-14","GMP#01822","Arthropoda","Insecta","Hymenoptera","Braconidae","Microgastrinae","Dolichogenidea","Dolichogenidea Rodriguez195","BOLD:AAM5088","BSE Malaise Trap",10.8438,-85.6138,"2013-01-14","1",600,"GMCWW"
"BIOUG17575-B04","GMCWW509-14","GMP#01822","Arthropoda","Insecta","Hymenoptera","Braconidae","Microgastrinae","Dolichogenidea","Dolichogenidea Janzen117","BOLD:AAD9699","BSE Malaise Trap",10.8438,-85.6138,"2013-01-14","1",588,"GMCWW"
"BIOUG17575-B11","GMCWW516-14","GMP#01822","Arthropoda","Insecta","Hymenoptera","Braconidae","Microgastrinae","Glyptapanteles","Glyptapanteles pamitchellae","BOLD:AAA3934","BSE Malaise Trap",10.8438,-85.6138,"2013-01-14","1",594,"GMCWW"
"BIOUG17575-C06","GMCWW523-14","GMP#01822","Arthropoda","Insecta","Hymenoptera","Braconidae","Microgastrinae","Apanteles","Apanteles eduardoramirezi","BOLD:AAA4554","BSE Malaise Trap",10.8438,-85.6138,"2013-01-14","1",609,"GMCWW"
"BIOUG17575-C08","GMCWW525-14","GMP#01822","Arthropoda","Insecta","Hymenoptera","Braconidae","Microgastrinae","Apanteles","Apanteles eduardoramirezi","BOLD:AAA4554","BSE Malaise Trap",10.8438,-85.6138,"2013-01-14","1",600,"GMCWW"
"BIOUG17575-C09","GMCWW526-14","GMP#01822","Arthropoda","Insecta","Hymenoptera","Braconidae","Microgastrinae","Apanteles","Apanteles lisabearssae","BOLD:AAC2117","BSE Malaise Trap",10.8438,-85.6138,"2013-01-14","1",588,"GMCWW"
"BIOUG17575-E03","GMCWW544-14","GMP#01822","Arthropoda","Insecta","Hymenoptera","Braconidae","Microgastrinae","Apanteles","Apanteles eduardoramirezi","BOLD:AAA4554","BSE Malaise Trap",10.8438,-85.6138,"2013-01-14","1",600,"GMCWW"
"BIOUG17575-F02","GMCWW555-14","GMP#01822","Arthropoda","Insecta","Hymenoptera","Braconidae","Microgastrinae","Apanteles","Apanteles eduardoramirezi","BOLD:AAA4554","BSE Malaise Trap",10.8438,-85.6138,"2013-01-14","1",600,"GMCWW"
"BIOUG17575-F08","GMCWW561-14","GMP#01822","Arthropoda","Insecta","Hymenoptera","Braconidae","Microgastrinae","Apanteles","Apanteles oscarchavezi","BOLD:AAN7915","BSE Malaise Trap",10.8438,-85.6138,"2013-01-14","1",555,"GMCWW"
"BIOUG17575-H06","GMCWW583-14","GMP#01822","Arthropoda","Insecta","Hymenoptera","Braconidae","Microgastrinae","Glyptapanteles","Glyptapanteles pamitchellae","BOLD:AAA3934","BSE Malaise Trap",10.8438,-85.6138,"2013-01-14","1",588,"GMCWW"
"BIOUG17575-H07","GMCWW584-14","GMP#01822","Arthropoda","Insecta","Hymenoptera","Braconidae","Microgastrinae","Rhygoplitis","Rhygoplitis Whitfield01","BOLD:AAC0735","BSE Malaise Trap",10.8438,-85.6138,"2013-01-14","1",588,"GMCWW"
"BIOUG17575-H09","GMCWW586-14","GMP#01822","Arthropoda","Insecta","Hymenoptera","Braconidae","Microgastrinae","Dolichogenidea","Dolichogenidea Janzen117","BOLD:AAD9699","BSE Malaise Trap",10.8438,-85.6138,"2013-01-14","1",588,"GMCWW"
"BIOUG17607-G05","GMCWW760-14","GMP#01822","Arthropoda","Insecta","Hymenoptera","Braconidae","Microgastrinae","Diolcogaster","Diolcogaster Choi77","BOLD:AAB9863","BSE Malaise Trap",10.8438,-85.6138,"2013-01-14","1",567,"GMCWW"
"BIOUG17607-H10","GMCWW777-14","GMP#01822","Arthropoda","Insecta","Hymenoptera","Braconidae","Microgastrinae","Apanteles","Apanteles lisabearssae","BOLD:AAC2117","BSE Malaise Trap",10.8438,-85.6138,"2013-01-14","1",600,"GMCWW"
"BIOUG17608-E10","GMCWW836-14","GMP#01822","Arthropoda","Insecta","Hymenoptera","Braconidae","Microgastrinae","Apanteles","Apanteles eduardoramirezi","BOLD:AAA4554","BSE Malaise Trap",10.8438,-85.6138,"2013-01-14","1",600,"GMCWW"
"BIOUG17616-A04","GMCWW842-14","GMP#01822","Arthropoda","Insecta","Hymenoptera","Braconidae","Microgastrinae","Pseudapanteles","Pseudapanteles Janzen86","BOLD:ACL4489","BSE Malaise Trap",10.8438,-85.6138,"2013-01-14","1",600,"GMCWW"
"BIOUG17616-A09","GMCWW847-14","GMP#01822","Arthropoda","Insecta","Hymenoptera","Braconidae","Microgastrinae","Dolichogenidea","Dolichogenidea Janzen324","BOLD:AAM5853","BSE Malaise Trap",10.8438,-85.6138,"2013-01-14","1",588,"GMCWW"
"BIOUG17616-B03","GMCWW853-14","GMP#01822","Arthropoda","Insecta","Hymenoptera","Braconidae","Microgastrinae","Pseudapanteles","Pseudapanteles alfiopivai","BOLD:AAF6107","BSE Malaise Trap",10.8438,-85.6138,"2013-01-14","1",591,"GMCWW"
"BIOUG17616-B04","GMCWW854-14","GMP#01822","Arthropoda","Insecta","Hymenoptera","Braconidae","Microgastrinae","Dolichogenidea","Dolichogenidea Rodriguez195","BOLD:AAM5088","BSE Malaise Trap",10.8438,-85.6138,"2013-01-14","1",588,"GMCWW"
"BIOUG17616-B06","GMCWW856-14","GMP#01822","Arthropoda","Insecta","Hymenoptera","Braconidae","Microgastrinae","Glyptapanteles","Glyptapanteles pamitchellae","BOLD:AAA3934","BSE Malaise Trap",10.8438,-85.6138,"2013-01-14","1",588,"GMCWW"
"BIOUG17616-B10","GMCWW860-14","GMP#01822","Arthropoda","Insecta","Hymenoptera","Braconidae","Microgastrinae","Apanteles","Apanteles eduardoramirezi","BOLD:AAA4554","BSE Malaise Trap",10.8438,-85.6138,"2013-01-14","1",591,"GMCWW"
"BIOUG17616-C08","GMCWW870-14","GMP#01822","Arthropoda","Insecta","Hymenoptera","Braconidae","Microgastrinae","Rhygoplitis","Rhygoplitis Whitfield01","BOLD:AAC0735","BSE Malaise Trap",10.8438,-85.6138,"2013-01-14","1",600,"GMCWW"
"BIOUG17616-C09","GMCWW871-14","GMP#01822","Arthropoda","Insecta","Hymenoptera","Braconidae","Microgastrinae","Pseudapanteles","Pseudapanteles carlosrodriguezi","BOLD:AAE8274","BSE Malaise Trap",10.8438,-85.6138,"2013-01-14","1",588,"GMCWW"
"BIOUG18289-G12","GMCXX397-15","GMP#01824","Arthropoda","Insecta","Hymenoptera","Braconidae","Microgastrinae","Apanteles","Apanteles lisabearssae","BOLD:AAC2117","BSE Malaise Trap",10.8438,-85.6138,"2013-01-28","1",600,"GMCXX"
"BIOUG18289-H03","GMCXX400-15","GMP#01824","Arthropoda","Insecta","Hymenoptera","Braconidae","Microgastrinae","Rhygoplitis","Rhygoplitis Whitfield01","BOLD:AAC0735","BSE Malaise Trap",10.8438,-85.6138,"2013-01-28","1",594,"GMCXX"
"BIOUG18289-H08","GMCXX405-15","GMP#01824","Arthropoda","Insecta","Hymenoptera","Braconidae","Microgastrinae","Apanteles","Apanteles eduardoramirezi","BOLD:AAA4554","BSE Malaise Trap",10.8438,-85.6138,"2013-01-28","1",594,"GMCXX"
"BIOUG18290-B04","GMCXX424-15","GMP#01824","Arthropoda","Insecta","Hymenoptera","Braconidae","Microgastrinae","Apanteles","Apanteles oscarchavezi","BOLD:AAN7915","BSE Malaise Trap",10.8438,-85.6138,"2013-01-28","1",579,"GMCXX"
"BIOUG18290-B05","GMCXX425-15","GMP#01824","Arthropoda","Insecta","Hymenoptera","Braconidae","Microgastrinae","Pseudapanteles","Pseudapanteles alfiopivai","BOLD:AAF6107","BSE Malaise Trap",10.8438,-85.6138,"2013-01-28","1",537,"GMCXX"
"BIOUG18290-B07","GMCXX427-15","GMP#01824","Arthropoda","Insecta","Hymenoptera","Braconidae","Microgastrinae","Rhygoplitis","Rhygoplitis Whitfield01","BOLD:AAC0735","BSE Malaise Trap",10.8438,-85.6138,"2013-01-28","1",603,"GMCXX"
"BIOUG18290-C01","GMCXX433-15","GMP#01824","Arthropoda","Insecta","Hymenoptera","Braconidae","Microgastrinae","Pseudapanteles","Pseudapanteles renecastroi","BOLD:ABX9145","BSE Malaise Trap",10.8438,-85.6138,"2013-01-28","1",576,"GMCXX"
"BIOUG18290-C12","GMCXX444-15","GMP#01824","Arthropoda","Insecta","Hymenoptera","Braconidae","Microgastrinae","Apanteles","Apanteles lisabearssae","BOLD:AAC2117","BSE Malaise Trap",10.8438,-85.6138,"2013-01-28","1",555,"GMCXX"
"BIOUG18290-D11","GMCXX455-15","GMP#01824","Arthropoda","Insecta","Hymenoptera","Braconidae","Microgastrinae","Apanteles","Apanteles lisabearssae","BOLD:AAC2117","BSE Malaise Trap",10.8438,-85.6138,"2013-01-28","1",600,"GMCXX"
"BIOUG18290-E05","GMCXX461-15","GMP#01824","Arthropoda","Insecta","Hymenoptera","Braconidae","Microgastrinae","Apanteles","Apanteles eduardoramirezi","BOLD:AAA4554","BSE Malaise Trap",10.8438,-85.6138,"2013-01-28","1",585,"GMCXX"
"BIOUG18397-A04","GMCYY1138-15","GMP#01826","Arthropoda","Insecta","Hymenoptera","Braconidae","Microgastrinae","Dolichogenidea","Dolichogenidea Rodriguez195","BOLD:AAM5088","BSE Malaise Trap",10.8438,-85.6138,"2013-02-11","1",632,"GMCYY"
"BIOUG18397-A09","GMCYY1143-15","GMP#01826","Arthropoda","Insecta","Hymenoptera","Braconidae","Microgastrinae","Dolichogenidea","Dolichogenidea Janzen324","BOLD:AAM5853","BSE Malaise Trap",10.8438,-85.6138,"2013-02-11","1",603,"GMCYY"
"BIOUG18397-B05","GMCYY1151-15","GMP#01826","Arthropoda","Insecta","Hymenoptera","Braconidae","Microgastrinae","Cotesia","Cotesia Whitfield94","BOLD:AAA7143","BSE Malaise Trap",10.8438,-85.6138,"2013-02-11","1",625,"GMCYY"
"BIOUG18397-D09","GMCYY1179-15","GMP#01826","Arthropoda","Insecta","Hymenoptera","Braconidae","Microgastrinae","Pseudapanteles","Pseudapanteles carlosrodriguezi","BOLD:AAE8274","BSE Malaise Trap",10.8438,-85.6138,"2013-02-11","1",625,"GMCYY"
"BIOUG18397-H01","GMCYY1219-15","GMP#01826","Arthropoda","Insecta","Hymenoptera","Braconidae","Microgastrinae","Pseudapanteles","Pseudapanteles carlosrodriguezi","BOLD:AAE8274","BSE Malaise Trap",10.8438,-85.6138,"2013-02-11","1",619,"GMCYY"
"BIOUG18397-H03","GMCYY1221-15","GMP#01826","Arthropoda","Insecta","Hymenoptera","Braconidae","Microgastrinae","Apanteles","Apanteles eduardoramirezi","BOLD:AAA4554","BSE Malaise Trap",10.8438,-85.6138,"2013-02-11","1",631,"GMCYY"
"BIOUG18397-H05","GMCYY1223-15","GMP#01826","Arthropoda","Insecta","Hymenoptera","Braconidae","Microgastrinae","Apanteles","Apanteles eduardoramirezi","BOLD:AAA4554","BSE Malaise Trap",10.8438,-85.6138,"2013-02-11","1",624,"GMCYY"
"BIOUG18397-H10","GMCYY1228-15","GMP#01826","Arthropoda","Insecta","Hymenoptera","Braconidae","Microgastrinae","Apanteles","Apanteles eduardoramirezi","BOLD:AAA4554","BSE Malaise Trap",10.8438,-85.6138,"2013-02-11","1",619,"GMCYY"
"BIOUG18398-B06","GMCYY1247-15","GMP#01826","Arthropoda","Insecta","Hymenoptera","Braconidae","Microgastrinae","Pseudapanteles","Pseudapanteles renecastroi","BOLD:ABX9145","BSE Malaise Trap",10.8438,-85.6138,"2013-02-11","1",632,"GMCYY"
"BIOUG18398-B07","GMCYY1248-15","GMP#01826","Arthropoda","Insecta","Hymenoptera","Braconidae","Microgastrinae","Promicrogaster","Promicrogaster daniellopezi","BOLD:AAM5748","BSE Malaise Trap",10.8438,-85.6138,"2013-02-11","1",623,"GMCYY"
"BIOUG18398-C02","GMCYY1255-15","GMP#01826","Arthropoda","Insecta","Hymenoptera","Braconidae","Microgastrinae","Apanteles","Apanteles lisabearssae","BOLD:AAC2117","BSE Malaise Trap",10.8438,-85.6138,"2013-02-11","1",624,"GMCYY"
"BIOUG18398-C10","GMCYY1263-15","GMP#01826","Arthropoda","Insecta","Hymenoptera","Braconidae","Microgastrinae","Apanteles","Apanteles lisabearssae","BOLD:AAC2117","BSE Malaise Trap",10.8438,-85.6138,"2013-02-11","1",624,"GMCYY"
"BIOUG18398-D03","GMCYY1268-15","GMP#01826","Arthropoda","Insecta","Hymenoptera","Braconidae","Microgastrinae","Pseudapanteles","Pseudapanteles alfiopivai","BOLD:AAF6107","BSE Malaise Trap",10.8438,-85.6138,"2013-02-11","1",632,"GMCYY"
"BIOUG18398-F12","GMCYY1301-15","GMP#01826","Arthropoda","Insecta","Hymenoptera","Braconidae","Microgastrinae","Pseudapanteles","Pseudapanteles renecastroi","BOLD:ABX9145","BSE Malaise Trap",10.8438,-85.6138,"2013-02-11","1",632,"GMCYY"
"BIOUG18398-H03","GMCYY1316-15","GMP#01826","Arthropoda","Insecta","Hymenoptera","Braconidae","Microgastrinae","Apanteles","Apanteles eduardoramirezi","BOLD:AAA4554","BSE Malaise Trap",10.8438,-85.6138,"2013-02-11","1",631,"GMCYY"
"BIOUG18398-H05","GMCYY1318-15","GMP#01826","Arthropoda","Insecta","Hymenoptera","Braconidae","Microgastrinae","Pseudapanteles","Pseudapanteles soniapicadoae","BOLD:AAX8739","BSE Malaise Trap",10.8438,-85.6138,"2013-02-11","1",628,"GMCYY"
"BIOUG18398-H08","GMCYY1321-15","GMP#01826","Arthropoda","Insecta","Hymenoptera","Braconidae","Microgastrinae","Apanteles","Apanteles lisabearssae","BOLD:AAC2117","BSE Malaise Trap",10.8438,-85.6138,"2013-02-11","1",633,"GMCYY"
"BIOUG18338-G09","GMCYY846-15","GMP#01826","Arthropoda","Insecta","Hymenoptera","Braconidae","Microgastrinae","Diolcogaster","Diolcogaster Choi84","BOLD:AAB0594","BSE Malaise Trap",10.8438,-85.6138,"2013-02-11","1",588,"GMCYY"
"BIOUG18498-H04","GMCZZ1106-15","GMP#01828","Arthropoda","Insecta","Hymenoptera","Braconidae","Microgastrinae","Apanteles","Apanteles eduardoramirezi","BOLD:AAA4554","BSE Malaise Trap",10.8438,-85.6138,"2013-02-25","1",588,"GMCZZ"
"BIOUG18499-A04","GMCZZ1117-15","GMP#01828","Arthropoda","Insecta","Hymenoptera","Braconidae","Microgastrinae","Apanteles","Apanteles eduardoramirezi","BOLD:AAA4554","BSE Malaise Trap",10.8438,-85.6138,"2013-02-25","1",579,"GMCZZ"
"BIOUG18499-C03","GMCZZ1140-15","GMP#01828","Arthropoda","Insecta","Hymenoptera","Braconidae","Microgastrinae","Apanteles","Apanteles eduardoramirezi","BOLD:AAA4554","BSE Malaise Trap",10.8438,-85.6138,"2013-02-25","1",594,"GMCZZ"
"BIOUG18499-D07","GMCZZ1156-15","GMP#01828","Arthropoda","Insecta","Hymenoptera","Braconidae","Microgastrinae","Apanteles","Apanteles eduardoramirezi","BOLD:AAA4554","BSE Malaise Trap",10.8438,-85.6138,"2013-02-25","1",600,"GMCZZ"
"BIOUG18499-D09","GMCZZ1158-15","GMP#01828","Arthropoda","Insecta","Hymenoptera","Braconidae","Microgastrinae","Apanteles","Apanteles eduardoramirezi","BOLD:AAA4554","BSE Malaise Trap",10.8438,-85.6138,"2013-02-25","1",603,"GMCZZ"
"BIOUG18499-D12","GMCZZ1161-15","GMP#01828","Arthropoda","Insecta","Hymenoptera","Braconidae","Microgastrinae","Apanteles","Apanteles eduardoramirezi","BOLD:AAA4554","BSE Malaise Trap",10.8438,-85.6138,"2013-02-25","1",543,"GMCZZ"
"BIOUG18499-E01","GMCZZ1162-15","GMP#01828","Arthropoda","Insecta","Hymenoptera","Braconidae","Microgastrinae","Apanteles","Apanteles lisabearssae","BOLD:AAC2117","BSE Malaise Trap",10.8438,-85.6138,"2013-02-25","1",543,"GMCZZ"
"BIOUG18499-E02","GMCZZ1163-15","GMP#01828","Arthropoda","Insecta","Hymenoptera","Braconidae","Microgastrinae","Apanteles","Apanteles eduardoramirezi","BOLD:AAA4554","BSE Malaise Trap",10.8438,-85.6138,"2013-02-25","1",588,"GMCZZ"
"BIOUG18499-E05","GMCZZ1166-15","GMP#01828","Arthropoda","Insecta","Hymenoptera","Braconidae","Microgastrinae","Apanteles","Apanteles eduardoramirezi","BOLD:AAA4554","BSE Malaise Trap",10.8438,-85.6138,"2013-02-25","1",591,"GMCZZ"
"BIOUG18499-E08","GMCZZ1169-15","GMP#01828","Arthropoda","Insecta","Hymenoptera","Braconidae","Microgastrinae","Apanteles","Apanteles eduardoramirezi","BOLD:AAA4554","BSE Malaise Trap",10.8438,-85.6138,"2013-02-25","1",594,"GMCZZ"
"BIOUG18499-E12","GMCZZ1173-15","GMP#01828","Arthropoda","Insecta","Hymenoptera","Braconidae","Microgastrinae","Apanteles","Apanteles eduardoramirezi","BOLD:AAA4554","BSE Malaise Trap",10.8438,-85.6138,"2013-02-25","1",555,"GMCZZ"
"BIOUG18499-F01","GMCZZ1174-15","GMP#01828","Arthropoda","Insecta","Hymenoptera","Braconidae","Microgastrinae","Dolichogenidea","Dolichogenidea Rodriguez195","BOLD:AAM5088","BSE Malaise Trap",10.8438,-85.6138,"2013-02-25","1",588,"GMCZZ"
"BIOUG18499-F10","GMCZZ1183-15","GMP#01828","Arthropoda","Insecta","Hymenoptera","Braconidae","Microgastrinae","Glyptapanteles","Glyptapanteles pamitchellae","BOLD:AAA3934","BSE Malaise Trap",10.8438,-85.6138,"2013-02-25","1",585,"GMCZZ"
"BIOUG18499-H11","GMCZZ1208-15","GMP#01828","Arthropoda","Insecta","Hymenoptera","Braconidae","Microgastrinae","Apanteles","Apanteles eduardoramirezi","BOLD:AAA4554","BSE Malaise Trap",10.8438,-85.6138,"2013-02-25","1",585,"GMCZZ"
"BIOUG18510-A01","GMCZZ1399-15","GMP#01828","Arthropoda","Insecta","Hymenoptera","Braconidae","Microgastrinae","Dolichogenidea","Dolichogenidea Rodriguez197","BOLD:AAC8392","BSE Malaise Trap",10.8438,-85.6138,"2013-02-25","1",617,"GMCZZ"
"BIOUG18510-A11","GMCZZ1409-15","GMP#01828","Arthropoda","Insecta","Hymenoptera","Braconidae","Microgastrinae","Dolichogenidea","Dolichogenidea Rodriguez195","BOLD:AAM5088","BSE Malaise Trap",10.8438,-85.6138,"2013-02-25","1",617,"GMCZZ"
"BIOUG18510-B03","GMCZZ1413-15","GMP#01828","Arthropoda","Insecta","Hymenoptera","Braconidae","Microgastrinae","Apanteles","Apanteles eduardoramirezi","BOLD:AAA4554","BSE Malaise Trap",10.8438,-85.6138,"2013-02-25","1",615,"GMCZZ"
"BIOUG18510-B06","GMCZZ1416-15","GMP#01828","Arthropoda","Insecta","Hymenoptera","Braconidae","Microgastrinae","Apanteles","Apanteles lisabearssae","BOLD:AAC2117","BSE Malaise Trap",10.8438,-85.6138,"2013-02-25","1",641,"GMCZZ"
"BIOUG18510-B09","GMCZZ1419-15","GMP#01828","Arthropoda","Insecta","Hymenoptera","Braconidae","Microgastrinae","Dolichogenidea","Dolichogenidea Rodriguez195","BOLD:AAM5088","BSE Malaise Trap",10.8438,-85.6138,"2013-02-25","1",617,"GMCZZ"
"BIOUG18510-C03","GMCZZ1425-15","GMP#01828","Arthropoda","Insecta","Hymenoptera","Braconidae","Microgastrinae","Apanteles","Apanteles eduardoramirezi","BOLD:AAA4554","BSE Malaise Trap",10.8438,-85.6138,"2013-02-25","1",611,"GMCZZ"
"BIOUG18510-D07","GMCZZ1441-15","GMP#01828","Arthropoda","Insecta","Hymenoptera","Braconidae","Microgastrinae","Apanteles","Apanteles eduardoramirezi","BOLD:AAA4554","BSE Malaise Trap",10.8438,-85.6138,"2013-02-25","1",616,"GMCZZ"
"BIOUG29883-A10","JCCCA724-16","GMP#06838","Arthropoda","Insecta","Hymenoptera","Braconidae","Microgastrinae","Pseudapanteles","Pseudapanteles Malaise3040","BOLD:ADB3040","Malaise trap PL12-3A",10.763,-85.334,"2014-05-22","1",540,"JCCCA"
"BIOUG29883-B05","JCCCA731-16","GMP#06838","Arthropoda","Insecta","Hymenoptera","Braconidae","Microgastrinae","Apanteles","Apanteles eduardoramirezi","BOLD:AAA4554","Malaise trap PL12-3A",10.763,-85.334,"2014-05-22","1",567,"JCCCA"
"BIOUG29884-C01","JCCCA834-16","GMP#06838","Arthropoda","Insecta","Hymenoptera","Braconidae","Microgastrinae","Pseudapanteles","Pseudapanteles raulsolorzanoi","BOLD:AAA6667","Malaise trap PL12-3A",10.763,-85.334,"2014-05-22","1",564,"JCCCA"
"BIOUG29884-E07","JCCCA864-16","GMP#06838","Arthropoda","Insecta","Hymenoptera","Braconidae","Microgastrinae","Glyptapanteles","Glyptapanteles Whitfield189","BOLD:AAI7285","Malaise trap PL12-3A",10.763,-85.334,"2014-05-22","1",588,"JCCCA"
"BIOUG29884-F06","JCCCA875-16","GMP#06838","Arthropoda","Insecta","Hymenoptera","Braconidae","Microgastrinae","Pseudapanteles","Pseudapanteles alvaroumanai","BOLD:AAE0922","Malaise trap PL12-3A",10.763,-85.334,"2014-05-22","1",567,"JCCCA"
"BIOUG29884-F07","JCCCA876-16","GMP#06838","Arthropoda","Insecta","Hymenoptera","Braconidae","Microgastrinae","Glyptapanteles","Glyptapanteles pamitchellae","BOLD:AAA3934","Malaise trap PL12-3A",10.763,-85.334,"2014-05-22","1",585,"JCCCA"
"BIOUG29885-A03","JCCCA907-16","GMP#06838","Arthropoda","Insecta","Hymenoptera","Braconidae","Microgastrinae","Pseudapanteles","Pseudapanteles alvaroumanai","BOLD:AAE0922","Malaise trap PL12-3A",10.763,-85.334,"2014-05-22","1",576,"JCCCA"
"BIOUG29885-D04","JCCCA944-16","GMP#06838","Arthropoda","Insecta","Hymenoptera","Braconidae","Microgastrinae","Pseudapanteles","Pseudapanteles Malaise3040","BOLD:ADB3040","Malaise trap PL12-3A",10.763,-85.334,"2014-05-22","1",567,"JCCCA"
"BIOUG29862-H04","JCCCB658-16","GMP#06839","Arthropoda","Insecta","Hymenoptera","Braconidae","Microgastrinae","Pseudapanteles","Pseudapanteles alvaroumanai","BOLD:AAE0922","Malaise trap PL12-3A",10.763,-85.334,"2014-05-29","1",552,"JCCCB"
"BIOUG29863-B11","JCCCB688-16","GMP#06839","Arthropoda","Insecta","Hymenoptera","Braconidae","Microgastrinae","Apanteles","Apanteles Malaise7726","BOLD:ADB7726","Malaise trap PL12-3A",10.763,-85.334,"2014-05-29","1",558,"JCCCB"
"BIOUG29863-E11","JCCCB724-16","GMP#06839","Arthropoda","Insecta","Hymenoptera","Braconidae","Microgastrinae","Glyptapanteles","Glyptapanteles Whitfield91","BOLD:ACL4468","Malaise trap PL12-3A",10.763,-85.334,"2014-05-29","1",537,"JCCCB"
"BIOUG29863-G09","JCCCB746-16","GMP#06839","Arthropoda","Insecta","Hymenoptera","Braconidae","Microgastrinae","Pseudapanteles","Pseudapanteles Malaise3040","BOLD:ADB3040","Malaise trap PL12-3A",10.763,-85.334,"2014-05-29","1",549,"JCCCB"
"BIOUG29902-C06","JCCCC1661-16","GMP#06840","Arthropoda","Insecta","Hymenoptera","Braconidae","Microgastrinae","Apanteles","Apanteles Malaise7726","BOLD:ADB7726","Malaise trap PL12-3A",10.763,-85.334,"2014-06-05","1",588,"JCCCC"
"BIOUG29903-E12","JCCCC1786-16","GMP#06840","Arthropoda","Insecta","Hymenoptera","Braconidae","Microgastrinae","Glyptapanteles","Glyptapanteles pamitchellae","BOLD:AAA3934","Malaise trap PL12-3A",10.763,-85.334,"2014-06-05","1",585,"JCCCC"
"BIOUG29904-A01","JCCCC1822-16","GMP#06840","Arthropoda","Insecta","Hymenoptera","Braconidae","Microgastrinae","Glyptapanteles","Glyptapanteles Whitfield163","BOLD:AAF8130","Malaise trap PL12-3A",10.763,-85.334,"2014-06-05","1",585,"JCCCC"
"BIOUG29904-D03","JCCCC1860-16","GMP#06840","Arthropoda","Insecta","Hymenoptera","Braconidae","Microgastrinae","Apanteles","Apanteles eduardoramirezi","BOLD:AAA4554","Malaise trap PL12-3A",10.763,-85.334,"2014-06-05","1",588,"JCCCC"
"BIOUG29942-E08","JCCCD1162-16","GMP#06841","Arthropoda","Insecta","Hymenoptera","Braconidae","Microgastrinae","Glyptapanteles","Glyptapanteles pamitchellae","BOLD:AAA3934","Malaise trap PL12-3A",10.763,-85.334,"2014-06-12","1",594,"JCCCD"
"BIOUG29878-B06","JCCCD839-16","GMP#06841","Arthropoda","Insecta","Hymenoptera","Braconidae","Microgastrinae","Glyptapanteles","Glyptapanteles sondrawardae","BOLD:AAA3077","Malaise trap PL12-3A",10.763,-85.334,"2014-06-12","1",594,"JCCCD"
"BIOUG29878-E07","JCCCD876-16","GMP#06841","Arthropoda","Insecta","Hymenoptera","Braconidae","Microgastrinae","Glyptapanteles","Glyptapanteles pamitchellae","BOLD:AAA3934","Malaise trap PL12-3A",10.763,-85.334,"2014-06-12","1",594,"JCCCD"
"BIOUG29879-A07","JCCCD923-16","GMP#06841","Arthropoda","Insecta","Hymenoptera","Braconidae","Microgastrinae","Glyptapanteles","Glyptapanteles Whitfield91","BOLD:ACL4468","Malaise trap PL12-3A",10.763,-85.334,"2014-06-12","1",594,"JCCCD"
"BIOUG30004-A05","JCCCP401-16","GMP#06853","Arthropoda","Insecta","Hymenoptera","Braconidae","Microgastrinae","Pseudapanteles","Pseudapanteles alvaroumanai","BOLD:AAE0922","Malaise trap PL12-3A",10.763,-85.334,"2014-09-04","1",573,"JCCCP"
"BIOUG30201-E08","JCCCW2239-16","GMP#06860","Arthropoda","Insecta","Hymenoptera","Braconidae","Microgastrinae","Glyptapanteles","Glyptapanteles donquickei","BOLD:AAF8353","Malaise trap PL12-3A",10.763,-85.334,"2014-10-23","1",576,"JCCCW"
"BIOUG30154-B04","JCCCX1017-16","GMP#06861","Arthropoda","Insecta","Hymenoptera","Braconidae","Microgastrinae","Glyptapanteles","Glyptapanteles ilarisaaksjarvi","BOLD:AAA4794","Malaise trap PL12-3A",10.763,-85.334,"2014-10-30","1",594,"JCCCX"
"BIOUG30154-B05","JCCCX1018-16","GMP#06861","Arthropoda","Insecta","Hymenoptera","Braconidae","Microgastrinae","Glyptapanteles","Glyptapanteles ilarisaaksjarvi","BOLD:AAA4794","Malaise trap PL12-3A",10.763,-85.334,"2014-10-30","1",594,"JCCCX"
"BIOUG30154-D06","JCCCX1043-16","GMP#06861","Arthropoda","Insecta","Hymenoptera","Braconidae","Microgastrinae","Glyptapanteles","Glyptapanteles ilarisaaksjarvi","BOLD:AAA4794","Malaise trap PL12-3A",10.763,-85.334,"2014-10-30","1",594,"JCCCX"
"BIOUG30154-E02","JCCCX1051-16","GMP#06861","Arthropoda","Insecta","Hymenoptera","Braconidae","Microgastrinae","Glyptapanteles","Glyptapanteles ilarisaaksjarvi","BOLD:AAA4794","Malaise trap PL12-3A",10.763,-85.334,"2014-10-30","1",600,"JCCCX"
"BIOUG30132-H04","JCCCX139-16","GMP#06861","Arthropoda","Insecta","Hymenoptera","Braconidae","Microgastrinae","Apanteles","Apanteles bernyapui","BOLD:AAB7636","Malaise trap PL12-3A",10.763,-85.334,"2014-10-30","1",576,"JCCCX"
"BIOUG30153-G04","JCCCX982-16","GMP#06861","Arthropoda","Insecta","Hymenoptera","Braconidae","Microgastrinae","Apanteles","Apanteles bernyapui","BOLD:AAB7636","Malaise trap PL12-3A",10.763,-85.334,"2014-10-30","1",564,"JCCCX"
"BIOUG30153-G10","JCCCX988-16","GMP#06861","Arthropoda","Insecta","Hymenoptera","Braconidae","Microgastrinae","Glyptapanteles","Glyptapanteles ilarisaaksjarvi","BOLD:AAA4794","Malaise trap PL12-3A",10.763,-85.334,"2014-10-30","1",585,"JCCCX"
"BIOUG30232-A01","JCCCY381-16","GMP#06862","Arthropoda","Insecta","Hymenoptera","Braconidae","Microgastrinae","Apanteles","Apanteles bernyapui","BOLD:AAB7636","Malaise trap PL12-3A",10.763,-85.334,"2014-11-06","1",570,"JCCCY"
"BIOUG30232-F06","JCCCY446-16","GMP#06862","Arthropoda","Insecta","Hymenoptera","Braconidae","Microgastrinae","Glyptapanteles","Glyptapanteles mikesharkeyi","BOLD:AAA2794","Malaise trap PL12-3A",10.763,-85.334,"2014-11-06","1",604,"JCCCY"
"BIOUG30232-G04","JCCCY456-16","GMP#06862","Arthropoda","Insecta","Hymenoptera","Braconidae","Microgastrinae","Apanteles","Apanteles bernyapui","BOLD:AAB7636","Malaise trap PL12-3A",10.763,-85.334,"2014-11-06","1",585,"JCCCY"
"BIOUG30254-H06","JCCCZ5073-16","GMP#06863","Arthropoda","Insecta","Hymenoptera","Braconidae","Microgastrinae","Apanteles","Apanteles bernyapui","BOLD:AAB7636","Malaise trap PL12-3A",10.763,-85.334,"2014-11-13","1",600,"JCCCZ"
"BIOUG30255-B01","JCCCZ5091-16","GMP#06863","Arthropoda","Insecta","Hymenoptera","Braconidae","Microgastrinae","Apanteles","Apanteles oscarchavezi","BOLD:AAN7915","Malaise trap PL12-3A",10.763,-85.334,"2014-11-13","1",594,"JCCCZ"
"BIOUG30255-B08","JCCCZ5098-16","GMP#06863","Arthropoda","Insecta","Hymenoptera","Braconidae","Microgastrinae","Cotesia","Cotesia Whitfield94","BOLD:AAA7143","Malaise trap PL12-3A",10.763,-85.334,"2014-11-13","1",582,"JCCCZ"
"BIOUG30255-G07","JCCCZ5157-16","GMP#06863","Arthropoda","Insecta","Hymenoptera","Braconidae","Microgastrinae","Cotesia","Cotesia Whitfield94","BOLD:AAA7143","Malaise trap PL12-3A",10.763,-85.334,"2014-11-13","1",585,"JCCCZ"
"BIOUG30255-H02","JCCCZ5164-16","GMP#06863","Arthropoda","Insecta","Hymenoptera","Braconidae","Microgastrinae","Apanteles","Apanteles oscarchavezi","BOLD:AAN7915","Malaise trap PL12-3A",10.763,-85.334,"2014-11-13","1",588,"JCCCZ"
"BIOUG30255-H05","JCCCZ5167-16","GMP#06863","Arthropoda","Insecta","Hymenoptera","Braconidae","Microgastrinae","Cotesia","Cotesia Whitfield94","BOLD:AAA7143","Malaise trap PL12-3A",10.763,-85.334,"2014-11-13","1",594,"JCCCZ"
"BIOUG30255-H08","JCCCZ5170-16","GMP#06863","Arthropoda","Insecta","Hymenoptera","Braconidae","Microgastrinae","Apanteles","Apanteles bernyapui","BOLD:AAB7636","Malaise trap PL12-3A",10.763,-85.334,"2014-11-13","1",600,"JCCCZ"
"BIOUG30256-A09","JCCCZ5182-16","GMP#06863","Arthropoda","Insecta","Hymenoptera","Braconidae","Microgastrinae","Dolichogenidea","Dolichogenidea Malaise8723","BOLD:ADB8723","Malaise trap PL12-3A",10.763,-85.334,"2014-11-13","1",594,"JCCCZ"
"BIOUG30256-A12","JCCCZ5185-16","GMP#06863","Arthropoda","Insecta","Hymenoptera","Braconidae","Microgastrinae","Cotesia","Cotesia Whitfield94","BOLD:AAA7143","Malaise trap PL12-3A",10.763,-85.334,"2014-11-13","1",588,"JCCCZ"
"BIOUG30256-B07","JCCCZ5192-16","GMP#06863","Arthropoda","Insecta","Hymenoptera","Braconidae","Microgastrinae","Apanteles","Apanteles bernyapui","BOLD:AAB7636","Malaise trap PL12-3A",10.763,-85.334,"2014-11-13","1",591,"JCCCZ"
"BIOUG30256-D01","JCCCZ5210-16","GMP#06863","Arthropoda","Insecta","Hymenoptera","Braconidae","Microgastrinae","Cotesia","Cotesia Whitfield94","BOLD:AAA7143","Malaise trap PL12-3A",10.763,-85.334,"2014-11-13","1",594,"JCCCZ"
"BIOUG30256-D09","JCCCZ5218-16","GMP#06863","Arthropoda","Insecta","Hymenoptera","Braconidae","Microgastrinae","Glyptapanteles","Glyptapanteles Whitfield90","BOLD:AAY1040","Malaise trap PL12-3A",10.763,-85.334,"2014-11-13","1",561,"JCCCZ"
"BIOUG30256-E08","JCCCZ5229-16","GMP#06863","Arthropoda","Insecta","Hymenoptera","Braconidae","Microgastrinae","Cotesia","Cotesia Whitfield94","BOLD:AAA7143","Malaise trap PL12-3A",10.763,-85.334,"2014-11-13","1",594,"JCCCZ"
"BIOUG30256-G05","JCCCZ5250-16","GMP#06863","Arthropoda","Insecta","Hymenoptera","Braconidae","Microgastrinae","Cotesia","Cotesia Whitfield94","BOLD:AAA7143","Malaise trap PL12-3A",10.763,-85.334,"2014-11-13","1",594,"JCCCZ"
"BIOUG30257-B04","JCCCZ5284-16","GMP#06863","Arthropoda","Insecta","Hymenoptera","Braconidae","Microgastrinae","Hypomicrogaster","Hypomicrogaster Whitfield39","BOLD:AAI7795","Malaise trap PL12-3A",10.763,-85.334,"2014-11-13","1",558,"JCCCZ"
"BIOUG30257-B05","JCCCZ5285-16","GMP#06863","Arthropoda","Insecta","Hymenoptera","Braconidae","Microgastrinae","Cotesia","Cotesia Whitfield94","BOLD:AAA7143","Malaise trap PL12-3A",10.763,-85.334,"2014-11-13","1",576,"JCCCZ"
"BIOUG30257-B08","JCCCZ5288-16","GMP#06863","Arthropoda","Insecta","Hymenoptera","Braconidae","Microgastrinae","Cotesia","Cotesia Whitfield94","BOLD:AAA7143","Malaise trap PL12-3A",10.763,-85.334,"2014-11-13","1",600,"JCCCZ"
"BIOUG30257-C01","JCCCZ5293-16","GMP#06863","Arthropoda","Insecta","Hymenoptera","Braconidae","Microgastrinae","Apanteles","Apanteles bernyapui","BOLD:AAB7636","Malaise trap PL12-3A",10.763,-85.334,"2014-11-13","1",594,"JCCCZ"
"BIOUG29059-D02","JIAAE060-16","GMP#06738","Arthropoda","Insecta","Hymenoptera","Braconidae","Microgastrinae","Promicrogaster","Promicrogaster Malaise9820","BOLD:AES6587","Malaise trap PL12-1A",10.764,-85.335,"2014-05-01","1",579,"JIAAE"
"BIOUG29059-D03","JIAAE061-16","GMP#06738","Arthropoda","Insecta","Hymenoptera","Braconidae","Microgastrinae","Dolichogenidea","Dolichogenidea Malaise9679","BOLD:ADA9679","Malaise trap PL12-1A",10.764,-85.335,"2014-05-01","1",576,"JIAAE"
"BIOUG29140-B01","JIAAO063-16","GMP#06748","Arthropoda","Insecta","Hymenoptera","Braconidae","Microgastrinae","Dolichogenidea","Dolichogenidea malaise0710","BOLD:ADB0710","Malaise trap PL12-1A",10.764,-85.335,"2014-07-10","1",585,"JIAAO"
"BIOUG29144-E04","JIAAR062-16","GMP#06751","Arthropoda","Insecta","Hymenoptera","Braconidae","Microgastrinae","Dolichogenidea","Dolichogenidea Malaise9679","BOLD:ADA9679","Malaise trap PL12-1A",10.764,-85.335,"2014-07-31","1",585,"JIAAR"
"BIOUG30524-H02","JIABF390-16","GMP#05933","Arthropoda","Insecta","Hymenoptera","Braconidae","Microgastrinae","Apanteles","Apanteles Malaise7955","BOLD:ADB7955","Malaise trap PL12-1A",10.764,-85.335,"2014-11-06","1",588,"JIABF"
"BIOUG29361-D08","JIBBH105-16","GMP#07053","Arthropoda","Insecta","Hymenoptera","Braconidae","Microgastrinae","Apanteles","Apanteles Malaise7955","BOLD:ADB7955","Malaise trap PL12-7A",10.761,-85.335,"2014-06-19","1",546,"JIBBH"
"BIOUG29554-B12","JIBBP112-16","GMP#07061","Arthropoda","Insecta","Hymenoptera","Braconidae","Microgastrinae","Dolichogenidea","Dolichogenidea Malaise4730","BOLD:ADB4730","Malaise trap PL12-7A",10.761,-85.335,"2014-08-14","1",579,"JIBBP"
"BIOUG28761-G10","JICAQ082-16","GMP#06724","Arthropoda","Insecta","Hymenoptera","Braconidae","Microgastrinae","Dolichogenidea","Dolichogenidea Janzen5847","BOLD:AAM5847","Malaise trap PL12-1A",10.764,-85.335,"2014-01-23","1",600,"JICAQ"
"BIOUG28813-G06","JICBH205-16","GMP#07027","Arthropoda","Insecta","Hymenoptera","Braconidae","Microgastrinae","Promicrogaster","Promicrogaster pablouzagaiDHJ02","BOLD:AAC9678","Malaise trap PL12-7A",10.761,-85.335,"2013-12-19","1",594,"JICBH"
"BIOUG28816-A12","JICBI254-16","GMP#07028","Arthropoda","Insecta","Hymenoptera","Braconidae","Microgastrinae","Glyptapanteles","Glyptapanteles Malaise9431","BOLD:ADA9431","Malaise trap PL12-7A",10.761,-85.335,"2013-12-26","1",594,"JICBI"
"BIOUG28819-F03","JICBJ239-16","GMP#07029","Arthropoda","Insecta","Hymenoptera","Braconidae","Microgastrinae","Glyptapanteles","Glyptapanteles Malaise7938","BOLD:ADA7938","Malaise trap PL12-7A",10.761,-85.335,"2014-01-02","1",594,"JICBJ"
"BIOUG29072-F02","JICBO208-16","GMP#07034","Arthropoda","Insecta","Hymenoptera","Braconidae","Microgastrinae","Dolichogenidea","Dolichogenidea Janzen5847","BOLD:AAM5847","Malaise trap PL12-7A",10.761,-85.335,"2014-02-06","1",600,"JICBO"
"BIOUG29073-F01","JICBP100-16","GMP#07035","Arthropoda","Insecta","Hymenoptera","Braconidae","Microgastrinae","Dolichogenidea","Dolichogenidea Janzen5847","BOLD:AAM5847","Malaise trap PL12-7A",10.761,-85.335,"2014-02-13","1",585,"JICBP"
"BIOUG29073-F05","JICBP104-16","GMP#07035","Arthropoda","Insecta","Hymenoptera","Braconidae","Microgastrinae","Dolichogenidea","Dolichogenidea Janzen5847","BOLD:AAM5847","Malaise trap PL12-7A",10.761,-85.335,"2014-02-13","1",576,"JICBP"
"BIOUG29181-D01","JICBZ195-16","GMP#07045","Arthropoda","Insecta","Hymenoptera","Braconidae","Microgastrinae","Apanteles","Apanteles Malaise9656","BOLD:ADA9656","Malaise trap PL12-7A",10.761,-85.335,"2014-04-24","1",585,"JICBZ"
"BIOUG29181-D02","JICBZ196-16","GMP#07045","Arthropoda","Insecta","Hymenoptera","Braconidae","Microgastrinae","Apanteles","Apanteles Malaise9656","BOLD:ADA9656","Malaise trap PL12-7A",10.761,-85.335,"2014-04-24","1",585,"JICBZ"
"BIOUG28697-A03","JICCA2205-16","GMP#06812","Arthropoda","Insecta","Hymenoptera","Braconidae","Microgastrinae","Apanteles","Apanteles bernyapui","BOLD:AAB7636","Malaise trap PL12-3A",10.763,-85.334,"2013-11-21","1",594,"JICCA"
"BIOUG28784-G06","JICCB120-16","GMP#06813","Arthropoda","Insecta","Hymenoptera","Braconidae","Microgastrinae","Glyptapanteles","Glyptapanteles daveschindeli","BOLD:AAF8182","Malaise trap PL12-3A",10.763,-85.334,"2013-11-28","1",588,"JICCB"
"BIOUG29112-D02","JICCC1406-16","GMP#06814","Arthropoda","Insecta","Hymenoptera","Braconidae","Microgastrinae","Glyptapanteles","Glyptapanteles Whitfield285","BOLD:AAM1075","Malaise trap PL12-3A",10.763,-85.334,"2013-12-05","1",588,"JICCC"
"BIOUG29112-F02","JICCC1430-16","GMP#06814","Arthropoda","Insecta","Hymenoptera","Braconidae","Microgastrinae","Apanteles","Apanteles juancarrilloi","BOLD:AAC8420","Malaise trap PL12-3A",10.763,-85.334,"2013-12-05","1",600,"JICCC"
"BIOUG29112-F05","JICCC1433-16","GMP#06814","Arthropoda","Insecta","Hymenoptera","Braconidae","Microgastrinae","Glyptapanteles","Glyptapanteles Malaise8087","BOLD:AAN8087","Malaise trap PL12-3A",10.763,-85.334,"2013-12-05","1",594,"JICCC"
"BIOUG29282-E11","JICCD1509-16","GMP#06815","Arthropoda","Insecta","Hymenoptera","Braconidae","Microgastrinae","Alphomelon","Alphomelon andydeansi","BOLD:ADJ6568","Malaise trap PL12-3A",10.763,-85.334,"2013-12-12","1",585,"JICCD"
"BIOUG29282-F01","JICCD1511-16","GMP#06815","Arthropoda","Insecta","Hymenoptera","Braconidae","Microgastrinae","Hypomicrogaster","Hypomicrogaster Janzen48","BOLD:ACE8845","Malaise trap PL12-3A",10.763,-85.334,"2013-12-12","1",585,"JICCD"
"BIOUG29282-F02","JICCD1512-16","GMP#06815","Arthropoda","Insecta","Hymenoptera","Braconidae","Microgastrinae","Hypomicrogaster","Hypomicrogaster Whitfield39","BOLD:AAI7795","Malaise trap PL12-3A",10.763,-85.334,"2013-12-12","1",588,"JICCD"
"BIOUG29283-C08","JICCD1577-16","GMP#06815","Arthropoda","Insecta","Hymenoptera","Braconidae","Microgastrinae","Apanteles","Apanteles Rodriguez153","BOLD:AAM5746","Malaise trap PL12-3A",10.763,-85.334,"2013-12-12","1",585,"JICCD"
"BIOUG29283-C10","JICCD1579-16","GMP#06815","Arthropoda","Insecta","Hymenoptera","Braconidae","Microgastrinae","Glyptapanteles","Glyptapanteles Whitfield139","BOLD:AAY0767","Malaise trap PL12-3A",10.763,-85.334,"2013-12-12","1",612,"JICCD"
"BIOUG29415-D02","JICCE1140-16","GMP#06816","Arthropoda","Insecta","Hymenoptera","Braconidae","Microgastrinae","Apanteles","Apanteles bernyapui","BOLD:AAB7636","Malaise trap PL12-3A",10.763,-85.334,"2013-12-19","1",585,"JICCE"
"BIOUG29415-D05","JICCE1143-16","GMP#06816","Arthropoda","Insecta","Hymenoptera","Braconidae","Microgastrinae","Glyptapanteles","Glyptapanteles Malaise6541","BOLD:ABX6541","Malaise trap PL12-3A",10.763,-85.334,"2013-12-19","1",603,"JICCE"
"BIOUG29415-E02","JICCE1152-16","GMP#06816","Arthropoda","Insecta","Hymenoptera","Braconidae","Microgastrinae","Apanteles","Apanteles bernyapui","BOLD:AAB7636","Malaise trap PL12-3A",10.763,-85.334,"2013-12-19","1",600,"JICCE"
"BIOUG29415-E09","JICCE1159-16","GMP#06816","Arthropoda","Insecta","Hymenoptera","Braconidae","Microgastrinae","Cotesia","Cotesia Whitfield17","BOLD:AAA7143","Malaise trap PL12-3A",10.763,-85.334,"2013-12-19","1",600,"JICCE"
"BIOUG29415-F02","JICCE1164-16","GMP#06816","Arthropoda","Insecta","Hymenoptera","Braconidae","Microgastrinae","Glyptapanteles","Glyptapanteles robbinthorpiDHJ01","BOLD:AAM5230","Malaise trap PL12-3A",10.763,-85.334,"2013-12-19","1",585,"JICCE"
"BIOUG29415-F07","JICCE1169-16","GMP#06816","Arthropoda","Insecta","Hymenoptera","Braconidae","Microgastrinae","Cotesia","Cotesia Whitfield82","BOLD:AAI9077","Malaise trap PL12-3A",10.763,-85.334,"2013-12-19","1",600,"JICCE"
"BIOUG29415-H01","JICCE1187-16","GMP#06816","Arthropoda","Insecta","Hymenoptera","Braconidae","Microgastrinae","Apanteles","Apanteles Malaise2052","BOLD:AAV2052","Malaise trap PL12-3A",10.763,-85.334,"2013-12-19","1",585,"JICCE"
"BIOUG29416-G06","JICCE1275-16","GMP#06816","Arthropoda","Insecta","Hymenoptera","Braconidae","Microgastrinae","Apanteles","Apanteles carolinacanoae","BOLD:AAE2842","Malaise trap PL12-3A",10.763,-85.334,"2013-12-19","1",594,"JICCE"
"BIOUG29452-B06","JICCF207-16","GMP#06817","Arthropoda","Insecta","Hymenoptera","Braconidae","Microgastrinae","Snellenius","Snellenius Malaise8256","BOLD:ACR8256","Malaise trap PL12-3A",10.763,-85.334,"2013-12-26","1",558,"JICCF"
"BIOUG29456-E05","JICCF545-16","GMP#06817","Arthropoda","Insecta","Hymenoptera","Braconidae","Microgastrinae","Hypomicrogaster","Hypomicrogaster samarshalli","BOLD:AAF7670","Malaise trap PL12-3A",10.763,-85.334,"2013-12-26","1",588,"JICCF"
"BIOUG29456-F10","JICCF562-16","GMP#06817","Arthropoda","Insecta","Hymenoptera","Braconidae","Microgastrinae","Microplitis","Microplitis Malaise3152","BOLD:ADB3152","Malaise trap PL12-3A",10.763,-85.334,"2013-12-26","1",579,"JICCF"
"BIOUG29473-E06","JICCG1001-16","GMP#06818","Arthropoda","Insecta","Hymenoptera","Braconidae","Microgastrinae","Cotesia","Cotesia Whitfield82","BOLD:AAI9077","Malaise trap PL12-3A",10.763,-85.334,"2014-01-02","1",570,"JICCG"
"BIOUG29473-F01","JICCG1008-16","GMP#06818","Arthropoda","Insecta","Hymenoptera","Braconidae","Microgastrinae","Apanteles","Apanteles bernyapui","BOLD:AAB7636","Malaise trap PL12-3A",10.763,-85.334,"2014-01-02","1",585,"JICCG"
"BIOUG29473-G03","JICCG1022-16","GMP#06818","Arthropoda","Insecta","Hymenoptera","Braconidae","Microgastrinae","Diolcogaster","Diolcogaster Choi65","BOLD:AAE8429","Malaise trap PL12-3A",10.763,-85.334,"2014-01-02","1",534,"JICCG"
"BIOUG29473-G07","JICCG1026-16","GMP#06818","Arthropoda","Insecta","Hymenoptera","Braconidae","Microgastrinae","Apanteles","Apanteles bernyapui","BOLD:AAB7636","Malaise trap PL12-3A",10.763,-85.334,"2014-01-02","1",576,"JICCG"
"BIOUG29473-G10","JICCG1029-16","GMP#06818","Arthropoda","Insecta","Hymenoptera","Braconidae","Microgastrinae","Apanteles","Apanteles Janzen40","BOLD:ABA7264","Malaise trap PL12-3A",10.763,-85.334,"2014-01-02","1",585,"JICCG"
"BIOUG29474-A06","JICCG1048-16","GMP#06818","Arthropoda","Insecta","Hymenoptera","Braconidae","Microgastrinae","Glyptapanteles","Glyptapanteles Malaise6541","BOLD:ABX6541","Malaise trap PL12-3A",10.763,-85.334,"2014-01-02","1",588,"JICCG"
"BIOUG29474-A11","JICCG1053-16","GMP#06818","Arthropoda","Insecta","Hymenoptera","Braconidae","Microgastrinae","Apanteles","Apanteles carolinacanoae","BOLD:AAE2842","Malaise trap PL12-3A",10.763,-85.334,"2014-01-02","1",540,"JICCG"
"BIOUG29474-A12","JICCG1054-16","GMP#06818","Arthropoda","Insecta","Hymenoptera","Braconidae","Microgastrinae","Apanteles","Apanteles carolinacanoae","BOLD:AAE2842","Malaise trap PL12-3A",10.763,-85.334,"2014-01-02","1",582,"JICCG"
"BIOUG29474-B01","JICCG1055-16","GMP#06818","Arthropoda","Insecta","Hymenoptera","Braconidae","Microgastrinae","Apanteles","Apanteles carolinacanoae","BOLD:AAE2842","Malaise trap PL12-3A",10.763,-85.334,"2014-01-02","1",576,"JICCG"
"BIOUG29474-G02","JICCG1116-16","GMP#06818","Arthropoda","Insecta","Hymenoptera","Braconidae","Microgastrinae","Clarkinella","Clarkinella Fernandez126","BOLD:ADB3088","Malaise trap PL12-3A",10.763,-85.334,"2014-01-02","1",585,"JICCG"
"BIOUG29530-H02","JICCH1412-16","GMP#06819","Arthropoda","Insecta","Hymenoptera","Braconidae","Microgastrinae","Glyptapanteles","Glyptapanteles Malaise4497","BOLD:ADB4497","Malaise trap PL12-3A",10.763,-85.334,"2014-01-09","1",555,"JICCH"
"BIOUG29536-A04","JICCH1900-16","GMP#06819","Arthropoda","Insecta","Hymenoptera","Braconidae","Microgastrinae","Apanteles","Apanteles carolinacanoae","BOLD:AAE2842","Malaise trap PL12-3A",10.763,-85.334,"2014-01-09","1",588,"JICCH"
"BIOUG29537-H08","JICCH2083-16","GMP#06819","Arthropoda","Insecta","Hymenoptera","Braconidae","Microgastrinae","Glyptapanteles","Glyptapanteles Malaise8087","BOLD:AAN8087","Malaise trap PL12-3A",10.763,-85.334,"2014-01-09","1",588,"JICCH"
"BIOUG29562-H11","JICCH2561-16","GMP#06819","Arthropoda","Insecta","Hymenoptera","Braconidae","Microgastrinae","Dolichogenidea","Dolichogenidea malaise0710","BOLD:ADB0710","Malaise trap PL12-3A",10.763,-85.334,"2014-01-09","1",585,"JICCH"
"BIOUG29636-F07","JICCI1041-16","GMP#06820","Arthropoda","Insecta","Hymenoptera","Braconidae","Microgastrinae","Dolichogenidea","Dolichogenidea Malaise5057","BOLD:ADB5057","Malaise trap PL12-3A",10.763,-85.334,"2014-01-16","1",585,"JICCI"
"BIOUG29465-F05","JICCI160-16","GMP#06820","Arthropoda","Insecta","Hymenoptera","Braconidae","Microgastrinae","Glyptapanteles","Glyptapanteles Malaise8087","BOLD:AAN8087","Malaise trap PL12-3A",10.763,-85.334,"2014-01-16","1",594,"JICCI"
"BIOUG29636-B01","JICCI987-16","GMP#06820","Arthropoda","Insecta","Hymenoptera","Braconidae","Microgastrinae","Glyptapanteles","Glyptapanteles Malaise8087","BOLD:AAN8087","Malaise trap PL12-3A",10.763,-85.334,"2014-01-16","1",600,"JICCI"
"BIOUG29636-B09","JICCI995-16","GMP#06820","Arthropoda","Insecta","Hymenoptera","Braconidae","Microgastrinae","Apanteles","Apanteles oscarchavezi","BOLD:AAN7915","Malaise trap PL12-3A",10.763,-85.334,"2014-01-16","1",576,"JICCI"
"BIOUG29619-H01","JICCJ933-16","GMP#06821","Arthropoda","Insecta","Hymenoptera","Braconidae","Microgastrinae","Diolcogaster","Diolcogaster Choi77","BOLD:AAB9863","Malaise trap PL12-3A",10.763,-85.334,"2014-01-23","1",579,"JICCJ"
"BIOUG29671-G03","JICCL789-16","GMP#06823","Arthropoda","Insecta","Hymenoptera","Braconidae","Microgastrinae","Apanteles","Apanteles Malaise9568","BOLD:ADA9568","Malaise trap PL12-3A",10.763,-85.334,"2014-02-06","1",577,"JICCL"
"BIOUG29671-H01","JICCL799-16","GMP#06823","Arthropoda","Insecta","Hymenoptera","Braconidae","Microgastrinae","Pseudapanteles","Pseudapanteles alvaroumanai","BOLD:AAE0922","Malaise trap PL12-3A",10.763,-85.334,"2014-02-06","1",564,"JICCL"
"BIOUG29660-A07","JICCM630-16","GMP#06824","Arthropoda","Insecta","Hymenoptera","Braconidae","Microgastrinae","Dolichogenidea","Dolichogenidea Janzen5847","BOLD:AAM5847","Malaise trap PL12-3A",10.763,-85.334,"2014-02-13","1",603,"JICCM"
"BIOUG29660-B10","JICCM645-16","GMP#06824","Arthropoda","Insecta","Hymenoptera","Braconidae","Microgastrinae","Dolichogenidea","Dolichogenidea Janzen5847","BOLD:AAM5847","Malaise trap PL12-3A",10.763,-85.334,"2014-02-13","1",585,"JICCM"
"BIOUG29660-F02","JICCM685-16","GMP#06824","Arthropoda","Insecta","Hymenoptera","Braconidae","Microgastrinae","Dolichogenidea","Dolichogenidea Janzen5847","BOLD:AAM5847","Malaise trap PL12-3A",10.763,-85.334,"2014-02-13","1",600,"JICCM"
"BIOUG29660-F09","JICCM692-16","GMP#06824","Arthropoda","Insecta","Hymenoptera","Braconidae","Microgastrinae","Dolichogenidea","Dolichogenidea Janzen5847","BOLD:AAM5847","Malaise trap PL12-3A",10.763,-85.334,"2014-02-13","1",600,"JICCM"
"BIOUG29681-E12","JICCN515-16","GMP#06825","Arthropoda","Insecta","Hymenoptera","Braconidae","Microgastrinae","Dolichogenidea","Dolichogenidea Janzen5847","BOLD:AEB8464","Malaise trap PL12-3A",10.763,-85.334,"2014-02-20","1",585,"JICCN"
"BIOUG29681-F04","JICCN519-16","GMP#06825","Arthropoda","Insecta","Hymenoptera","Braconidae","Microgastrinae","Dolichogenidea","Dolichogenidea Janzen5847","BOLD:AAM5847","Malaise trap PL12-3A",10.763,-85.334,"2014-02-20","1",600,"JICCN"
"BIOUG29667-B03","JICCO524-16","GMP#06826","Arthropoda","Insecta","Hymenoptera","Braconidae","Microgastrinae","Apanteles","Apanteles oscarchavezi","BOLD:AAN7915","Malaise trap PL12-3A",10.763,-85.334,"2014-02-27","1",594,"JICCO"
"BIOUG29667-E05","JICCO562-16","GMP#06826","Arthropoda","Insecta","Hymenoptera","Braconidae","Microgastrinae","Apanteles","Apanteles Rodriguez178","BOLD:AAK1722","Malaise trap PL12-3A",10.763,-85.334,"2014-02-27","1",600,"JICCO"
"BIOUG29688-H07","JICCP408-16","GMP#06827","Arthropoda","Insecta","Hymenoptera","Braconidae","Microgastrinae","Apanteles","Apanteles oscarchavezi","BOLD:AAN7915","Malaise trap PL12-3A",10.763,-85.334,"2014-03-06","1",579,"JICCP"
"BIOUG29717-B11","JICCQ482-16","GMP#06828","Arthropoda","Insecta","Hymenoptera","Braconidae","Microgastrinae","Dolichogenidea","Dolichogenidea Janzen5847","BOLD:AAM5847","Malaise trap PL12-3A",10.763,-85.334,"2014-03-13","1",591,"JICCQ"
"BIOUG29712-B06","JICCT285-16","GMP#06831","Arthropoda","Insecta","Hymenoptera","Braconidae","Microgastrinae","Dolichogenidea","Dolichogenidea Janzen5847","BOLD:AAM5847","Malaise trap PL12-3A",10.763,-85.334,"2014-04-03","1",597,"JICCT"
"BIOUG29810-F04","JICCX1389-16","GMP#06835","Arthropoda","Insecta","Hymenoptera","Braconidae","Microgastrinae","Dolichogenidea","Dolichogenidea Rodriguez195","BOLD:AAM5088","Malaise trap PL12-3A",10.763,-85.334,"2014-05-01","1",576,"JICCX"
"BIOUG29802-H05","JICCX654-16","GMP#06835","Arthropoda","Insecta","Hymenoptera","Braconidae","Microgastrinae","Glyptapanteles","Glyptapanteles Whitfield126","BOLD:AAD6535","Malaise trap PL12-3A",10.763,-85.334,"2014-05-01","1",546,"JICCX"
"BIOUG29803-A08","JICCX668-16","GMP#06835","Arthropoda","Insecta","Hymenoptera","Braconidae","Microgastrinae","Apanteles","Apanteles Malaise2941","BOLD:ADB2941","Malaise trap PL12-3A",10.763,-85.334,"2014-05-01","1",585,"JICCX"
"BIOUG29803-B01","JICCX673-16","GMP#06835","Arthropoda","Insecta","Hymenoptera","Braconidae","Microgastrinae","Apanteles","Apanteles Malaise2941","BOLD:ADB2941","Malaise trap PL12-3A",10.763,-85.334,"2014-05-01","1",600,"JICCX"
"BIOUG29803-B10","JICCX682-16","GMP#06835","Arthropoda","Insecta","Hymenoptera","Braconidae","Microgastrinae","Apanteles","Apanteles eduardoramirezi","BOLD:AAA4554","Malaise trap PL12-3A",10.763,-85.334,"2014-05-01","1",546,"JICCX"
"BIOUG29803-C07","JICCX691-16","GMP#06835","Arthropoda","Insecta","Hymenoptera","Braconidae","Microgastrinae","Apanteles","Apanteles eduardoramirezi","BOLD:AAA4554","Malaise trap PL12-3A",10.763,-85.334,"2014-05-01","1",582,"JICCX"
"BIOUG29803-C09","JICCX693-16","GMP#06835","Arthropoda","Insecta","Hymenoptera","Braconidae","Microgastrinae","Apanteles","Apanteles eduardoramirezi","BOLD:AAA4554","Malaise trap PL12-3A",10.763,-85.334,"2014-05-01","1",570,"JICCX"
"BIOUG29803-F09","JICCX729-16","GMP#06835","Arthropoda","Insecta","Hymenoptera","Braconidae","Microgastrinae","Pseudapanteles","Pseudapanteles alvaroumanai","BOLD:AAE0922","Malaise trap PL12-3A",10.763,-85.334,"2014-05-01","1",570,"JICCX"
"BIOUG29831-B07","JICCY828-16","GMP#06836","Arthropoda","Insecta","Hymenoptera","Braconidae","Microgastrinae","Pseudapanteles","Pseudapanteles alvaroumanai","BOLD:AAE0922","Malaise trap PL12-3A",10.763,-85.334,"2014-05-08","1",441,"JICCY"
"BIOUG29831-C05","JICCY838-16","GMP#06836","Arthropoda","Insecta","Hymenoptera","Braconidae","Microgastrinae","Pseudapanteles","Pseudapanteles Malaise3040","BOLD:ADB3040","Malaise trap PL12-3A",10.763,-85.334,"2014-05-08","1",605,"JICCY"
"BIOUG29832-B05","JICCY921-16","GMP#06836","Arthropoda","Insecta","Hymenoptera","Braconidae","Microgastrinae","Pseudapanteles","Pseudapanteles Malaise3040","BOLD:ADB3040","Malaise trap PL12-3A",10.763,-85.334,"2014-05-08","1",567,"JICCY"
"BIOUG29832-E07","JICCY959-16","GMP#06836","Arthropoda","Insecta","Hymenoptera","Braconidae","Microgastrinae","Apanteles","Apanteles Malaise7955","BOLD:ADB7955","Malaise trap PL12-3A",10.763,-85.334,"2014-05-08","1",576,"JICCY"
"BIOUG29832-E09","JICCY961-16","GMP#06836","Arthropoda","Insecta","Hymenoptera","Braconidae","Microgastrinae","Pseudapanteles","Pseudapanteles alvaroumanai","BOLD:AAE0922","Malaise trap PL12-3A",10.763,-85.334,"2014-05-08","1",603,"JICCY"
"BIOUG29794-F01","JICCZ1045-16","GMP#06837","Arthropoda","Insecta","Hymenoptera","Braconidae","Microgastrinae","Pseudapanteles","Pseudapanteles Janzen86","BOLD:ACL4489","Malaise trap PL12-3A",10.763,-85.334,"2014-05-15","1",573,"JICCZ"
"BIOUG29794-G09","JICCZ1065-16","GMP#06837","Arthropoda","Insecta","Hymenoptera","Braconidae","Microgastrinae","Pseudapanteles","Pseudapanteles alvaroumanai","BOLD:AAE0922","Malaise trap PL12-3A",10.763,-85.334,"2014-05-15","1",603,"JICCZ"
"BIOUG29794-H01","JICCZ1069-16","GMP#06837","Arthropoda","Insecta","Hymenoptera","Braconidae","Microgastrinae","Pseudapanteles","Pseudapanteles Malaise3040","BOLD:ADB3040","Malaise trap PL12-3A",10.763,-85.334,"2014-05-15","1",567,"JICCZ"
"BIOUG29794-H04","JICCZ1072-16","GMP#06837","Arthropoda","Insecta","Hymenoptera","Braconidae","Microgastrinae","Glyptapanteles","Glyptapanteles pamitchellae","BOLD:AAA3934","Malaise trap PL12-3A",10.763,-85.334,"2014-05-15","1",564,"JICCZ"
"BIOUG29844-G03","JICCZ1724-16","GMP#06837","Arthropoda","Insecta","Hymenoptera","Braconidae","Microgastrinae","Pseudapanteles","Pseudapanteles Malaise3040","BOLD:ADB3040","Malaise trap PL12-3A",10.763,-85.334,"2014-05-15","1",585,"JICCZ"
"BIOUG29844-G09","JICCZ1730-16","GMP#06837","Arthropoda","Insecta","Hymenoptera","Braconidae","Microgastrinae","Apanteles","Apanteles Malaise2941","BOLD:ADB2941","Malaise trap PL12-3A",10.763,-85.334,"2014-05-15","1",594,"JICCZ"
"BIOUG29847-E07","JICCZ1989-16","GMP#06837","Arthropoda","Insecta","Hymenoptera","Braconidae","Microgastrinae","Apanteles","Apanteles eduardoramirezi","BOLD:AAA4554","Malaise trap PL12-3A",10.763,-85.334,"2014-05-15","1",594,"JICCZ"
"BIOUG29847-F09","JICCZ2003-16","GMP#06837","Arthropoda","Insecta","Hymenoptera","Braconidae","Microgastrinae","Apanteles","Apanteles oscarchavezi","BOLD:AAN7915","Malaise trap PL12-3A",10.763,-85.334,"2014-05-15","1",588,"JICCZ"
"BIOUG29794-A03","JICCZ987-16","GMP#06837","Arthropoda","Insecta","Hymenoptera","Braconidae","Microgastrinae","Apanteles","Apanteles Malaise2941","BOLD:ADB2941","Malaise trap PL12-3A",10.763,-85.334,"2014-05-15","1",576,"JICCZ"
"BIOUG28721-G06","JICEM117-16","GMP#07136","Arthropoda","Insecta","Hymenoptera","Braconidae","Microgastrinae","Pseudapanteles","Pseudapanteles alvaroumanai","BOLD:AAE0922","Malaise trap PL12-9A",10.76,-85.334,"2014-01-23","1",588,"JICEM"
"BIOUG28721-H10","JICEM133-16","GMP#07136","Arthropoda","Insecta","Hymenoptera","Braconidae","Microgastrinae","Dolichogenidea","Dolichogenidea Janzen57","BOLD:AAM5842","Malaise trap PL12-9A",10.76,-85.334,"2014-01-23","1",585,"JICEM"
"BIOUG28724-C02","JICEN150-16","GMP#07137","Arthropoda","Insecta","Hymenoptera","Braconidae","Microgastrinae","Pseudapanteles","Pseudapanteles alvaroumanai","BOLD:AAE0922","Malaise trap PL12-9A",10.76,-85.334,"2014-01-30","1",588,"JICEN"
"BIOUG28728-G07","JICEP117-16","GMP#07139","Arthropoda","Insecta","Hymenoptera","Braconidae","Microgastrinae","Apanteles","Apanteles Malaise9568","BOLD:ADA9568","Malaise trap PL12-9A",10.76,-85.334,"2014-02-13","1",579,"JICEP"
"BIOUG28828-A12","JICES165-16","GMP#07142","Arthropoda","Insecta","Hymenoptera","Braconidae","Microgastrinae","Pseudapanteles","Pseudapanteles alvaroumanai","BOLD:AAE0922","Malaise trap PL12-9A",10.76,-85.334,"2014-03-06","1",420,"JICES"
"BIOUG28830-H05","JICET157-16","GMP#07143","Arthropoda","Insecta","Hymenoptera","Braconidae","Microgastrinae","Apanteles","Apanteles Malaise9656","BOLD:ADA9656","Malaise trap PL12-9A",10.76,-85.334,"2014-03-13","1",594,"JICET"
"BIOUG28832-D08","JICEU127-16","GMP#07144","Arthropoda","Insecta","Hymenoptera","Braconidae","Microgastrinae","Pseudapanteles","Pseudapanteles alvaroumanai","BOLD:AAE0922","Malaise trap PL12-9A",10.76,-85.334,"2014-03-20","1",579,"JICEU"
"BIOUG28832-D11","JICEU130-16","GMP#07144","Arthropoda","Insecta","Hymenoptera","Braconidae","Microgastrinae","Apanteles","Apanteles Malaise9656","BOLD:ADA9656","Malaise trap PL12-9A",10.76,-85.334,"2014-03-20","1",594,"JICEU"
"BIOUG28835-A05","JICEV117-16","GMP#07145","Arthropoda","Insecta","Hymenoptera","Braconidae","Microgastrinae","Apanteles","Apanteles Malaise9568","BOLD:ADA9568","Malaise trap PL12-9A",10.76,-85.334,"2014-03-27","1",585,"JICEV"
"BIOUG28875-G08","JICEX120-16","GMP#07147","Arthropoda","Insecta","Hymenoptera","Braconidae","Microgastrinae","Pseudapanteles","Pseudapanteles alvaroumanai","BOLD:AAE0922","Malaise trap PL12-9A",10.76,-85.334,"2014-04-10","1",588,"JICEX"
"BIOUG28875-G09","JICEX121-16","GMP#07147","Arthropoda","Insecta","Hymenoptera","Braconidae","Microgastrinae","Apanteles","Apanteles Malaise9656","BOLD:ADA9656","Malaise trap PL12-9A",10.76,-85.334,"2014-04-10","1",588,"JICEX"
"BIOUG28876-C12","JICEY031-16","GMP#07148","Arthropoda","Insecta","Hymenoptera","Braconidae","Microgastrinae","Dolichogenidea","Dolichogenidea Malaise9679","BOLD:ADA9679","Malaise trap PL12-9A",10.76,-85.334,"2014-04-17","1",585,"JICEY"
"BIOUG28804-E12","JICFP037-16","GMP#06983","Arthropoda","Insecta","Hymenoptera","Braconidae","Microgastrinae","Diolcogaster","Diolcogaster Malaise1451","BOLD:ADB1451","Malaise trap PL12-6A",10.764,-85.333,"2014-01-16","1",576,"JICFP"
"BIOUG29020-B03","JICFU148-16","GMP#06988","Arthropoda","Insecta","Hymenoptera","Braconidae","Microgastrinae","Hypomicrogaster","Hypomicrogaster Janzen160","BOLD:AAM5150","Malaise trap PL12-6A",10.764,-85.333,"2014-02-20","1",588,"JICFU"
"BIOUG29020-F01","JICFV082-16","GMP#06989","Arthropoda","Insecta","Hymenoptera","Braconidae","Microgastrinae","Hypomicrogaster","Hypomicrogaster Janzen160","BOLD:AAM5150","Malaise trap PL12-6A",10.764,-85.333,"2014-02-27","1",594,"JICFV"
"BIOUG30966-F07","JICGV304-16","GMP#06788","Arthropoda","Insecta","Hymenoptera","Braconidae","Microgastrinae","Diolcogaster","Diolcogaster Choi53","BOLD:AAF5702","Malaise trap PL12-2A",10.763,-85.335,"2014-04-17","1",576,"JICGV"
"BIOUG30974-E02","JICGZ202-16","GMP#06792","Arthropoda","Insecta","Hymenoptera","Braconidae","Microgastrinae","Apanteles","Apanteles Malaise2941","BOLD:ADB2941","Malaise trap PL12-2A",10.763,-85.335,"2014-05-15","1",594,"JICGZ"
"BIOUG29377-E09","JIDDZ230-16","GMP#06915","Arthropoda","Insecta","Hymenoptera","Braconidae","Microgastrinae","Glyptapanteles","Glyptapanteles Malaise2009","BOLD:ADB2009","Malaise trap PL12-4A",10.763,-85.334,"2014-11-13","1",543,"JIDDZ"
"BIOUG29377-F02","JIDDZ235-16","GMP#06915","Arthropoda","Insecta","Hymenoptera","Braconidae","Microgastrinae","Cotesia","Cotesia Whitfield94","BOLD:AAA7143","Malaise trap PL12-4A",10.763,-85.334,"2014-11-13","1",588,"JIDDZ"
"BIOUG29377-F04","JIDDZ237-16","GMP#06915","Arthropoda","Insecta","Hymenoptera","Braconidae","Microgastrinae","Glyptapanteles","Glyptapanteles barneyburksi","BOLD:AAI7344","Malaise trap PL12-4A",10.763,-85.334,"2014-11-13","1",567,"JIDDZ"
"BIOUG29377-G07","JIDDZ252-16","GMP#06915","Arthropoda","Insecta","Hymenoptera","Braconidae","Microgastrinae","Glyptapanteles","Glyptapanteles Whitfield90","BOLD:AAY1040","Malaise trap PL12-4A",10.763,-85.334,"2014-11-13","1",576,"JIDDZ"
"BIOUG29377-G08","JIDDZ253-16","GMP#06915","Arthropoda","Insecta","Hymenoptera","Braconidae","Microgastrinae","Glyptapanteles","Glyptapanteles Whitfield90","BOLD:AAY1040","Malaise trap PL12-4A",10.763,-85.334,"2014-11-13","1",588,"JIDDZ"
"BIOUG29216-B05","JIEED208-16","GMP#07153","Arthropoda","Insecta","Hymenoptera","Braconidae","Microgastrinae","Pseudapanteles","Pseudapanteles Malaise3040","BOLD:ADB3040","Malaise trap PL12-9A",10.76,-85.334,"2014-05-22","1",576,"JIEED"
"BIOUG29292-A07","JIEEG465-16","GMP#07156","Arthropoda","Insecta","Hymenoptera","Braconidae","Microgastrinae","Promicrogaster","Promicrogaster Malaise4300","BOLD:ADB4300","Malaise trap PL12-9A",10.76,-85.334,"2014-06-12","1",588,"JIEEG"
"BIOUG29295-C10","JIEEH433-16","GMP#07157","Arthropoda","Insecta","Hymenoptera","Braconidae","Microgastrinae","Pseudapanteles","Pseudapanteles alvaroumanai","BOLD:AAE0922","Malaise trap PL12-9A",10.76,-85.334,"2014-06-19","1",588,"JIEEH"
"BIOUG29389-B12","JIEEJ325-16","GMP#07159","Arthropoda","Insecta","Hymenoptera","Braconidae","Microgastrinae","Pseudapanteles","Pseudapanteles alvaroumanai","BOLD:AAE0922","Malaise trap PL12-9A",10.76,-85.334,"2014-07-03","1",585,"JIEEJ"
"BIOUG29505-E07","JIEEP058-16","GMP#07165","Arthropoda","Insecta","Hymenoptera","Braconidae","Microgastrinae","Pseudapanteles","Pseudapanteles Malaise3040","BOLD:ADB3040","Malaise trap PL12-9A",10.76,-85.334,"2014-08-14","1",588,"JIEEP"
"BIOUG29160-H01","JIFFA248-16","GMP#06994","Arthropoda","Insecta","Hymenoptera","Braconidae","Microgastrinae","Pseudapanteles","Pseudapanteles alvaroumanai","BOLD:AAE0922","Malaise trap PL12-6A",10.764,-85.333,"2014-04-03","1",588,"JIFFA"
"BIOUG29209-A06","JIFFC172-16","GMP#06996","Arthropoda","Insecta","Hymenoptera","Braconidae","Microgastrinae","Apanteles","Apanteles freddyquesadaiDHJ02","BOLD:AAC5219","Malaise trap PL12-6A",10.764,-85.333,"2014-04-17","1",600,"JIFFC"
"BIOUG29212-H06","JIFFD178-16","GMP#06997","Arthropoda","Insecta","Hymenoptera","Braconidae","Microgastrinae","Apanteles","Apanteles Janzen45","BOLD:ACM9154","Malaise trap PL12-6A",10.764,-85.333,"2014-04-24","1",588,"JIFFD"
"BIOUG29320-A10","JIFFE308-16","GMP#06998","Arthropoda","Insecta","Hymenoptera","Braconidae","Microgastrinae","Pseudapanteles","Pseudapanteles Malaise3040","BOLD:ADB3040","Malaise trap PL12-6A",10.764,-85.333,"2014-05-01","1",516,"JIFFE"
"BIOUG29320-B07","JIFFE317-16","GMP#06998","Arthropoda","Insecta","Hymenoptera","Braconidae","Microgastrinae","Pseudapanteles","Pseudapanteles alvaroumanai","BOLD:AAE0922","Malaise trap PL12-6A",10.764,-85.333,"2014-05-01","1",549,"JIFFE"
"BIOUG29320-B11","JIFFE321-16","GMP#06998","Arthropoda","Insecta","Hymenoptera","Braconidae","Microgastrinae","Pseudapanteles","Pseudapanteles alvaroumanai","BOLD:AAE0922","Malaise trap PL12-6A",10.764,-85.333,"2014-05-01","1",576,"JIFFE"
"BIOUG29327-D06","JIFFG294-16","GMP#07000","Arthropoda","Insecta","Hymenoptera","Braconidae","Microgastrinae","Apanteles","Apanteles Malaise2941","BOLD:ADB2941","Malaise trap PL12-6A",10.764,-85.333,"2014-05-15","1",570,"JIFFG"
"BIOUG29401-C02","JIFFH135-16","GMP#07001","Arthropoda","Insecta","Hymenoptera","Braconidae","Microgastrinae","Apanteles","Apanteles Malaise9656","BOLD:ADA9656","Malaise trap PL12-6A",10.764,-85.333,"2014-05-22","1",558,"JIFFH"
"BIOUG29401-D05","JIFFH150-16","GMP#07001","Arthropoda","Insecta","Hymenoptera","Braconidae","Microgastrinae","Apanteles","Apanteles Malaise2892","BOLD:ADB2892","Malaise trap PL12-6A",10.764,-85.333,"2014-05-22","1",537,"JIFFH"
"BIOUG29406-F10","JIFFJ070-16","GMP#07003","Arthropoda","Insecta","Hymenoptera","Braconidae","Microgastrinae","Pseudapanteles","Pseudapanteles alvaroumanai","BOLD:AAE0922","Malaise trap PL12-6A",10.764,-85.333,"2014-06-05","1",552,"JIFFJ"
"BIOUG29406-G08","JIFFJ080-16","GMP#07003","Arthropoda","Insecta","Hymenoptera","Braconidae","Microgastrinae","Pseudapanteles","Pseudapanteles alvaroumanai","BOLD:AAE0922","Malaise trap PL12-6A",10.764,-85.333,"2014-06-05","1",573,"JIFFJ"
"BIOUG29437-G09","JIFFL108-16","GMP#07005","Arthropoda","Insecta","Hymenoptera","Braconidae","Microgastrinae","Pseudapanteles","Pseudapanteles alvaroumanai","BOLD:AAE0922","Malaise trap PL12-6A",10.764,-85.333,"2014-06-19","1",570,"JIFFL"
"BIOUG29489-H04","JIFFM122-16","GMP#07006","Arthropoda","Insecta","Hymenoptera","Braconidae","Microgastrinae","Apanteles","Apanteles Malaise4699","BOLD:ADB4699","Malaise trap PL12-6A",10.764,-85.333,"2014-06-26","1",600,"JIFFM"
"BIOUG29490-F01","JIFFN054-16","GMP#07007","Arthropoda","Insecta","Hymenoptera","Braconidae","Microgastrinae","Dolichogenidea","Dolichogenidea Malaise3343","BOLD:ADB3343","Malaise trap PL12-6A",10.764,-85.333,"2014-07-03","1",588,"JIFFN"
"BIOUG29490-F03","JIFFN056-16","GMP#07007","Arthropoda","Insecta","Hymenoptera","Braconidae","Microgastrinae","Dolichogenidea","Dolichogenidea malaise0710","BOLD:ADB0710","Malaise trap PL12-6A",10.764,-85.333,"2014-07-03","1",588,"JIFFN"
"BIOUG30978-F10","JIGGB081-16","GMP#06794","Arthropoda","Insecta","Hymenoptera","Braconidae","Microgastrinae","Apanteles","Apanteles Malaise2941","BOLD:ADB2941","Malaise trap PL12-2A",10.763,-85.335,"2014-05-29","1",594,"JIGGB"
"BIOUG30919-E10","JIGGC144-16","GMP#06795","Arthropoda","Insecta","Hymenoptera","Braconidae","Microgastrinae","Glyptapanteles","Glyptapanteles pamitchellae","BOLD:AAA3934","Malaise trap PL12-2A",10.763,-85.335,"2014-06-05","1",594,"JIGGC"
"BIOUG43804-E07","PLAAA6040-18","GMP#06344","Arthropoda","Insecta","Hymenoptera","Braconidae","Microgastrinae","Cotesia","Cotesia Whitfield94","BOLD:AAA7143","Malaise trap PL12-3B",10.763,-85.334,"2014-11-20","1",653,"PLAAA"
"BIOUG43804-F09","PLAAA6054-18","GMP#06344","Arthropoda","Insecta","Hymenoptera","Braconidae","Microgastrinae","Apanteles","Apanteles oscarchavezi","BOLD:AAN7915","Malaise trap PL12-3B",10.763,-85.334,"2014-11-20","1",653,"PLAAA"
"BIOUG43804-F12","PLAAA6057-18","GMP#06344","Arthropoda","Insecta","Hymenoptera","Braconidae","Microgastrinae","Glyptapanteles","Glyptapanteles jesusugaldei","BOLD:ABX6466","Malaise trap PL12-3B",10.763,-85.334,"2014-11-20","1",655,"PLAAA"
"BIOUG43804-H04","PLAAA6073-18","GMP#06344","Arthropoda","Insecta","Hymenoptera","Braconidae","Microgastrinae","Cotesia","Cotesia Whitfield94","BOLD:AAA7143","Malaise trap PL12-3B",10.763,-85.334,"2014-11-20","1",653,"PLAAA"
"BIOUG43804-H11","PLAAA6080-18","GMP#06344","Arthropoda","Insecta","Hymenoptera","Braconidae","Microgastrinae","Cotesia","Cotesia Whitfield94","BOLD:AAA7143","Malaise trap PL12-3B",10.763,-85.334,"2014-11-20","1",654,"PLAAA"
"BIOUG43805-D10","PLAAA6126-18","GMP#06344","Arthropoda","Insecta","Hymenoptera","Braconidae","Microgastrinae","Diolcogaster","Diolcogaster Choi65","BOLD:AAE8429","Malaise trap PL12-3B",10.763,-85.334,"2014-11-20","1",654,"PLAAA"
"BIOUG43805-F03","PLAAA6143-18","GMP#06344","Arthropoda","Insecta","Hymenoptera","Braconidae","Microgastrinae","Diolcogaster","Diolcogaster Janzen7655","BOLD:ADW7655","Malaise trap PL12-3B",10.763,-85.334,"2014-11-20","1",653,"PLAAA"
"BIOUG43806-A09","PLAAA6184-18","GMP#06344","Arthropoda","Insecta","Hymenoptera","Braconidae","Microgastrinae","Cotesia","Cotesia Whitfield94","BOLD:AAA7143","Malaise trap PL12-3B",10.763,-85.334,"2014-11-20","1",655,"PLAAA"
"BIOUG43806-A10","PLAAA6185-18","GMP#06344","Arthropoda","Insecta","Hymenoptera","Braconidae","Microgastrinae","Apanteles","Apanteles oscarchavezi","BOLD:AAN7915","Malaise trap PL12-3B",10.763,-85.334,"2014-11-20","1",654,"PLAAA"
"BIOUG43806-B05","PLAAA6192-18","GMP#06344","Arthropoda","Insecta","Hymenoptera","Braconidae","Microgastrinae","Cotesia","Cotesia Whitfield94","BOLD:AAA7143","Malaise trap PL12-3B",10.763,-85.334,"2014-11-20","1",654,"PLAAA"
"BIOUG43806-B09","PLAAA6196-18","GMP#06344","Arthropoda","Insecta","Hymenoptera","Braconidae","Microgastrinae","Dolichogenidea","Dolichogenidea Rodriguez144","BOLD:AAD2236","Malaise trap PL12-3B",10.763,-85.334,"2014-11-20","1",653,"PLAAA"
"BIOUG43806-D05","PLAAA6216-18","GMP#06344","Arthropoda","Insecta","Hymenoptera","Braconidae","Microgastrinae","Glyptapanteles","Glyptapanteles Whitfield69","BOLD:AAI7299","Malaise trap PL12-3B",10.763,-85.334,"2014-11-20","1",654,"PLAAA"
"BIOUG43806-F11","PLAAA6246-18","GMP#06344","Arthropoda","Insecta","Hymenoptera","Braconidae","Microgastrinae","Apanteles","Apanteles Malaise2941","BOLD:ADB2941","Malaise trap PL12-3B",10.763,-85.334,"2014-11-20","1",654,"PLAAA"
"BIOUG43806-H02","PLAAA6261-18","GMP#06344","Arthropoda","Insecta","Hymenoptera","Braconidae","Microgastrinae","Glyptapanteles","Glyptapanteles Whitfield90","BOLD:AAY1040","Malaise trap PL12-3B",10.763,-85.334,"2014-11-20","1",640,"PLAAA"
"BIOUG43810-C01","PLAAA6580-18","GMP#06344","Arthropoda","Insecta","Hymenoptera","Braconidae","Microgastrinae","Cotesia","Cotesia Whitfield94","BOLD:AAA7143","Malaise trap PL12-3B",10.763,-85.334,"2014-11-20","1",654,"PLAAA"
"BIOUG44548-E10","PLAAB5853-18","GMP#06345","Arthropoda","Insecta","Hymenoptera","Braconidae","Microgastrinae","Apanteles","Apanteles oscarchavezi","BOLD:AAN7915","Malaise trap PL12-3B",10.763,-85.334,"2014-11-27","1",653,"PLAAB"
"BIOUG44548-F01","PLAAB5856-18","GMP#06345","Arthropoda","Insecta","Hymenoptera","Braconidae","Microgastrinae","Apanteles","Apanteles oscarchavezi","BOLD:AAN7915","Malaise trap PL12-3B",10.763,-85.334,"2014-11-27","1",655,"PLAAB"
"BIOUG44548-F03","PLAAB5858-18","GMP#06345","Arthropoda","Insecta","Hymenoptera","Braconidae","Microgastrinae","Glyptapanteles","Glyptapanteles Whitfield90","BOLD:AAY1040","Malaise trap PL12-3B",10.763,-85.334,"2014-11-27","1",653,"PLAAB"
"BIOUG44548-G03","PLAAB5870-18","GMP#06345","Arthropoda","Insecta","Hymenoptera","Braconidae","Microgastrinae","Apanteles","Apanteles franciscopizarroi","BOLD:AAK1643","Malaise trap PL12-3B",10.763,-85.334,"2014-11-27","1",654,"PLAAB"
"BIOUG44548-H07","PLAAB5886-18","GMP#06345","Arthropoda","Insecta","Hymenoptera","Braconidae","Microgastrinae","Apanteles","Apanteles oscarchavezi","BOLD:AAN7915","Malaise trap PL12-3B",10.763,-85.334,"2014-11-27","1",655,"PLAAB"
"BIOUG44549-A06","PLAAB5896-18","GMP#06345","Arthropoda","Insecta","Hymenoptera","Braconidae","Microgastrinae","Apanteles","Apanteles oscarchavezi","BOLD:AAN7915","Malaise trap PL12-3B",10.763,-85.334,"2014-11-27","1",655,"PLAAB"
"BIOUG44549-D05","PLAAB5931-18","GMP#06345","Arthropoda","Insecta","Hymenoptera","Braconidae","Microgastrinae","Glyptapanteles","Glyptapanteles Whitfield90","BOLD:AAY1040","Malaise trap PL12-3B",10.763,-85.334,"2014-11-27","1",653,"PLAAB"
"BIOUG44549-D08","PLAAB5934-18","GMP#06345","Arthropoda","Insecta","Hymenoptera","Braconidae","Microgastrinae","Apanteles","Apanteles oscarchavezi","BOLD:AAN7915","Malaise trap PL12-3B",10.763,-85.334,"2014-11-27","1",654,"PLAAB"
"BIOUG44549-E10","PLAAB5948-18","GMP#06345","Arthropoda","Insecta","Hymenoptera","Braconidae","Microgastrinae","Apanteles","Apanteles bernyapui","BOLD:AAB7636","Malaise trap PL12-3B",10.763,-85.334,"2014-11-27","1",654,"PLAAB"
"BIOUG44549-H06","PLAAB5980-18","GMP#06345","Arthropoda","Insecta","Hymenoptera","Braconidae","Microgastrinae","Apanteles","Apanteles oscarchavezi","BOLD:AAN7915","Malaise trap PL12-3B",10.763,-85.334,"2014-11-27","1",653,"PLAAB"
"BIOUG44549-H09","PLAAB5983-18","GMP#06345","Arthropoda","Insecta","Hymenoptera","Braconidae","Microgastrinae","Cotesia","Cotesia Whitfield94","BOLD:AAA7143","Malaise trap PL12-3B",10.763,-85.334,"2014-11-27","1",655,"PLAAB"
"BIOUG44551-B04","PLAAB6001-18","GMP#06345","Arthropoda","Insecta","Hymenoptera","Braconidae","Microgastrinae","Hypomicrogaster","Hypomicrogaster Whitfield57","BOLD:ABZ1039","Malaise trap PL12-3B",10.763,-85.334,"2014-11-27","1",654,"PLAAB"
"BIOUG44551-C10","PLAAB6019-18","GMP#06345","Arthropoda","Insecta","Hymenoptera","Braconidae","Microgastrinae","Apanteles","Apanteles oscarchavezi","BOLD:AAN7915","Malaise trap PL12-3B",10.763,-85.334,"2014-11-27","1",654,"PLAAB"
"BIOUG44551-H05","PLAAB6074-18","GMP#06345","Arthropoda","Insecta","Hymenoptera","Braconidae","Microgastrinae","Apanteles","Apanteles bernyapui","BOLD:AAB7636","Malaise trap PL12-3B",10.763,-85.334,"2014-11-27","1",654,"PLAAB"
"BIOUG44552-B02","PLAAB6094-18","GMP#06345","Arthropoda","Insecta","Hymenoptera","Braconidae","Microgastrinae","Apanteles","Apanteles oscarchavezi","BOLD:AAN7915","Malaise trap PL12-3B",10.763,-85.334,"2014-11-27","1",654,"PLAAB"
"BIOUG44552-C06","PLAAB6110-18","GMP#06345","Arthropoda","Insecta","Hymenoptera","Braconidae","Microgastrinae","Diolcogaster","Diolcogaster Janzen7655","BOLD:ADW7655","Malaise trap PL12-3B",10.763,-85.334,"2014-11-27","1",654,"PLAAB"
"BIOUG44552-C10","PLAAB6114-18","GMP#06345","Arthropoda","Insecta","Hymenoptera","Braconidae","Microgastrinae","Apanteles","Apanteles oscarchavezi","BOLD:AAN7915","Malaise trap PL12-3B",10.763,-85.334,"2014-11-27","1",654,"PLAAB"
"BIOUG44552-E01","PLAAB6129-18","GMP#06345","Arthropoda","Insecta","Hymenoptera","Braconidae","Microgastrinae","Apanteles","Apanteles Malaise2941","BOLD:ADB2941","Malaise trap PL12-3B",10.763,-85.334,"2014-11-27","1",654,"PLAAB"
"BIOUG44552-G07","PLAAB6159-18","GMP#06345","Arthropoda","Insecta","Hymenoptera","Braconidae","Microgastrinae","Apanteles","Apanteles oscarchavezi","BOLD:AAN7915","Malaise trap PL12-3B",10.763,-85.334,"2014-11-27","1",654,"PLAAB"
"BIOUG44552-H07","PLAAB6171-18","GMP#06345","Arthropoda","Insecta","Hymenoptera","Braconidae","Microgastrinae","Diolcogaster","Diolcogaster Janzen7655","BOLD:ADW7655","Malaise trap PL12-3B",10.763,-85.334,"2014-11-27","1",654,"PLAAB"
"BIOUG44063-G08","PLAAC4220-18","GMP#06346","Arthropoda","Insecta","Hymenoptera","Braconidae","Microgastrinae","Glyptapanteles","Glyptapanteles Whitfield90","BOLD:AAY1040","Malaise trap PL12-3B",10.763,-85.334,"2014-12-04","1",651,"PLAAC"
"BIOUG44147-B11","PLAAC4272-18","GMP#06346","Arthropoda","Insecta","Hymenoptera","Braconidae","Microgastrinae","Cotesia","Cotesia Whitfield94","BOLD:AAA7143","Malaise trap PL12-3B",10.763,-85.334,"2014-12-04","1",655,"PLAAC"
"BIOUG44147-H05","PLAAC4338-18","GMP#06346","Arthropoda","Insecta","Hymenoptera","Braconidae","Microgastrinae","Apanteles","Apanteles oscarchavezi","BOLD:AAN7915","Malaise trap PL12-3B",10.763,-85.334,"2014-12-04","1",655,"PLAAC"
"BIOUG44147-H08","PLAAC4341-18","GMP#06346","Arthropoda","Insecta","Hymenoptera","Braconidae","Microgastrinae","Glyptapanteles","Glyptapanteles Malaise8087","BOLD:AAN8087","Malaise trap PL12-3B",10.763,-85.334,"2014-12-04","1",654,"PLAAC"
"BIOUG44148-B05","PLAAC4361-18","GMP#06346","Arthropoda","Insecta","Hymenoptera","Braconidae","Microgastrinae","Apanteles","Apanteles oscarchavezi","BOLD:AAN7915","Malaise trap PL12-3B",10.763,-85.334,"2014-12-04","1",654,"PLAAC"
"BIOUG44148-D12","PLAAC4392-18","GMP#06346","Arthropoda","Insecta","Hymenoptera","Braconidae","Microgastrinae","Cotesia","Cotesia Whitfield94","BOLD:AAA7143","Malaise trap PL12-3B",10.763,-85.334,"2014-12-04","1",652,"PLAAC"
"BIOUG44148-F08","PLAAC4412-18","GMP#06346","Arthropoda","Insecta","Hymenoptera","Braconidae","Microgastrinae","Glyptapanteles","Glyptapanteles Malaise2009","BOLD:ADB2009","Malaise trap PL12-3B",10.763,-85.334,"2014-12-04","1",653,"PLAAC"
"BIOUG44148-G12","PLAAC4428-18","GMP#06346","Arthropoda","Insecta","Hymenoptera","Braconidae","Microgastrinae","Apanteles","Apanteles oscarchavezi","BOLD:AAN7915","Malaise trap PL12-3B",10.763,-85.334,"2014-12-04","1",654,"PLAAC"
"BIOUG44591-F10","PLAAD2511-18","GMP#06347","Arthropoda","Insecta","Hymenoptera","Braconidae","Microgastrinae","Glyptapanteles","Glyptapanteles pamitchellae","BOLD:AAA3934","Malaise trap PL12-3B",10.763,-85.334,"2014-12-11","1",654,"PLAAD"
"BIOUG44619-A05","PLAAD5106-18","GMP#06347","Arthropoda","Insecta","Hymenoptera","Braconidae","Microgastrinae","Dolichogenidea","Dolichogenidea Rodriguez144","BOLD:AAD2236","Malaise trap PL12-3B",10.763,-85.334,"2014-12-11","1",654,"PLAAD"
"BIOUG44619-B06","PLAAD5119-18","GMP#06347","Arthropoda","Insecta","Hymenoptera","Braconidae","Microgastrinae","Apanteles","Apanteles oscarchavezi","BOLD:AAN7915","Malaise trap PL12-3B",10.763,-85.334,"2014-12-11","1",654,"PLAAD"
"BIOUG44619-B10","PLAAD5123-18","GMP#06347","Arthropoda","Insecta","Hymenoptera","Braconidae","Microgastrinae","Apanteles","Apanteles oscarchavezi","BOLD:AAN7915","Malaise trap PL12-3B",10.763,-85.334,"2014-12-11","1",653,"PLAAD"
"BIOUG44619-C03","PLAAD5128-18","GMP#06347","Arthropoda","Insecta","Hymenoptera","Braconidae","Microgastrinae","Glyptapanteles","Glyptapanteles pamitchellae","BOLD:AAA3934","Malaise trap PL12-3B",10.763,-85.334,"2014-12-11","1",653,"PLAAD"
"BIOUG44619-D12","PLAAD5149-18","GMP#06347","Arthropoda","Insecta","Hymenoptera","Braconidae","Microgastrinae","Apanteles","Apanteles bernyapui","BOLD:AAB7636","Malaise trap PL12-3B",10.763,-85.334,"2014-12-11","1",653,"PLAAD"
"BIOUG44619-G03","PLAAD5176-18","GMP#06347","Arthropoda","Insecta","Hymenoptera","Braconidae","Microgastrinae","Diolcogaster","Diolcogaster Janzen7655","BOLD:ADW7655","Malaise trap PL12-3B",10.763,-85.334,"2014-12-11","1",657,"PLAAD"
"BIOUG44620-B01","PLAAD5209-18","GMP#06347","Arthropoda","Insecta","Hymenoptera","Braconidae","Microgastrinae","Apanteles","Apanteles oscarchavezi","BOLD:AAN7915","Malaise trap PL12-3B",10.763,-85.334,"2014-12-11","1",654,"PLAAD"
"BIOUG44620-C05","PLAAD5225-18","GMP#06347","Arthropoda","Insecta","Hymenoptera","Braconidae","Microgastrinae","Apanteles","Apanteles Malaise9656","BOLD:ADA9656","Malaise trap PL12-3B",10.763,-85.334,"2014-12-11","1",661,"PLAAD"
"BIOUG44129-B02","PLAAE4265-18","GMP#06348","Arthropoda","Insecta","Hymenoptera","Braconidae","Microgastrinae","Dolichogenidea","Dolichogenidea Rodriguez144","BOLD:AAD2236","Malaise trap PL12-3B",10.763,-85.334,"2014-12-18","1",654,"PLAAE"
"BIOUG44129-B05","PLAAE4268-18","GMP#06348","Arthropoda","Insecta","Hymenoptera","Braconidae","Microgastrinae","Glyptapanteles","Glyptapanteles Malaise2009","BOLD:ADB2009","Malaise trap PL12-3B",10.763,-85.334,"2014-12-18","1",653,"PLAAE"
"BIOUG44129-E03","PLAAE4302-18","GMP#06348","Arthropoda","Insecta","Hymenoptera","Braconidae","Microgastrinae","Apanteles","Apanteles oscarchavezi","BOLD:AAN7915","Malaise trap PL12-3B",10.763,-85.334,"2014-12-18","1",654,"PLAAE"
"BIOUG44129-F01","PLAAE4312-18","GMP#06348","Arthropoda","Insecta","Hymenoptera","Braconidae","Microgastrinae","Glyptapanteles","Glyptapanteles Whitfield90","BOLD:AAY1040","Malaise trap PL12-3B",10.763,-85.334,"2014-12-18","1",651,"PLAAE"
"BIOUG44131-G01","PLAAE4514-18","GMP#06348","Arthropoda","Insecta","Hymenoptera","Braconidae","Microgastrinae","Glyptapanteles","Glyptapanteles Whitfield123","BOLD:AAT8855","Malaise trap PL12-3B",10.763,-85.334,"2014-12-18","1",652,"PLAAE"
"BIOUG44131-G11","PLAAE4524-18","GMP#06348","Arthropoda","Insecta","Hymenoptera","Braconidae","Microgastrinae","Glyptapanteles","Glyptapanteles Malaise2009","BOLD:ADB2009","Malaise trap PL12-3B",10.763,-85.334,"2014-12-18","1",654,"PLAAE"
"BIOUG44134-A08","PLAAE4734-18","GMP#06348","Arthropoda","Insecta","Hymenoptera","Braconidae","Microgastrinae","Apanteles","Apanteles Janzen18","BOLD:AAM5749","Malaise trap PL12-3B",10.763,-85.334,"2014-12-18","1",653,"PLAAE"
"BIOUG44135-B07","PLAAE4840-18","GMP#06348","Arthropoda","Insecta","Hymenoptera","Braconidae","Microgastrinae","Glyptapanteles","Glyptapanteles ilarisaaksjarvi","BOLD:AAA4794","Malaise trap PL12-3B",10.763,-85.334,"2014-12-18","1",653,"PLAAE"
"BIOUG44135-D10","PLAAE4867-18","GMP#06348","Arthropoda","Insecta","Hymenoptera","Braconidae","Microgastrinae","Apanteles","Apanteles bernyapui","BOLD:AAB7636","Malaise trap PL12-3B",10.763,-85.334,"2014-12-18","1",497,"PLAAE"
"BIOUG44674-F02","PLAAF4307-18","GMP#06349","Arthropoda","Insecta","Hymenoptera","Braconidae","Microgastrinae","Apanteles","Apanteles oscarchavezi","BOLD:AAN7915","Malaise trap PL12-3B",10.763,-85.334,"2014-12-25","1",654,"PLAAF"
"BIOUG44674-F05","PLAAF4310-18","GMP#06349","Arthropoda","Insecta","Hymenoptera","Braconidae","Microgastrinae","Diolcogaster","Diolcogaster Janzen7655","BOLD:ADW7655","Malaise trap PL12-3B",10.763,-85.334,"2014-12-25","1",654,"PLAAF"
"BIOUG44674-H02","PLAAF4331-18","GMP#06349","Arthropoda","Insecta","Hymenoptera","Braconidae","Microgastrinae","Glyptapanteles","Glyptapanteles Malaise2009","BOLD:ADB2009","Malaise trap PL12-3B",10.763,-85.334,"2014-12-25","1",655,"PLAAF"
"BIOUG44675-B04","PLAAF4356-18","GMP#06349","Arthropoda","Insecta","Hymenoptera","Braconidae","Microgastrinae","Glyptapanteles","Glyptapanteles Malaise6541","BOLD:ABX6541","Malaise trap PL12-3B",10.763,-85.334,"2014-12-25","1",654,"PLAAF"
"BIOUG44675-C03","PLAAF4367-18","GMP#06349","Arthropoda","Insecta","Hymenoptera","Braconidae","Microgastrinae","Glyptapanteles","Glyptapanteles Malaise8087","BOLD:AAN8087","Malaise trap PL12-3B",10.763,-85.334,"2014-12-25","1",653,"PLAAF"
"BIOUG44675-D11","PLAAF4387-18","GMP#06349","Arthropoda","Insecta","Hymenoptera","Braconidae","Microgastrinae","Apanteles","Apanteles Malaise9656","BOLD:ADA9656","Malaise trap PL12-3B",10.763,-85.334,"2014-12-25","1",654,"PLAAF"
"BIOUG44675-F12","PLAAF4412-18","GMP#06349","Arthropoda","Insecta","Hymenoptera","Braconidae","Microgastrinae","Glyptapanteles","Glyptapanteles Malaise2009","BOLD:ADB2009","Malaise trap PL12-3B",10.763,-85.334,"2014-12-25","1",654,"PLAAF"
"BIOUG44676-E04","PLAAF4487-18","GMP#06349","Arthropoda","Insecta","Hymenoptera","Braconidae","Microgastrinae","Glyptapanteles","Glyptapanteles pamitchellae","BOLD:AAA3934","Malaise trap PL12-3B",10.763,-85.334,"2014-12-25","1",654,"PLAAF"
"BIOUG44676-F04","PLAAF4499-18","GMP#06349","Arthropoda","Insecta","Hymenoptera","Braconidae","Microgastrinae","Dolichogenidea","Dolichogenidea Janzen5847","BOLD:AAM5847","Malaise trap PL12-3B",10.763,-85.334,"2014-12-25","1",654,"PLAAF"
"BIOUG44676-F07","PLAAF4502-18","GMP#06349","Arthropoda","Insecta","Hymenoptera","Braconidae","Microgastrinae","Dolichogenidea","Dolichogenidea Rodriguez144","BOLD:AAD2236","Malaise trap PL12-3B",10.763,-85.334,"2014-12-25","1",654,"PLAAF"
"BIOUG44676-G05","PLAAF4512-18","GMP#06349","Arthropoda","Insecta","Hymenoptera","Braconidae","Microgastrinae","Glyptapanteles","Glyptapanteles pamitchellae","BOLD:AAA3934","Malaise trap PL12-3B",10.763,-85.334,"2014-12-25","1",655,"PLAAF"
"BIOUG44676-H02","PLAAF4521-18","GMP#06349","Arthropoda","Insecta","Hymenoptera","Braconidae","Microgastrinae","Microplitis","Microplitis marini","BOLD:AAC9585","Malaise trap PL12-3B",10.763,-85.334,"2014-12-25","1",654,"PLAAF"
"BIOUG44677-A04","PLAAF4534-18","GMP#06349","Arthropoda","Insecta","Hymenoptera","Braconidae","Microgastrinae","Glyptapanteles","Glyptapanteles pamitchellae","BOLD:AAA3934","Malaise trap PL12-3B",10.763,-85.334,"2014-12-25","1",654,"PLAAF"
"BIOUG44677-A08","PLAAF4538-18","GMP#06349","Arthropoda","Insecta","Hymenoptera","Braconidae","Microgastrinae","Apanteles","Apanteles oscarchavezi","BOLD:AAN7915","Malaise trap PL12-3B",10.763,-85.334,"2014-12-25","1",654,"PLAAF"
"BIOUG44677-D06","PLAAF4572-18","GMP#06349","Arthropoda","Insecta","Hymenoptera","Braconidae","Microgastrinae","Apanteles","Apanteles oscarchavezi","BOLD:AAN7915","Malaise trap PL12-3B",10.763,-85.334,"2014-12-25","1",654,"PLAAF"
"BIOUG44677-E05","PLAAF4583-18","GMP#06349","Arthropoda","Insecta","Hymenoptera","Braconidae","Microgastrinae","Apanteles","Apanteles Malaise9656","BOLD:ADA9656","Malaise trap PL12-3B",10.763,-85.334,"2014-12-25","1",654,"PLAAF"
"BIOUG44677-E09","PLAAF4587-18","GMP#06349","Arthropoda","Insecta","Hymenoptera","Braconidae","Microgastrinae","Apanteles","Apanteles oscarchavezi","BOLD:AAN7915","Malaise trap PL12-3B",10.763,-85.334,"2014-12-25","1",654,"PLAAF"
"BIOUG44677-G06","PLAAF4608-18","GMP#06349","Arthropoda","Insecta","Hymenoptera","Braconidae","Microgastrinae","Glyptapanteles","Glyptapanteles pamitchellae","BOLD:AAA3934","Malaise trap PL12-3B",10.763,-85.334,"2014-12-25","1",653,"PLAAF"
"BIOUG44678-A02","PLAAF4627-18","GMP#06349","Arthropoda","Insecta","Hymenoptera","Braconidae","Microgastrinae","Glyptapanteles","Glyptapanteles pamitchellae","BOLD:AAA3934","Malaise trap PL12-3B",10.763,-85.334,"2014-12-25","1",654,"PLAAF"
"BIOUG44678-D08","PLAAF4669-18","GMP#06349","Arthropoda","Insecta","Hymenoptera","Braconidae","Microgastrinae","Cotesia","Cotesia Whitfield84","BOLD:AAJ5709","Malaise trap PL12-3B",10.763,-85.334,"2014-12-25","1",653,"PLAAF"
"BIOUG44678-D09","PLAAF4670-18","GMP#06349","Arthropoda","Insecta","Hymenoptera","Braconidae","Microgastrinae","Hypomicrogaster","Hypomicrogaster samarshalli","BOLD:AAF7670","Malaise trap PL12-3B",10.763,-85.334,"2014-12-25","1",655,"PLAAF"
"BIOUG44678-D11","PLAAF4672-18","GMP#06349","Arthropoda","Insecta","Hymenoptera","Braconidae","Microgastrinae","Dolichogenidea","Dolichogenidea Janzen5847","BOLD:AAM5847","Malaise trap PL12-3B",10.763,-85.334,"2014-12-25","1",654,"PLAAF"
"BIOUG44678-F01","PLAAF4686-18","GMP#06349","Arthropoda","Insecta","Hymenoptera","Braconidae","Microgastrinae","Glyptapanteles","Glyptapanteles Malaise6541","BOLD:ABX6541","Malaise trap PL12-3B",10.763,-85.334,"2014-12-25","1",654,"PLAAF"
"BIOUG50789-A09","PLAAG656-19","GMP#07089","Arthropoda","Insecta","Hymenoptera","Braconidae","Microgastrinae","Apanteles","Apanteles Malaise2941","BOLD:ADB2941","Malaise trap PL12-5A",10.763,-85.334,"2014-11-13","1",655,"PLAAG"
"BIOUG44686-C06","PLAAH1284-18","GMP#06351","Arthropoda","Insecta","Hymenoptera","Braconidae","Microgastrinae","Apanteles","Apanteles Malaise2892","BOLD:ADB2892","Malaise trap PL12-3B",10.763,-85.334,"2015-01-08","1",654,"PLAAH"
"BIOUG44686-D02","PLAAH1292-18","GMP#06351","Arthropoda","Insecta","Hymenoptera","Braconidae","Microgastrinae","Glyptapanteles","Glyptapanteles Whitfield90","BOLD:AAY1040","Malaise trap PL12-3B",10.763,-85.334,"2015-01-08","1",653,"PLAAH"
"BIOUG44686-F05","PLAAH1319-18","GMP#06351","Arthropoda","Insecta","Hymenoptera","Braconidae","Microgastrinae","Cotesia","Cotesia Whitfield82","BOLD:AAI9077","Malaise trap PL12-3B",10.763,-85.334,"2015-01-08","1",654,"PLAAH"
"BIOUG44686-H03","PLAAH1341-18","GMP#06351","Arthropoda","Insecta","Hymenoptera","Braconidae","Microgastrinae","Apanteles","Apanteles bernyapui","BOLD:AAB7636","Malaise trap PL12-3B",10.763,-85.334,"2015-01-08","1",654,"PLAAH"
"BIOUG44689-E09","PLAAH1596-18","GMP#06351","Arthropoda","Insecta","Hymenoptera","Braconidae","Microgastrinae","Apanteles","Apanteles oscarchavezi","BOLD:AAN7915","Malaise trap PL12-3B",10.763,-85.334,"2015-01-08","1",654,"PLAAH"
"BIOUG44108-E01","PLAAI1008-18","GMP#06352","Arthropoda","Insecta","Hymenoptera","Braconidae","Microgastrinae","Glyptapanteles","Glyptapanteles Malaise2009","BOLD:ADB2009","Malaise trap PL12-3B",10.763,-85.334,"2015-01-15","1",653,"PLAAI"
"BIOUG44108-F05","PLAAI1024-18","GMP#06352","Arthropoda","Insecta","Hymenoptera","Braconidae","Microgastrinae","Glyptapanteles","Glyptapanteles pamitchellae","BOLD:AAA3934","Malaise trap PL12-3B",10.763,-85.334,"2015-01-15","1",654,"PLAAI"
"BIOUG44108-F07","PLAAI1026-18","GMP#06352","Arthropoda","Insecta","Hymenoptera","Braconidae","Microgastrinae","Apanteles","Apanteles oscarchavezi","BOLD:AAN7915","Malaise trap PL12-3B",10.763,-85.334,"2015-01-15","1",654,"PLAAI"
"BIOUG44108-F12","PLAAI1031-18","GMP#06352","Arthropoda","Insecta","Hymenoptera","Braconidae","Microgastrinae","Apanteles","Apanteles oscarchavezi","BOLD:AAN7915","Malaise trap PL12-3B",10.763,-85.334,"2015-01-15","1",653,"PLAAI"
"BIOUG44107-G11","PLAAI947-18","GMP#06352","Arthropoda","Insecta","Hymenoptera","Braconidae","Microgastrinae","Dolichogenidea","Dolichogenidea Janzen45","BOLD:AAX8653","Malaise trap PL12-3B",10.763,-85.334,"2015-01-15","1",655,"PLAAI"
"BIOUG44107-H02","PLAAI950-18","GMP#06352","Arthropoda","Insecta","Hymenoptera","Braconidae","Microgastrinae","Glyptapanteles","Glyptapanteles Whitfield90","BOLD:AAY1040","Malaise trap PL12-3B",10.763,-85.334,"2015-01-15","1",653,"PLAAI"
"BIOUG44107-H09","PLAAI957-18","GMP#06352","Arthropoda","Insecta","Hymenoptera","Braconidae","Microgastrinae","Apanteles","Apanteles oscarchavezi","BOLD:AAN7915","Malaise trap PL12-3B",10.763,-85.334,"2015-01-15","1",655,"PLAAI"
"BIOUG44108-A05","PLAAI964-18","GMP#06352","Arthropoda","Insecta","Hymenoptera","Braconidae","Microgastrinae","Apanteles","Apanteles oscarchavezi","BOLD:AAN7915","Malaise trap PL12-3B",10.763,-85.334,"2015-01-15","1",654,"PLAAI"
"BIOUG44638-A02","PLAAJ848-18","GMP#06353","Arthropoda","Insecta","Hymenoptera","Braconidae","Microgastrinae","Apanteles","Apanteles oscarchavezi","BOLD:AAN7915","Malaise trap PL12-3B",10.763,-85.334,"2015-01-22","1",653,"PLAAJ"
"BIOUG44638-B11","PLAAJ869-18","GMP#06353","Arthropoda","Insecta","Hymenoptera","Braconidae","Microgastrinae","Apanteles","Apanteles Janzen2906","BOLD:ABZ2906","Malaise trap PL12-3B",10.763,-85.334,"2015-01-22","1",654,"PLAAJ"
"BIOUG44638-C06","PLAAJ876-18","GMP#06353","Arthropoda","Insecta","Hymenoptera","Braconidae","Microgastrinae","Glyptapanteles","Glyptapanteles Whitfield90","BOLD:AAY1040","Malaise trap PL12-3B",10.763,-85.334,"2015-01-22","1",653,"PLAAJ"
"BIOUG44638-D02","PLAAJ884-18","GMP#06353","Arthropoda","Insecta","Hymenoptera","Braconidae","Microgastrinae","Apanteles","Apanteles oscarchavezi","BOLD:AAN7915","Malaise trap PL12-3B",10.763,-85.334,"2015-01-22","1",655,"PLAAJ"
"BIOUG44638-E06","PLAAJ900-18","GMP#06353","Arthropoda","Insecta","Hymenoptera","Braconidae","Microgastrinae","Dolichogenidea","Dolichogenidea Janzen5847","BOLD:AAM5847","Malaise trap PL12-3B",10.763,-85.334,"2015-01-22","1",654,"PLAAJ"
"BIOUG44638-E08","PLAAJ902-18","GMP#06353","Arthropoda","Insecta","Hymenoptera","Braconidae","Microgastrinae","Apanteles","Apanteles oscarchavezi","BOLD:AAN7915","Malaise trap PL12-3B",10.763,-85.334,"2015-01-22","1",654,"PLAAJ"
"BIOUG44638-E09","PLAAJ903-18","GMP#06353","Arthropoda","Insecta","Hymenoptera","Braconidae","Microgastrinae","Diolcogaster","Diolcogaster Choi5983","BOLD:AAM5983","Malaise trap PL12-3B",10.763,-85.334,"2015-01-22","1",653,"PLAAJ"
"BIOUG44638-F01","PLAAJ907-18","GMP#06353","Arthropoda","Insecta","Hymenoptera","Braconidae","Microgastrinae","Apanteles","Apanteles oscarchavezi","BOLD:AAN7915","Malaise trap PL12-3B",10.763,-85.334,"2015-01-22","1",654,"PLAAJ"
"BIOUG44638-H03","PLAAJ933-18","GMP#06353","Arthropoda","Insecta","Hymenoptera","Braconidae","Microgastrinae","Apanteles","Apanteles oscarchavezi","BOLD:AAN7915","Malaise trap PL12-3B",10.763,-85.334,"2015-01-22","1",654,"PLAAJ"
"BIOUG44117-E08","PLAAK771-18","GMP#06354","Arthropoda","Insecta","Hymenoptera","Braconidae","Microgastrinae","Glyptapanteles","Glyptapanteles Whitfield189","BOLD:AAI7285","Malaise trap PL12-3B",10.763,-85.334,"2015-01-29","1",653,"PLAAK"
"BIOUG44117-E12","PLAAK775-18","GMP#06354","Arthropoda","Insecta","Hymenoptera","Braconidae","Microgastrinae","Glyptapanteles","Glyptapanteles pamitchellae","BOLD:AAA3934","Malaise trap PL12-3B",10.763,-85.334,"2015-01-29","1",652,"PLAAK"
"BIOUG44117-F11","PLAAK786-18","GMP#06354","Arthropoda","Insecta","Hymenoptera","Braconidae","Microgastrinae","Glyptapanteles","Glyptapanteles pamitchellae","BOLD:AAA3934","Malaise trap PL12-3B",10.763,-85.334,"2015-01-29","1",650,"PLAAK"
"BIOUG44117-G01","PLAAK788-18","GMP#06354","Arthropoda","Insecta","Hymenoptera","Braconidae","Microgastrinae","Glyptapanteles","Glyptapanteles pamitchellae","BOLD:AAA3934","Malaise trap PL12-3B",10.763,-85.334,"2015-01-29","1",640,"PLAAK"
"BIOUG44117-G11","PLAAK798-18","GMP#06354","Arthropoda","Insecta","Hymenoptera","Braconidae","Microgastrinae","Apanteles","Apanteles oscarchavezi","BOLD:AAN7915","Malaise trap PL12-3B",10.763,-85.334,"2015-01-29","1",647,"PLAAK"
"BIOUG44117-H06","PLAAK805-18","GMP#06354","Arthropoda","Insecta","Hymenoptera","Braconidae","Microgastrinae","Apanteles","Apanteles oscarchavezi","BOLD:AAN7915","Malaise trap PL12-3B",10.763,-85.334,"2015-01-29","1",652,"PLAAK"
"BIOUG44118-A01","PLAAK811-18","GMP#06354","Arthropoda","Insecta","Hymenoptera","Braconidae","Microgastrinae","Apanteles","Apanteles oscarchavezi","BOLD:AAN7915","Malaise trap PL12-3B",10.763,-85.334,"2015-01-29","1",655,"PLAAK"
"BIOUG44118-A03","PLAAK813-18","GMP#06354","Arthropoda","Insecta","Hymenoptera","Braconidae","Microgastrinae","Glyptapanteles","Glyptapanteles Whitfield189","BOLD:AAI7285","Malaise trap PL12-3B",10.763,-85.334,"2015-01-29","1",651,"PLAAK"
"BIOUG44642-F01","PLAAL455-18","GMP#06355","Arthropoda","Insecta","Hymenoptera","Braconidae","Microgastrinae","Apanteles","Apanteles oscarchavezi","BOLD:AAN7915","Malaise trap PL12-3B",10.763,-85.334,"2015-02-05","1",654,"PLAAL"
"BIOUG44642-G09","PLAAL475-18","GMP#06355","Arthropoda","Insecta","Hymenoptera","Braconidae","Microgastrinae","Dolichogenidea","Dolichogenidea Malaise1263","BOLD:ACL1263","Malaise trap PL12-3B",10.763,-85.334,"2015-02-05","1",654,"PLAAL"
"BIOUG44643-B03","PLAAL504-18","GMP#06355","Arthropoda","Insecta","Hymenoptera","Braconidae","Microgastrinae","Glyptapanteles","Glyptapanteles Whitfield90","BOLD:AAY1040","Malaise trap PL12-3B",10.763,-85.334,"2015-02-05","1",653,"PLAAL"
"BIOUG44172-H05","PLAAM663-18","GMP#06356","Arthropoda","Insecta","Hymenoptera","Braconidae","Microgastrinae","Glyptapanteles","Glyptapanteles shelbystedenfeldae","BOLD:AAC1266","Malaise trap PL12-3B",10.763,-85.334,"2015-02-12","1",655,"PLAAM"
"BIOUG44173-B03","PLAAM684-18","GMP#06356","Arthropoda","Insecta","Hymenoptera","Braconidae","Microgastrinae","Apanteles","Apanteles oscarchavezi","BOLD:AAN7915","Malaise trap PL12-3B",10.763,-85.334,"2015-02-12","1",653,"PLAAM"
"BIOUG44692-B08","PLAAN229-18","GMP#06357","Arthropoda","Insecta","Hymenoptera","Braconidae","Microgastrinae","Apanteles","Apanteles lisabearssae","BOLD:AAC2117","Malaise trap PL12-3B",10.763,-85.334,"2015-02-19","1",654,"PLAAN"
"BIOUG44156-E08","PLAAO171-18","GMP#06358","Arthropoda","Insecta","Hymenoptera","Braconidae","Microgastrinae","Glyptapanteles","Glyptapanteles pamitchellae","BOLD:AAA3934","Malaise trap PL12-3B",10.763,-85.334,"2015-02-26","1",654,"PLAAO"
"BIOUG44697-A09","PLAAP243-18","GMP#06359","Arthropoda","Insecta","Hymenoptera","Braconidae","Microgastrinae","Apanteles","Apanteles lisabearssae","BOLD:AAC2117","Malaise trap PL12-3B",10.763,-85.334,"2015-03-05","1",653,"PLAAP"
"BIOUG44185-A12","PLAAS678-18","GMP#06362","Arthropoda","Insecta","Hymenoptera","Braconidae","Microgastrinae","Apanteles","Apanteles lisabearssae","BOLD:AAC2117","Malaise trap PL12-3B",10.763,-85.334,"2015-03-26","1",653,"PLAAS"
"BIOUG44185-C11","PLAAS701-18","GMP#06362","Arthropoda","Insecta","Hymenoptera","Braconidae","Microgastrinae","Rhygoplitis","Rhygoplitis Whitfield01","BOLD:AAC0735","Malaise trap PL12-3B",10.763,-85.334,"2015-03-26","1",654,"PLAAS"
"BIOUG44186-B12","PLAAS785-18","GMP#06362","Arthropoda","Insecta","Hymenoptera","Braconidae","Microgastrinae","Dolichogenidea","Dolichogenidea Janzen5847","BOLD:AAM5847","Malaise trap PL12-3B",10.763,-85.334,"2015-03-26","1",654,"PLAAS"
"BIOUG44706-H04","PLAAT495-18","GMP#06363","Arthropoda","Insecta","Hymenoptera","Braconidae","Microgastrinae","Dolichogenidea","Dolichogenidea Janzen5847","BOLD:AAM5847","Malaise trap PL12-3B",10.763,-85.334,"2015-04-02","1",654,"PLAAT"
"BIOUG44144-A06","PLAAU433-18","GMP#06364","Arthropoda","Insecta","Hymenoptera","Braconidae","Microgastrinae","Apanteles","Apanteles Malaise9656","BOLD:ADA9656","Malaise trap PL12-3B",10.763,-85.334,"2015-04-09","1",655,"PLAAU"
"BIOUG44164-E07","PLAAW642-18","GMP#06366","Arthropoda","Insecta","Hymenoptera","Braconidae","Microgastrinae","Dolichogenidea","Dolichogenidea Janzen4450","BOLD:ADW4450","Malaise trap PL12-3B",10.763,-85.334,"2015-04-23","1",655,"PLAAW"
"BIOUG44165-A03","PLAAW685-18","GMP#06366","Arthropoda","Insecta","Hymenoptera","Braconidae","Microgastrinae","Apanteles","Apanteles oscarchavezi","BOLD:AAN7915","Malaise trap PL12-3B",10.763,-85.334,"2015-04-23","1",654,"PLAAW"
"BIOUG44165-B06","PLAAW700-18","GMP#06366","Arthropoda","Insecta","Hymenoptera","Braconidae","Microgastrinae","Pseudapanteles","Pseudapanteles alvaroumanai","BOLD:AAE0922","Malaise trap PL12-3B",10.763,-85.334,"2015-04-23","1",654,"PLAAW"
"BIOUG44241-C05","PLAAW925-18","GMP#06366","Arthropoda","Insecta","Hymenoptera","Braconidae","Microgastrinae","Glyptapanteles","Glyptapanteles Malaise8087","BOLD:AAN8087","Malaise trap PL12-3B",10.763,-85.334,"2015-04-23","1",471,"PLAAW"
"BIOUG44761-C05","PLAAX1033-18","GMP#06367","Arthropoda","Insecta","Hymenoptera","Braconidae","Microgastrinae","Pseudapanteles","Pseudapanteles Malaise3040","BOLD:ADB3040","Malaise trap PL12-3B",10.763,-85.334,"2015-04-30","1",655,"PLAAX"
"BIOUG44761-G03","PLAAX1079-18","GMP#06367","Arthropoda","Insecta","Hymenoptera","Braconidae","Microgastrinae","Apanteles","Apanteles Malaise9656","BOLD:ADA9656","Malaise trap PL12-3B",10.763,-85.334,"2015-04-30","1",654,"PLAAX"
"BIOUG44762-B04","PLAAX1115-18","GMP#06367","Arthropoda","Insecta","Hymenoptera","Braconidae","Microgastrinae","Pseudapanteles","Pseudapanteles Malaise3040","BOLD:ADB3040","Malaise trap PL12-3B",10.763,-85.334,"2015-04-30","1",654,"PLAAX"
"BIOUG44762-C12","PLAAX1135-18","GMP#06367","Arthropoda","Insecta","Hymenoptera","Braconidae","Microgastrinae","Pseudapanteles","Pseudapanteles alvaroumanai","BOLD:AAE0922","Malaise trap PL12-3B",10.763,-85.334,"2015-04-30","1",654,"PLAAX"
"BIOUG44762-F11","PLAAX1170-18","GMP#06367","Arthropoda","Insecta","Hymenoptera","Braconidae","Microgastrinae","Pseudapanteles","Pseudapanteles Malaise3040","BOLD:ADB3040","Malaise trap PL12-3B",10.763,-85.334,"2015-04-30","1",654,"PLAAX"
"BIOUG44763-H06","PLAAX1284-18","GMP#06367","Arthropoda","Insecta","Hymenoptera","Braconidae","Microgastrinae","Rhygoplitis","Rhygoplitis Whitfield01","BOLD:AAC0735","Malaise trap PL12-3B",10.763,-85.334,"2015-04-30","1",653,"PLAAX"
"BIOUG44225-G09","PLAAY1778-18","GMP#06368","Arthropoda","Insecta","Hymenoptera","Braconidae","Microgastrinae","Pseudapanteles","Pseudapanteles alvaroumanai","BOLD:AAE0922","Malaise trap PL12-3B",10.763,-85.334,"2015-05-07","1",653,"PLAAY"
"BIOUG44225-H06","PLAAY1787-18","GMP#06368","Arthropoda","Insecta","Hymenoptera","Braconidae","Microgastrinae","Apanteles","Apanteles Malaise9656","BOLD:ADA9656","Malaise trap PL12-3B",10.763,-85.334,"2015-05-07","1",653,"PLAAY"
"BIOUG44226-H01","PLAAY1877-18","GMP#06368","Arthropoda","Insecta","Hymenoptera","Braconidae","Microgastrinae","Apanteles","Apanteles lisabearssae","BOLD:AAC2117","Malaise trap PL12-3B",10.763,-85.334,"2015-05-07","1",654,"PLAAY"
"BIOUG44227-A12","PLAAY1899-18","GMP#06368","Arthropoda","Insecta","Hymenoptera","Braconidae","Microgastrinae","Apanteles","Apanteles Malaise9656","BOLD:ADA9656","Malaise trap PL12-3B",10.763,-85.334,"2015-05-07","1",654,"PLAAY"
"BIOUG44227-B05","PLAAY1904-18","GMP#06368","Arthropoda","Insecta","Hymenoptera","Braconidae","Microgastrinae","Glyptapanteles","Glyptapanteles Whitfield189","BOLD:AAI7285","Malaise trap PL12-3B",10.763,-85.334,"2015-05-07","1",653,"PLAAY"
"BIOUG44227-E09","PLAAY1944-18","GMP#06368","Arthropoda","Insecta","Hymenoptera","Braconidae","Microgastrinae","Apanteles","Apanteles oscarchavezi","BOLD:AAN7915","Malaise trap PL12-3B",10.763,-85.334,"2015-05-07","1",652,"PLAAY"
"BIOUG44227-G11","PLAAY1970-18","GMP#06368","Arthropoda","Insecta","Hymenoptera","Braconidae","Microgastrinae","Pseudapanteles","Pseudapanteles alvaroumanai","BOLD:AAE0922","Malaise trap PL12-3B",10.763,-85.334,"2015-05-07","1",647,"PLAAY"
"BIOUG44228-B07","PLAAY2001-18","GMP#06368","Arthropoda","Insecta","Hymenoptera","Braconidae","Microgastrinae","Glyptapanteles","Glyptapanteles Whitfield189","BOLD:AAI7285","Malaise trap PL12-3B",10.763,-85.334,"2015-05-07","1",652,"PLAAY"
"BIOUG44228-F03","PLAAY2045-18","GMP#06368","Arthropoda","Insecta","Hymenoptera","Braconidae","Microgastrinae","Apanteles","Apanteles oscarchavezi","BOLD:AAN7915","Malaise trap PL12-3B",10.763,-85.334,"2015-05-07","1",654,"PLAAY"
"BIOUG44229-C05","PLAAY2106-18","GMP#06368","Arthropoda","Insecta","Hymenoptera","Braconidae","Microgastrinae","Pseudapanteles","Pseudapanteles alvaroumanai","BOLD:AAE0922","Malaise trap PL12-3B",10.763,-85.334,"2015-05-07","1",654,"PLAAY"
"BIOUG44229-E03","PLAAY2128-18","GMP#06368","Arthropoda","Insecta","Hymenoptera","Braconidae","Microgastrinae","Pseudapanteles","Pseudapanteles raulsolorzanoi","BOLD:AAA6667","Malaise trap PL12-3B",10.763,-85.334,"2015-05-07","1",655,"PLAAY"
"BIOUG44229-F01","PLAAY2138-18","GMP#06368","Arthropoda","Insecta","Hymenoptera","Braconidae","Microgastrinae","Apanteles","Apanteles Malaise2941","BOLD:ADB2941","Malaise trap PL12-3B",10.763,-85.334,"2015-05-07","1",653,"PLAAY"
"BIOUG44229-F09","PLAAY2146-18","GMP#06368","Arthropoda","Insecta","Hymenoptera","Braconidae","Microgastrinae","Pseudapanteles","Pseudapanteles raulsolorzanoi","BOLD:AAA6667","Malaise trap PL12-3B",10.763,-85.334,"2015-05-07","1",653,"PLAAY"
"BIOUG44229-H01","PLAAY2162-18","GMP#06368","Arthropoda","Insecta","Hymenoptera","Braconidae","Microgastrinae","Apanteles","Apanteles oscarchavezi","BOLD:AAN7915","Malaise trap PL12-3B",10.763,-85.334,"2015-05-07","1",655,"PLAAY"
"BIOUG44230-A05","PLAAY2177-18","GMP#06368","Arthropoda","Insecta","Hymenoptera","Braconidae","Microgastrinae","Apanteles","Apanteles oscarchavezi","BOLD:AAN7915","Malaise trap PL12-3B",10.763,-85.334,"2015-05-07","1",654,"PLAAY"
"BIOUG44230-B05","PLAAY2189-18","GMP#06368","Arthropoda","Insecta","Hymenoptera","Braconidae","Microgastrinae","Apanteles","Apanteles Malaise7955","BOLD:ADB7955","Malaise trap PL12-3B",10.763,-85.334,"2015-05-07","1",655,"PLAAY"
"BIOUG44230-D05","PLAAY2213-18","GMP#06368","Arthropoda","Insecta","Hymenoptera","Braconidae","Microgastrinae","Glyptapanteles","Glyptapanteles pamitchellae","BOLD:AAA3934","Malaise trap PL12-3B",10.763,-85.334,"2015-05-07","1",654,"PLAAY"
"BIOUG44720-D02","PLAAZ1021-18","GMP#06369","Arthropoda","Insecta","Hymenoptera","Braconidae","Microgastrinae","Glyptapanteles","Glyptapanteles pamitchellae","BOLD:AAA3934","Malaise trap PL12-3B",10.763,-85.334,"2015-05-14","1",655,"PLAAZ"
"BIOUG44720-F06","PLAAZ1049-18","GMP#06369","Arthropoda","Insecta","Hymenoptera","Braconidae","Microgastrinae","Pseudapanteles","Pseudapanteles alvaroumanai","BOLD:AAE0922","Malaise trap PL12-3B",10.763,-85.334,"2015-05-14","1",654,"PLAAZ"
"BIOUG44721-A03","PLAAZ1081-18","GMP#06369","Arthropoda","Insecta","Hymenoptera","Braconidae","Microgastrinae","Pseudapanteles","Pseudapanteles alvaroumanai","BOLD:AAE0922","Malaise trap PL12-3B",10.763,-85.334,"2015-05-14","1",655,"PLAAZ"
"BIOUG44721-C04","PLAAZ1106-18","GMP#06369","Arthropoda","Insecta","Hymenoptera","Braconidae","Microgastrinae","Pseudapanteles","Pseudapanteles Malaise3040","BOLD:ADB3040","Malaise trap PL12-3B",10.763,-85.334,"2015-05-14","1",658,"PLAAZ"
"BIOUG44721-C11","PLAAZ1113-18","GMP#06369","Arthropoda","Insecta","Hymenoptera","Braconidae","Microgastrinae","Apanteles","Apanteles oscarchavezi","BOLD:AAN7915","Malaise trap PL12-3B",10.763,-85.334,"2015-05-14","1",653,"PLAAZ"
"BIOUG44721-E02","PLAAZ1128-18","GMP#06369","Arthropoda","Insecta","Hymenoptera","Braconidae","Microgastrinae","Glyptapanteles","Glyptapanteles pamitchellae","BOLD:AAA3934","Malaise trap PL12-3B",10.763,-85.334,"2015-05-14","1",654,"PLAAZ"
"BIOUG44721-E04","PLAAZ1130-18","GMP#06369","Arthropoda","Insecta","Hymenoptera","Braconidae","Microgastrinae","Apanteles","Apanteles Malaise7955","BOLD:ADB7955","Malaise trap PL12-3B",10.763,-85.334,"2015-05-14","1",642,"PLAAZ"
"BIOUG44722-B01","PLAAZ1186-18","GMP#06369","Arthropoda","Insecta","Hymenoptera","Braconidae","Microgastrinae","Pseudapanteles","Pseudapanteles alvaroumanai","BOLD:AAE0922","Malaise trap PL12-3B",10.763,-85.334,"2015-05-14","1",655,"PLAAZ"
"BIOUG44722-D10","PLAAZ1219-18","GMP#06369","Arthropoda","Insecta","Hymenoptera","Braconidae","Microgastrinae","Pseudapanteles","Pseudapanteles Malaise3040","BOLD:ADB3040","Malaise trap PL12-3B",10.763,-85.334,"2015-05-14","1",654,"PLAAZ"
"BIOUG44722-D12","PLAAZ1221-18","GMP#06369","Arthropoda","Insecta","Hymenoptera","Braconidae","Microgastrinae","Pseudapanteles","Pseudapanteles alvaroumanai","BOLD:AAE0922","Malaise trap PL12-3B",10.763,-85.334,"2015-05-14","1",654,"PLAAZ"
"BIOUG44723-G06","PLAAZ1346-18","GMP#06369","Arthropoda","Insecta","Hymenoptera","Braconidae","Microgastrinae","Dolichogenidea","Dolichogenidea Malaise9679","BOLD:ADA9679","Malaise trap PL12-3B",10.763,-85.334,"2015-05-14","1",655,"PLAAZ"
"BIOUG44719-A01","PLAAZ889-18","GMP#06369","Arthropoda","Insecta","Hymenoptera","Braconidae","Microgastrinae","Dolichogenidea","Dolichogenidea malaise0710","BOLD:ADB0710","Malaise trap PL12-3B",10.763,-85.334,"2015-05-14","1",653,"PLAAZ"
"BIOUG44720-A10","PLAAZ993-18","GMP#06369","Arthropoda","Insecta","Hymenoptera","Braconidae","Microgastrinae","Pseudapanteles","Pseudapanteles alvaroumanai","BOLD:AAE0922","Malaise trap PL12-3B",10.763,-85.334,"2015-05-14","1",660,"PLAAZ"
"BIOUG44207-F08","PLABA1589-18","GMP#06370","Arthropoda","Insecta","Hymenoptera","Braconidae","Microgastrinae","Apanteles","Apanteles oscarchavezi","BOLD:AAN7915","Malaise trap PL12-3B",10.763,-85.334,"2015-05-21","1",653,"PLABA"
"BIOUG44208-C02","PLABA1642-18","GMP#06370","Arthropoda","Insecta","Hymenoptera","Braconidae","Microgastrinae","Pseudapanteles","Pseudapanteles Malaise3040","BOLD:ADB3040","Malaise trap PL12-3B",10.763,-85.334,"2015-05-21","1",655,"PLABA"
"BIOUG44208-C07","PLABA1647-18","GMP#06370","Arthropoda","Insecta","Hymenoptera","Braconidae","Microgastrinae","Clarkinella","Clarkinella Fernandez126","BOLD:ADB3088","Malaise trap PL12-3B",10.763,-85.334,"2015-05-21","1",654,"PLABA"
"BIOUG44208-D04","PLABA1656-18","GMP#06370","Arthropoda","Insecta","Hymenoptera","Braconidae","Microgastrinae","Pseudapanteles","Pseudapanteles alvaroumanai","BOLD:AAE0922","Malaise trap PL12-3B",10.763,-85.334,"2015-05-21","1",654,"PLABA"
"BIOUG44209-E11","PLABA1770-18","GMP#06370","Arthropoda","Insecta","Hymenoptera","Braconidae","Microgastrinae","Pseudapanteles","Pseudapanteles Malaise3040","BOLD:ADB3040","Malaise trap PL12-3B",10.763,-85.334,"2015-05-21","1",651,"PLABA"
"BIOUG49359-E05","PLABB1406-19","GMP#06371","Arthropoda","Insecta","Hymenoptera","Braconidae","Microgastrinae","Glyptapanteles","Glyptapanteles pamitchellae","BOLD:AAA3934","Malaise trap PL12-3B",10.763,-85.334,"2015-05-28","1",655,"PLABB"
"BIOUG49359-F09","PLABB1422-19","GMP#06371","Arthropoda","Insecta","Hymenoptera","Braconidae","Microgastrinae","Pseudapanteles","Pseudapanteles alvaroumanai","BOLD:AAE0922","Malaise trap PL12-3B",10.763,-85.334,"2015-05-28","1",655,"PLABB"
"BIOUG49359-G09","PLABB1434-19","GMP#06371","Arthropoda","Insecta","Hymenoptera","Braconidae","Microgastrinae","Pseudapanteles","Pseudapanteles alvaroumanai","BOLD:AAE0922","Malaise trap PL12-3B",10.763,-85.334,"2015-05-28","1",640,"PLABB"
"BIOUG49360-C03","PLABB1475-19","GMP#06371","Arthropoda","Insecta","Hymenoptera","Braconidae","Microgastrinae","Pseudapanteles","Pseudapanteles alvaroumanai","BOLD:AAE0922","Malaise trap PL12-3B",10.763,-85.334,"2015-05-28","1",654,"PLABB"
"BIOUG49348-C09","PLABB341-19","GMP#06371","Arthropoda","Insecta","Hymenoptera","Braconidae","Microgastrinae","Apanteles","Apanteles oscarchavezi","BOLD:AAN7915","Malaise trap PL12-3B",10.763,-85.334,"2015-05-28","1",652,"PLABB"
"BIOUG49353-A10","PLABB793-19","GMP#06371","Arthropoda","Insecta","Hymenoptera","Braconidae","Microgastrinae","Apanteles","Apanteles oscarchavezi","BOLD:AAN7915","Malaise trap PL12-3B",10.763,-85.334,"2015-05-28","1",657,"PLABB"
"BIOUG49355-B09","PLABB994-19","GMP#06371","Arthropoda","Insecta","Hymenoptera","Braconidae","Microgastrinae","Pseudapanteles","Pseudapanteles raulsolorzanoi","BOLD:AAA6667","Malaise trap PL12-3B",10.763,-85.334,"2015-05-28","1",654,"PLABB"
"BIOUG44312-B05","PLABC1901-18","GMP#06372","Arthropoda","Insecta","Hymenoptera","Braconidae","Microgastrinae","Glyptapanteles","Glyptapanteles pamitchellae","BOLD:AAA3934","Malaise trap PL12-3B",10.763,-85.334,"2015-06-04","1",655,"PLABC"
"BIOUG44329-A05","PLABC3504-18","GMP#06372","Arthropoda","Insecta","Hymenoptera","Braconidae","Microgastrinae","Apanteles","Apanteles Malaise7955","BOLD:ADB7955","Malaise trap PL12-3B",10.763,-85.334,"2015-06-04","1",653,"PLABC"
"BIOUG44329-A06","PLABC3505-18","GMP#06372","Arthropoda","Insecta","Hymenoptera","Braconidae","Microgastrinae","Apanteles","Apanteles Malaise2941","BOLD:ADB2941","Malaise trap PL12-3B",10.763,-85.334,"2015-06-04","1",654,"PLABC"
"BIOUG44329-F11","PLABC3570-18","GMP#06372","Arthropoda","Insecta","Hymenoptera","Braconidae","Microgastrinae","Pseudapanteles","Pseudapanteles alvaroumanai","BOLD:AAE0922","Malaise trap PL12-3B",10.763,-85.334,"2015-06-04","1",653,"PLABC"
"BIOUG49403-B12","PLABD1749-19","GMP#06373","Arthropoda","Insecta","Hymenoptera","Braconidae","Microgastrinae","Pseudapanteles","Pseudapanteles alvaroumanai","BOLD:AAE0922","Malaise trap PL12-3B",10.763,-85.334,"2015-06-11","1",654,"PLABD"
"BIOUG49403-G05","PLABD1802-19","GMP#06373","Arthropoda","Insecta","Hymenoptera","Braconidae","Microgastrinae","Apanteles","Apanteles Malaise2941","BOLD:ADB2941","Malaise trap PL12-3B",10.763,-85.334,"2015-06-11","1",654,"PLABD"
"BIOUG49407-H08","PLABD2197-19","GMP#06373","Arthropoda","Insecta","Hymenoptera","Braconidae","Microgastrinae","Pseudapanteles","Pseudapanteles alvaroumanai","BOLD:AAE0922","Malaise trap PL12-3B",10.763,-85.334,"2015-06-11","1",654,"PLABD"
"BIOUG49390-F12","PLABD562-19","GMP#06373","Arthropoda","Insecta","Hymenoptera","Braconidae","Microgastrinae","Pseudapanteles","Pseudapanteles raulsolorzanoi","BOLD:AAA6667","Malaise trap PL12-3B",10.763,-85.334,"2015-06-11","1",653,"PLABD"
"BIOUG49815-A08","PLABD6137-19","GMP#06373","Arthropoda","Insecta","Hymenoptera","Braconidae","Microgastrinae","Pseudapanteles","Pseudapanteles Malaise3040","BOLD:ADB3040","Malaise trap PL12-3B",10.763,-85.334,"2015-06-11","1",653,"PLABD"
"BIOUG49391-E06","PLABD639-19","GMP#06373","Arthropoda","Insecta","Hymenoptera","Braconidae","Microgastrinae","Glyptapanteles","Glyptapanteles pamitchellae","BOLD:AAA3934","Malaise trap PL12-3B",10.763,-85.334,"2015-06-11","1",652,"PLABD"
"BIOUG49392-E08","PLABD736-19","GMP#06373","Arthropoda","Insecta","Hymenoptera","Braconidae","Microgastrinae","Pseudapanteles","Pseudapanteles alvaroumanai","BOLD:AAE0922","Malaise trap PL12-3B",10.763,-85.334,"2015-06-11","1",655,"PLABD"
"BIOUG49392-H04","PLABD768-19","GMP#06373","Arthropoda","Insecta","Hymenoptera","Braconidae","Microgastrinae","Pseudapanteles","Pseudapanteles raulsolorzanoi","BOLD:AAA6667","Malaise trap PL12-3B",10.763,-85.334,"2015-06-11","1",653,"PLABD"
"BIOUG44291-D02","PLABE1478-18","GMP#06374","Arthropoda","Insecta","Hymenoptera","Braconidae","Microgastrinae","Pseudapanteles","Pseudapanteles Malaise3040","BOLD:ADB3040","Malaise trap PL12-3B",10.763,-85.334,"2015-06-18","1",654,"PLABE"
"BIOUG44291-D11","PLABE1487-18","GMP#06374","Arthropoda","Insecta","Hymenoptera","Braconidae","Microgastrinae","Apanteles","Apanteles eduardoramirezi","BOLD:AAA4554","Malaise trap PL12-3B",10.763,-85.334,"2015-06-18","1",654,"PLABE"
"BIOUG44303-D12","PLABE2628-18","GMP#06374","Arthropoda","Insecta","Hymenoptera","Braconidae","Microgastrinae","Pseudapanteles","Pseudapanteles alvaroumanai","BOLD:AAE0922","Malaise trap PL12-3B",10.763,-85.334,"2015-06-18","1",654,"PLABE"
"BIOUG44303-G04","PLABE2656-18","GMP#06374","Arthropoda","Insecta","Hymenoptera","Braconidae","Microgastrinae","Glyptapanteles","Glyptapanteles Janzen4192","BOLD:AFU5153","Malaise trap PL12-3B",10.763,-85.334,"2015-06-18","1",654,"PLABE"
"BIOUG44303-H03","PLABE2667-18","GMP#06374","Arthropoda","Insecta","Hymenoptera","Braconidae","Microgastrinae","Apanteles","Apanteles Janzen0422","BOLD:AAW0422","Malaise trap PL12-3B",10.763,-85.334,"2015-06-18","1",654,"PLABE"
"BIOUG44306-E08","PLABE2921-18","GMP#06374","Arthropoda","Insecta","Hymenoptera","Braconidae","Microgastrinae","Pseudapanteles","Pseudapanteles raulsolorzanoi","BOLD:AAA6667","Malaise trap PL12-3B",10.763,-85.334,"2015-06-18","1",654,"PLABE"
"BIOUG44306-H02","PLABE2951-18","GMP#06374","Arthropoda","Insecta","Hymenoptera","Braconidae","Microgastrinae","Pseudapanteles","Pseudapanteles alvaroumanai","BOLD:AAE0922","Malaise trap PL12-3B",10.763,-85.334,"2015-06-18","1",654,"PLABE"
"BIOUG44382-E12","PLABE3158-18","GMP#06374","Arthropoda","Insecta","Hymenoptera","Braconidae","Microgastrinae","Pseudapanteles","Pseudapanteles alvaroumanai","BOLD:AAE0922","Malaise trap PL12-3B",10.763,-85.334,"2015-06-18","1",653,"PLABE"
"BIOUG44383-A05","PLABE3198-18","GMP#06374","Arthropoda","Insecta","Hymenoptera","Braconidae","Microgastrinae","Apanteles","Apanteles Malaise7955","BOLD:ADB7955","Malaise trap PL12-3B",10.763,-85.334,"2015-06-18","1",651,"PLABE"
"BIOUG44383-E07","PLABE3248-18","GMP#06374","Arthropoda","Insecta","Hymenoptera","Braconidae","Microgastrinae","Glyptapanteles","Glyptapanteles Whitfield115","BOLD:AEY7511","Malaise trap PL12-3B",10.763,-85.334,"2015-06-18","1",654,"PLABE"
"BIOUG44385-A05","PLABE3388-18","GMP#06374","Arthropoda","Insecta","Hymenoptera","Braconidae","Microgastrinae","Pseudapanteles","Pseudapanteles alvaroumanai","BOLD:AAE0922","Malaise trap PL12-3B",10.763,-85.334,"2015-06-18","1",655,"PLABE"
"BIOUG44385-H11","PLABE3478-18","GMP#06374","Arthropoda","Insecta","Hymenoptera","Braconidae","Microgastrinae","Pseudapanteles","Pseudapanteles alvaroumanai","BOLD:AAE0922","Malaise trap PL12-3B",10.763,-85.334,"2015-06-18","1",654,"PLABE"
"BIOUG44386-A01","PLABE3479-18","GMP#06374","Arthropoda","Insecta","Hymenoptera","Braconidae","Microgastrinae","Pseudapanteles","Pseudapanteles alvaroumanai","BOLD:AAE0922","Malaise trap PL12-3B",10.763,-85.334,"2015-06-18","1",655,"PLABE"
"BIOUG49774-C06","PLABF5424-19","GMP#06375","Arthropoda","Insecta","Hymenoptera","Braconidae","Microgastrinae","Pseudapanteles","Pseudapanteles alvaroumanai","BOLD:AAE0922","Malaise trap PL12-3B",10.763,-85.334,"2015-06-25","1",653,"PLABF"
"BIOUG49774-G11","PLABF5477-19","GMP#06375","Arthropoda","Insecta","Hymenoptera","Braconidae","Microgastrinae","Pseudapanteles","Pseudapanteles Malaise3040","BOLD:ADB3040","Malaise trap PL12-3B",10.763,-85.334,"2015-06-25","1",654,"PLABF"
"BIOUG49775-B07","PLABF5508-19","GMP#06375","Arthropoda","Insecta","Hymenoptera","Braconidae","Microgastrinae","Pseudapanteles","Pseudapanteles Malaise3040","BOLD:ADB3040","Malaise trap PL12-3B",10.763,-85.334,"2015-06-25","1",652,"PLABF"
"BIOUG49776-F01","PLABF5645-19","GMP#06375","Arthropoda","Insecta","Hymenoptera","Braconidae","Microgastrinae","Pseudapanteles","Pseudapanteles Malaise3040","BOLD:ADB3040","Malaise trap PL12-3B",10.763,-85.334,"2015-06-25","1",659,"PLABF"
"BIOUG49777-D09","PLABF5724-19","GMP#06375","Arthropoda","Insecta","Hymenoptera","Braconidae","Microgastrinae","Glyptapanteles","Glyptapanteles pamitchellae","BOLD:AAA3934","Malaise trap PL12-3B",10.763,-85.334,"2015-06-25","1",654,"PLABF"
"BIOUG49781-D08","PLABF6103-19","GMP#06375","Arthropoda","Insecta","Hymenoptera","Braconidae","Microgastrinae","Pseudapanteles","Pseudapanteles alvaroumanai","BOLD:AAE0922","Malaise trap PL12-3B",10.763,-85.334,"2015-06-25","1",655,"PLABF"
"BIOUG49781-E10","PLABF6117-19","GMP#06375","Arthropoda","Insecta","Hymenoptera","Braconidae","Microgastrinae","Pseudapanteles","Pseudapanteles Malaise3040","BOLD:ADB3040","Malaise trap PL12-3B",10.763,-85.334,"2015-06-25","1",654,"PLABF"
"BIOUG49861-C01","PLABF6179-19","GMP#06375","Arthropoda","Insecta","Hymenoptera","Braconidae","Microgastrinae","Pseudapanteles","Pseudapanteles alvaroumanai","BOLD:AAE0922","Malaise trap PL12-3B",10.763,-85.334,"2015-06-25","1",654,"PLABF"
"BIOUG44360-G11","PLABG3043-18","GMP#06376","Arthropoda","Insecta","Hymenoptera","Braconidae","Microgastrinae","Pseudapanteles","Pseudapanteles alvaroumanai","BOLD:AAE0922","Malaise trap PL12-3B",10.763,-85.334,"2015-07-02","1",654,"PLABG"
"BIOUG44362-B04","PLABG3166-18","GMP#06376","Arthropoda","Insecta","Hymenoptera","Braconidae","Microgastrinae","Pseudapanteles","Pseudapanteles alvaroumanai","BOLD:AAE0922","Malaise trap PL12-3B",10.763,-85.334,"2015-07-02","1",653,"PLABG"
"BIOUG44363-E02","PLABG3295-18","GMP#06376","Arthropoda","Insecta","Hymenoptera","Braconidae","Microgastrinae","Glyptapanteles","Glyptapanteles Whitfield75","BOLD:AAE7080","Malaise trap PL12-3B",10.763,-85.334,"2015-07-02","1",653,"PLABG"
"BIOUG44363-G08","PLABG3325-18","GMP#06376","Arthropoda","Insecta","Hymenoptera","Braconidae","Microgastrinae","Glyptapanteles","Glyptapanteles Whitfield75","BOLD:AAE7080","Malaise trap PL12-3B",10.763,-85.334,"2015-07-02","1",653,"PLABG"
"BIOUG44363-H05","PLABG3334-18","GMP#06376","Arthropoda","Insecta","Hymenoptera","Braconidae","Microgastrinae","Pseudapanteles","Pseudapanteles alvaroumanai","BOLD:AAE0922","Malaise trap PL12-3B",10.763,-85.334,"2015-07-02","1",653,"PLABG"
"BIOUG44364-E05","PLABG3393-18","GMP#06376","Arthropoda","Insecta","Hymenoptera","Braconidae","Microgastrinae","Cotesia","Cotesia Whitfield30","BOLD:AAA7143","Malaise trap PL12-3B",10.763,-85.334,"2015-07-02","1",655,"PLABG"
"BIOUG44365-A11","PLABG3446-18","GMP#06376","Arthropoda","Insecta","Hymenoptera","Braconidae","Microgastrinae","Pseudapanteles","Pseudapanteles alvaroumanai","BOLD:AAE0922","Malaise trap PL12-3B",10.763,-85.334,"2015-07-02","1",656,"PLABG"
"BIOUG49650-E09","PLABH674-19","GMP#06377","Arthropoda","Insecta","Hymenoptera","Braconidae","Microgastrinae","Apanteles","Apanteles freddyquesadaiDHJ02","BOLD:AAC5219","Malaise trap PL12-3B",10.763,-85.334,"2015-07-09","1",641,"PLABH"
"BIOUG49651-C08","PLABH744-19","GMP#06377","Arthropoda","Insecta","Hymenoptera","Braconidae","Microgastrinae","Glyptapanteles","Glyptapanteles Whitfield75","BOLD:AAE7080","Malaise trap PL12-3B",10.763,-85.334,"2015-07-09","1",654,"PLABH"
"BIOUG49947-B05","PLABI2513-19","GMP#06378","Arthropoda","Insecta","Hymenoptera","Braconidae","Microgastrinae","Glyptapanteles","Glyptapanteles donquickei","BOLD:AAF8353","Malaise trap PL12-3B",10.763,-85.334,"2015-07-16","1",655,"PLABI"
"BIOUG50047-A07","PLABJ1590-19","GMP#06379","Arthropoda","Insecta","Hymenoptera","Braconidae","Microgastrinae","Hypomicrogaster","Hypomicrogaster Whitfield251","BOLD:ACM8436","Malaise trap PL12-3B",10.763,-85.334,"2015-07-23","1",654,"PLABJ"
"BIOUG50047-D07","PLABJ1626-19","GMP#06379","Arthropoda","Insecta","Hymenoptera","Braconidae","Microgastrinae","Pseudapanteles","Pseudapanteles Malaise3040","BOLD:ADB3040","Malaise trap PL12-3B",10.763,-85.334,"2015-07-23","1",656,"PLABJ"
"BIOUG50058-F11","PLABJ2699-19","GMP#06379","Arthropoda","Insecta","Hymenoptera","Braconidae","Microgastrinae","Glyptapanteles","Glyptapanteles bobkulai","BOLD:ACE8721","Malaise trap PL12-3B",10.763,-85.334,"2015-07-23","1",651,"PLABJ"
"BIOUG50058-H10","PLABJ2722-19","GMP#06379","Arthropoda","Insecta","Hymenoptera","Braconidae","Microgastrinae","Glyptapanteles","Glyptapanteles sondrawardae","BOLD:AAA3077","Malaise trap PL12-3B",10.763,-85.334,"2015-07-23","1",653,"PLABJ"
"BIOUG50091-G03","PLABK1951-19","GMP#06380","Arthropoda","Insecta","Hymenoptera","Braconidae","Microgastrinae","Dolichogenidea","Dolichogenidea Malaise7875","BOLD:AEA7875","Malaise trap PL12-3B",10.763,-85.334,"2015-07-30","1",653,"PLABK"
"BIOUG50092-E05","PLABK2024-19","GMP#06380","Arthropoda","Insecta","Hymenoptera","Braconidae","Microgastrinae","Pseudapanteles","Pseudapanteles Malaise3040","BOLD:ADB3040","Malaise trap PL12-3B",10.763,-85.334,"2015-07-30","1",654,"PLABK"
"BIOUG49828-A09","PLABL1249-19","GMP#06381","Arthropoda","Insecta","Hymenoptera","Braconidae","Microgastrinae","Apanteles","Apanteles Malaise9656","BOLD:ADA9656","Malaise trap PL12-3B",10.763,-85.334,"2015-08-06","1",653,"PLABL"
"BIOUG49831-C08","PLABL1557-19","GMP#06381","Arthropoda","Insecta","Hymenoptera","Braconidae","Microgastrinae","Hypomicrogaster","Hypomicrogaster amazo4DHJ01","BOLD:ABY6627","Malaise trap PL12-3B",10.763,-85.334,"2015-08-06","1",654,"PLABL"
"BIOUG49831-H04","PLABL1613-19","GMP#06381","Arthropoda","Insecta","Hymenoptera","Braconidae","Microgastrinae","Dolichogenidea","Dolichogenidea Malaise3343","BOLD:ADB3343","Malaise trap PL12-3B",10.763,-85.334,"2015-08-06","1",655,"PLABL"
"BIOUG49968-C08","PLABM880-19","GMP#06382","Arthropoda","Insecta","Hymenoptera","Braconidae","Microgastrinae","Glyptapanteles","Glyptapanteles Malaise5829","BOLD:AEA5829","Malaise trap PL12-3B",10.763,-85.334,"2015-08-13","1",652,"PLABM"
"BIOUG49968-C10","PLABM882-19","GMP#06382","Arthropoda","Insecta","Hymenoptera","Braconidae","Microgastrinae","Glyptapanteles","Glyptapanteles Whitfield123","BOLD:AAT8855","Malaise trap PL12-3B",10.763,-85.334,"2015-08-13","1",654,"PLABM"
"BIOUG50102-G11","PLABN472-19","GMP#06383","Arthropoda","Insecta","Hymenoptera","Braconidae","Microgastrinae","Rhygoplitis","Rhygoplitis Whitfield01","BOLD:AAC0735","Malaise trap PL12-3B",10.763,-85.334,"2015-08-20","1",655,"PLABN"
"BIOUG50306-B07","PLABO582-19","GMP#06384","Arthropoda","Insecta","Hymenoptera","Braconidae","Microgastrinae","Glyptapanteles","Glyptapanteles Malaise5829","BOLD:AEA5829","Malaise trap PL12-3B",10.763,-85.334,"2015-08-27","1",655,"PLABO"
"BIOUG50232-H06","PLABP392-19","GMP#06385","Arthropoda","Insecta","Hymenoptera","Braconidae","Microgastrinae","Cotesia","Cotesia Whitfield31","BOLD:AAA7143","Malaise trap PL12-3B",10.763,-85.334,"2015-09-03","1",655,"PLABP"
"BIOUG50242-D02","PLABU601-19","GMP#06390","Arthropoda","Insecta","Hymenoptera","Braconidae","Microgastrinae","Glyptapanteles","Glyptapanteles sondrawardae","BOLD:AAA3077","Malaise trap PL12-3B",10.763,-85.334,"2015-10-08","1",653,"PLABU"
"BIOUG50347-G03","PLABW491-19","GMP#06392","Arthropoda","Insecta","Hymenoptera","Braconidae","Microgastrinae","Glyptapanteles","Glyptapanteles Whitfield123","BOLD:AAT8855","Malaise trap PL12-3B",10.763,-85.334,"2015-10-22","1",655,"PLABW"
"BIOUG50368-C10","PLABX1410-19","GMP#06393","Arthropoda","Insecta","Hymenoptera","Braconidae","Microgastrinae","Glyptapanteles","Glyptapanteles Whitfield123","BOLD:AAT8855","Malaise trap PL12-3B",10.763,-85.334,"2015-10-29","1",655,"PLABX"
"BIOUG50360-A04","PLABX620-19","GMP#06393","Arthropoda","Insecta","Hymenoptera","Braconidae","Microgastrinae","Glyptapanteles","Glyptapanteles Whitfield123","BOLD:AAT8855","Malaise trap PL12-3B",10.763,-85.334,"2015-10-29","1",654,"PLABX"
"BIOUG50360-E06","PLABX670-19","GMP#06393","Arthropoda","Insecta","Hymenoptera","Braconidae","Microgastrinae","Dolichogenidea","Dolichogenidea Janzen5847","BOLD:AAM5847","Malaise trap PL12-3B",10.763,-85.334,"2015-10-29","1",656,"PLABX"
"BIOUG50360-E10","PLABX674-19","GMP#06393","Arthropoda","Insecta","Hymenoptera","Braconidae","Microgastrinae","Glyptapanteles","Glyptapanteles ilarisaaksjarvi","BOLD:AAA4794","Malaise trap PL12-3B",10.763,-85.334,"2015-10-29","1",647,"PLABX"
"BIOUG50473-E04","PLABY950-19","GMP#06394","Arthropoda","Insecta","Hymenoptera","Braconidae","Microgastrinae","Rhygoplitis","Rhygoplitis Whitfield01","BOLD:AAC0735","Malaise trap PL12-3B",10.763,-85.334,"2015-11-05","1",654,"PLABY"
"BIOUG50473-F05","PLABY963-19","GMP#06394","Arthropoda","Insecta","Hymenoptera","Braconidae","Microgastrinae","Alphomelon","Alphomelon xestopyga","BOLD:AAA1634","Malaise trap PL12-3B",10.763,-85.334,"2015-11-05","1",655,"PLABY"
"BIOUG50473-F08","PLABY966-19","GMP#06394","Arthropoda","Insecta","Hymenoptera","Braconidae","Microgastrinae","Glyptapanteles","Glyptapanteles Whitfield123","BOLD:AAT8855","Malaise trap PL12-3B",10.763,-85.334,"2015-11-05","1",653,"PLABY"
"BIOUG50391-B09","PLABZ940-19","GMP#06395","Arthropoda","Insecta","Hymenoptera","Braconidae","Microgastrinae","Glyptapanteles","Glyptapanteles Whitfield123","BOLD:AAT8855","Malaise trap PL12-3B",10.763,-85.334,"2015-11-12","1",652,"PLABZ"
"BIOUG57519-E10","PLACI208-20","GMP#21349","Arthropoda","Insecta","Hymenoptera","Braconidae","Microgastrinae","Glyptapanteles","Glyptapanteles Malaise8087","BOLD:AAN8087","Malaise trap PL12-3E",10.763,-85.334,"2018-01-11","1",655,"PLACI"
"BIOUG57519-G07","PLACI229-20","GMP#21349","Arthropoda","Insecta","Hymenoptera","Braconidae","Microgastrinae","Pseudapanteles","Pseudapanteles alvaroumanai","BOLD:AAE0922","Malaise trap PL12-3E",10.763,-85.334,"2018-01-11","1",652,"PLACI"
"BIOUG57522-E02","PLACJ208-20","GMP#21350","Arthropoda","Insecta","Hymenoptera","Braconidae","Microgastrinae","Apanteles","Apanteles adrianachavarriae","BOLD:ACF3757","Malaise trap PL12-3E",10.763,-85.334,"2018-01-18","1",654,"PLACJ"
"BIOUG57522-E12","PLACJ218-20","GMP#21350","Arthropoda","Insecta","Hymenoptera","Braconidae","Microgastrinae","Pseudapanteles","Pseudapanteles Malaise3040","BOLD:ADB3040","Malaise trap PL12-3E",10.763,-85.334,"2018-01-18","1",656,"PLACJ"
"BIOUG57421-G10","PLACZ145-20","GMP#21366","Arthropoda","Insecta","Hymenoptera","Braconidae","Microgastrinae","Apanteles","Apanteles eduardoramirezi","BOLD:AAA4554","Malaise trap PL12-3E",10.763,-85.334,"2018-05-10","1",654,"PLACZ"
"BIOUG57425-B04","PLADA126-20","GMP#21367","Arthropoda","Insecta","Hymenoptera","Braconidae","Microgastrinae","Glyptapanteles","Glyptapanteles Whitfield91","BOLD:ACL4468","Malaise trap PL12-3E",10.763,-85.334,"2018-05-17","1",654,"PLADA"
"BIOUG57432-D12","PLADB756-20","GMP#21368","Arthropoda","Insecta","Hymenoptera","Braconidae","Microgastrinae","Apanteles","Apanteles Malaise2941","BOLD:ADB2941","Malaise trap PL12-3E",10.763,-85.334,"2018-05-24","1",654,"PLADB"
"BIOUG57438-D09","PLADC407-20","GMP#21369","Arthropoda","Insecta","Hymenoptera","Braconidae","Microgastrinae","Glyptapanteles","Glyptapanteles Whitfield75","BOLD:AAE7080","Malaise trap PL12-3E",10.763,-85.334,"2018-05-31","1",655,"PLADC"
"BIOUG57438-H06","PLADC452-20","GMP#21369","Arthropoda","Insecta","Hymenoptera","Braconidae","Microgastrinae","Glyptapanteles","Glyptapanteles Whitfield75","BOLD:AAE7080","Malaise trap PL12-3E",10.763,-85.334,"2018-05-31","1",655,"PLADC"
"BIOUG57439-E06","PLADC511-20","GMP#21369","Arthropoda","Insecta","Hymenoptera","Braconidae","Microgastrinae","Choeras","Choeras Malaise6850","BOLD:AEC6850","Malaise trap PL12-3E",10.763,-85.334,"2018-05-31","1",653,"PLADC"
"BIOUG57452-D01","PLADF069-20","GMP#21372","Arthropoda","Insecta","Hymenoptera","Braconidae","Microgastrinae","Glyptapanteles","Glyptapanteles Whitfield75","BOLD:AAE7080","Malaise trap PL12-3E",10.763,-85.334,"2018-06-21","1",654,"PLADF"
"BIOUG57456-A01","PLADG047-20","GMP#21373","Arthropoda","Insecta","Hymenoptera","Braconidae","Microgastrinae","Glyptapanteles","Glyptapanteles sondrawardae","BOLD:AAA3077","Malaise trap PL12-3E",10.763,-85.334,"2018-06-28","1",654,"PLADG"
"BIOUG57460-B09","PLADH049-20","GMP#21374","Arthropoda","Insecta","Hymenoptera","Braconidae","Microgastrinae","Apanteles","Apanteles Malaise9656","BOLD:ADA9656","Malaise trap PL12-3E",10.763,-85.334,"2018-07-05","1",654,"PLADH"
"BIOUG57460-C09","PLADH061-20","GMP#21374","Arthropoda","Insecta","Hymenoptera","Braconidae","Microgastrinae","Glyptapanteles","Glyptapanteles jesusugaldei","BOLD:ABX6466","Malaise trap PL12-3E",10.763,-85.334,"2018-07-05","1",654,"PLADH"
"BIOUG58625-B10","PLADK197-20","GMP#21377","Arthropoda","Insecta","Hymenoptera","Braconidae","Microgastrinae","Apanteles","Apanteles Malaise9488","BOLD:AEC9488","Malaise trap PL12-3E",10.763,-85.334,"2018-07-26","1",654,"PLADK"
"BIOUG57483-D12","PLADZ119-20","GMP#21392","Arthropoda","Insecta","Hymenoptera","Braconidae","Microgastrinae","Pseudapanteles","Pseudapanteles alvaroumanai","BOLD:AAE0922","Malaise trap PL12-3E",10.763,-85.334,"2018-11-08","1",652,"PLADZ"
"BIOUG65323-H06","PLAEA548-21","GMP#28219","Arthropoda","Insecta","Hymenoptera","Braconidae","Microgastrinae","Glyptapanteles","Glyptapanteles tanyadapkeyae","BOLD:AAL3681","Malaise trap PL12-5G",10.763,-85.334,"2019-11-14","1",654,"PLAEA"
"BIOUG65331-B02","PLAEB616-21","GMP#28220","Arthropoda","Insecta","Hymenoptera","Braconidae","Microgastrinae","Dolichogenidea","Dolichogenidea Janzen94","BOLD:AAE8602","Malaise trap PL12-5G",10.763,-85.334,"2019-11-21","1",652,"PLAEB"
"BIOUG65712-E04","PLAED623-21","GMP#28222","Arthropoda","Insecta","Hymenoptera","Braconidae","Microgastrinae","Apanteles","Apanteles bernyapui","BOLD:AAB7636","Malaise trap PL12-5G",10.763,-85.334,"2019-12-05","1",650,"PLAED"
"BIOUG65714-E08","PLAED817-21","GMP#28222","Arthropoda","Insecta","Hymenoptera","Braconidae","Microgastrinae","Pseudapanteles","Pseudapanteles Malaise3040","BOLD:ADB3040","Malaise trap PL12-5G",10.763,-85.334,"2019-12-05","1",651,"PLAED"
"BIOUG64070-G03","PLAEF1241-21","GMP#28224","Arthropoda","Insecta","Hymenoptera","Braconidae","Microgastrinae","Pseudapanteles","Pseudapanteles alvaroumanai","BOLD:AAE0922","Malaise trap PL12-5G",10.763,-85.334,"2019-12-19","1",651,"PLAEF"
"BIOUG64072-A07","PLAEF1363-21","GMP#28224","Arthropoda","Insecta","Hymenoptera","Braconidae","Microgastrinae","Glyptapanteles","Glyptapanteles Whitfield75","BOLD:AAE7080","Malaise trap PL12-5G",10.763,-85.334,"2019-12-19","1",651,"PLAEF"
"BIOUG64072-B07","PLAEF1375-21","GMP#28224","Arthropoda","Insecta","Hymenoptera","Braconidae","Microgastrinae","Apanteles","Apanteles oscarchavezi","BOLD:AAN7915","Malaise trap PL12-5G",10.763,-85.334,"2019-12-19","1",652,"PLAEF"
"BIOUG64072-D04","PLAEF1396-21","GMP#28224","Arthropoda","Insecta","Hymenoptera","Braconidae","Microgastrinae","Dolichogenidea","Dolichogenidea Rodriguez144","BOLD:AAD2236","Malaise trap PL12-5G",10.763,-85.334,"2019-12-19","1",641,"PLAEF"
"BIOUG64072-G03","PLAEF1431-21","GMP#28224","Arthropoda","Insecta","Hymenoptera","Braconidae","Microgastrinae","Pseudapanteles","Pseudapanteles Malaise3088","BOLD:AEJ3088","Malaise trap PL12-5G",10.763,-85.334,"2019-12-19","1",641,"PLAEF"
"BIOUG64084-E05","PLAEG1034-21","GMP#28225","Arthropoda","Insecta","Hymenoptera","Braconidae","Microgastrinae","Pseudapanteles","Pseudapanteles alvaroumanai","BOLD:AAE0922","Malaise trap PL12-5G",10.763,-85.334,"2019-12-26","1",654,"PLAEG"
"BIOUG64084-F11","PLAEG1052-21","GMP#28225","Arthropoda","Insecta","Hymenoptera","Braconidae","Microgastrinae","Glyptapanteles","Glyptapanteles Whitfield91","BOLD:ACL4468","Malaise trap PL12-5G",10.763,-85.334,"2019-12-26","1",641,"PLAEG"
"BIOUG64085-C11","PLAEG1111-21","GMP#28225","Arthropoda","Insecta","Hymenoptera","Braconidae","Microgastrinae","Pseudapanteles","Pseudapanteles alvaroumanai","BOLD:AAE0922","Malaise trap PL12-5G",10.763,-85.334,"2019-12-26","1",654,"PLAEG"
"BIOUG64085-F11","PLAEG1147-21","GMP#28225","Arthropoda","Insecta","Hymenoptera","Braconidae","Microgastrinae","Glyptapanteles","Glyptapanteles pamitchellae","BOLD:AAA3934","Malaise trap PL12-5G",10.763,-85.334,"2019-12-26","1",654,"PLAEG"
"BIOUG64085-H04","PLAEG1164-21","GMP#28225","Arthropoda","Insecta","Hymenoptera","Braconidae","Microgastrinae","Apanteles","Apanteles oscarchavezi","BOLD:AAN7915","Malaise trap PL12-5G",10.763,-85.334,"2019-12-26","1",654,"PLAEG"
"BIOUG64086-H09","PLAEG1264-21","GMP#28225","Arthropoda","Insecta","Hymenoptera","Braconidae","Microgastrinae","Hypomicrogaster","Hypomicrogaster Whitfield39","BOLD:AAI7795","Malaise trap PL12-5G",10.763,-85.334,"2019-12-26","1",654,"PLAEG"
"BIOUG58699-A08","PLAEH008-21","GMP#28226","Arthropoda","Insecta","Hymenoptera","Braconidae","Microgastrinae","Pseudapanteles","Pseudapanteles alvaroumanai","BOLD:AAE0922","Malaise trap PL12-5G",10.763,-85.334,"2020-01-02","1",653,"PLAEH"
"BIOUG64099-H03","PLAEH1120-21","GMP#28226","Arthropoda","Insecta","Hymenoptera","Braconidae","Microgastrinae","Glyptapanteles","Glyptapanteles pamitchellae","BOLD:AAA3934","Malaise trap PL12-5G",10.763,-85.334,"2020-01-02","1",659,"PLAEH"
"BIOUG64099-H10","PLAEH1127-21","GMP#28226","Arthropoda","Insecta","Hymenoptera","Braconidae","Microgastrinae","Apanteles","Apanteles oscarchavezi","BOLD:AAN7915","Malaise trap PL12-5G",10.763,-85.334,"2020-01-02","1",655,"PLAEH"
"BIOUG59811-C04","PLAEI1080-21","GMP#28227","Arthropoda","Insecta","Hymenoptera","Braconidae","Microgastrinae","Apanteles","Apanteles oscarchavezi","BOLD:AAN7915","Malaise trap PL12-5G",10.763,-85.334,"2020-01-09","1",654,"PLAEI"
"BIOUG59810-D06","PLAEI999-21","GMP#28227","Arthropoda","Insecta","Hymenoptera","Braconidae","Microgastrinae","Glyptapanteles","Glyptapanteles pamitchellae","BOLD:AAA3934","Malaise trap PL12-5G",10.763,-85.334,"2020-01-09","1",654,"PLAEI"
"BIOUG59823-B08","PLAEJ930-21","GMP#28228","Arthropoda","Insecta","Hymenoptera","Braconidae","Microgastrinae","Apanteles","Apanteles oscarchavezi","BOLD:AAN7915","Malaise trap PL12-5G",10.763,-85.334,"2020-01-16","1",661,"PLAEJ"
"BIOUG63782-B11","PLAEK760-21","GMP#28229","Arthropoda","Insecta","Hymenoptera","Braconidae","Microgastrinae","Glyptapanteles","Glyptapanteles pamitchellae","BOLD:AAA3934","Malaise trap PL12-5G",10.763,-85.334,"2020-01-23","1",653,"PLAEK"
"BIOUG64819-G11","PLAEL611-21","GMP#28230","Arthropoda","Insecta","Hymenoptera","Braconidae","Microgastrinae","Dolichogenidea","Dolichogenidea malaise0710","BOLD:ADB0710","Malaise trap PL12-5G",10.763,-85.334,"2020-01-30","1",651,"PLAEL"
"BIOUG64820-B04","PLAEL639-21","GMP#28230","Arthropoda","Insecta","Hymenoptera","Braconidae","Microgastrinae","Apanteles","Apanteles Janzen2906","BOLD:ABZ2906","Malaise trap PL12-5G",10.763,-85.334,"2020-01-30","1",654,"PLAEL"
"BIOUG64820-C01","PLAEL648-21","GMP#28230","Arthropoda","Insecta","Hymenoptera","Braconidae","Microgastrinae","Pseudapanteles","Pseudapanteles alvaroumanai","BOLD:AAE0922","Malaise trap PL12-5G",10.763,-85.334,"2020-01-30","1",654,"PLAEL"
"BIOUG64828-A06","PLAEM336-21","GMP#28231","Arthropoda","Insecta","Hymenoptera","Braconidae","Microgastrinae","Glyptapanteles","Glyptapanteles pamitchellae","BOLD:AAA3934","Malaise trap PL12-5G",10.763,-85.334,"2020-02-06","1",655,"PLAEM"
"BIOUG64828-D01","PLAEM367-21","GMP#28231","Arthropoda","Insecta","Hymenoptera","Braconidae","Microgastrinae","Apanteles","Apanteles oscarchavezi","BOLD:AAN7915","Malaise trap PL12-5G",10.763,-85.334,"2020-02-06","1",656,"PLAEM"
"BIOUG64828-H07","PLAEM421-21","GMP#28231","Arthropoda","Insecta","Hymenoptera","Braconidae","Microgastrinae","Apanteles","Apanteles Janzen2906","BOLD:ABZ2906","Malaise trap PL12-5G",10.763,-85.334,"2020-02-06","1",655,"PLAEM"
"BIOUG64838-F06","PLAEN598-21","GMP#28232","Arthropoda","Insecta","Hymenoptera","Braconidae","Microgastrinae","Pseudapanteles","Pseudapanteles alvaroumanai","BOLD:AAE0922","Malaise trap PL12-5G",10.763,-85.334,"2020-02-13","1",654,"PLAEN"
"BIOUG64838-G09","PLAEN613-21","GMP#28232","Arthropoda","Insecta","Hymenoptera","Braconidae","Microgastrinae","Pseudapanteles","Pseudapanteles alvaroumanai","BOLD:AAE0922","Malaise trap PL12-5G",10.763,-85.334,"2020-02-13","1",654,"PLAEN"
"BIOUG64840-C06","PLAEN752-21","GMP#28232","Arthropoda","Insecta","Hymenoptera","Braconidae","Microgastrinae","Pseudapanteles","Pseudapanteles alvaroumanai","BOLD:AAE0922","Malaise trap PL12-5G",10.763,-85.334,"2020-02-13","1",653,"PLAEN"
"BIOUG64840-E10","PLAEN780-21","GMP#28232","Arthropoda","Insecta","Hymenoptera","Braconidae","Microgastrinae","Dolichogenidea","Dolichogenidea Janzen5847","BOLD:AAM5847","Malaise trap PL12-5G",10.763,-85.334,"2020-02-13","1",653,"PLAEN"
"BIOUG64840-F04","PLAEN786-21","GMP#28232","Arthropoda","Insecta","Hymenoptera","Braconidae","Microgastrinae","Apanteles","Apanteles freddyquesadaiDHJ02","BOLD:AAC5219","Malaise trap PL12-5G",10.763,-85.334,"2020-02-13","1",644,"PLAEN"
"BIOUG64840-G09","PLAEN803-21","GMP#28232","Arthropoda","Insecta","Hymenoptera","Braconidae","Microgastrinae","Pseudapanteles","Pseudapanteles alvaroumanai","BOLD:AAE0922","Malaise trap PL12-5G",10.763,-85.334,"2020-02-13","1",656,"PLAEN"
"BIOUG64842-A01","PLAEN913-21","GMP#28232","Arthropoda","Insecta","Hymenoptera","Braconidae","Microgastrinae","Pseudapanteles","Pseudapanteles alvaroumanai","BOLD:AAE0922","Malaise trap PL12-5G",10.763,-85.334,"2020-02-13","1",654,"PLAEN"
"BIOUG64842-B02","PLAEN926-21","GMP#28232","Arthropoda","Insecta","Hymenoptera","Braconidae","Microgastrinae","Glyptapanteles","Glyptapanteles pamitchellae","BOLD:AAA3934","Malaise trap PL12-5G",10.763,-85.334,"2020-02-13","1",654,"PLAEN"
"BIOUG64842-B07","PLAEN931-21","GMP#28232","Arthropoda","Insecta","Hymenoptera","Braconidae","Microgastrinae","Glyptapanteles","Glyptapanteles pamitchellae","BOLD:AAA3934","Malaise trap PL12-5G",10.763,-85.334,"2020-02-13","1",652,"PLAEN"
"BIOUG63788-H10","PLAEO556-21","GMP#28233","Arthropoda","Insecta","Hymenoptera","Braconidae","Microgastrinae","Apanteles","Apanteles Malaise9568","BOLD:ADA9568","Malaise trap PL12-5G",10.763,-85.334,"2020-02-20","1",653,"PLAEO"
"BIOUG63789-E08","PLAEO613-21","GMP#28233","Arthropoda","Insecta","Hymenoptera","Braconidae","Microgastrinae","Apanteles","Apanteles Malaise9656","BOLD:ADA9656","Malaise trap PL12-5G",10.763,-85.334,"2020-02-20","1",653,"PLAEO"
"BIOUG65302-C11","PLAEQ485-21","GMP#28235","Arthropoda","Insecta","Hymenoptera","Braconidae","Microgastrinae","Glyptapanteles","Glyptapanteles Whitfield90","BOLD:AAY1040","Malaise trap PL12-5G",10.763,-85.334,"2020-03-05","1",652,"PLAEQ"
"BIOUG65302-H10","PLAEQ544-21","GMP#28235","Arthropoda","Insecta","Hymenoptera","Braconidae","Microgastrinae","Pseudapanteles","Pseudapanteles alvaroumanai","BOLD:AAE0922","Malaise trap PL12-5G",10.763,-85.334,"2020-03-05","1",654,"PLAEQ"
"BIOUG65303-A03","PLAEQ548-21","GMP#28235","Arthropoda","Insecta","Hymenoptera","Braconidae","Microgastrinae","Hypomicrogaster","Hypomicrogaster Janzen160","BOLD:AAM5150","Malaise trap PL12-5G",10.763,-85.334,"2020-03-05","1",654,"PLAEQ"
"BIOUG64744-E12","PLAES084-21","GMP#28237","Arthropoda","Insecta","Hymenoptera","Braconidae","Microgastrinae","Apanteles","Apanteles eduardoramirezi","BOLD:AAA4554","Malaise trap PL12-5G",10.763,-85.334,"2020-03-19","1",653,"PLAES"
"BIOUG64744-H03","PLAES111-21","GMP#28237","Arthropoda","Insecta","Hymenoptera","Braconidae","Microgastrinae","Apanteles","Apanteles Malaise9656","BOLD:ADA9656","Malaise trap PL12-5G",10.763,-85.334,"2020-03-19","1",654,"PLAES"
"BIOUG64744-H11","PLAES119-21","GMP#28237","Arthropoda","Insecta","Hymenoptera","Braconidae","Microgastrinae","Glyptapanteles","Glyptapanteles Whitfield91","BOLD:ACL4468","Malaise trap PL12-5G",10.763,-85.334,"2020-03-19","1",652,"PLAES"
"BIOUG65703-C06","PLAEV1022-21","GMP#28240","Arthropoda","Insecta","Hymenoptera","Braconidae","Microgastrinae","Rhygoplitis","Rhygoplitis Whitfield01","BOLD:AAC0735","Malaise trap PL12-5G",10.763,-85.334,"2020-04-09","1",654,"PLAEV"
"BIOUG65703-A06","PLAEV998-21","GMP#28240","Arthropoda","Insecta","Hymenoptera","Braconidae","Microgastrinae","Glyptapanteles","Glyptapanteles Malaise2009","BOLD:ADB2009","Malaise trap PL12-5G",10.763,-85.334,"2020-04-09","1",654,"PLAEV"
"BIOUG65053-A02","PLAEY358-21","GMP#28243","Arthropoda","Insecta","Hymenoptera","Braconidae","Microgastrinae","Pseudapanteles","Pseudapanteles alvaroumanai","BOLD:AAE0922","Malaise trap PL12-5G",10.763,-85.334,"2020-05-07","1",652,"PLAEY"
"BIOUG65058-H05","PLAEZ466-21","GMP#28244","Arthropoda","Insecta","Hymenoptera","Braconidae","Microgastrinae","Apanteles","Apanteles eduardoramirezi","BOLD:AAA4554","Malaise trap PL12-5G",10.763,-85.334,"2020-05-14","1",657,"PLAEZ"
"BIOUG65059-B05","PLAEZ489-21","GMP#28244","Arthropoda","Insecta","Hymenoptera","Braconidae","Microgastrinae","Apanteles","Apanteles Malaise7955","BOLD:ADB7955","Malaise trap PL12-5G",10.763,-85.334,"2020-05-14","1",654,"PLAEZ"
"BIOUG65066-A12","PLAFA528-21","GMP#28245","Arthropoda","Insecta","Hymenoptera","Braconidae","Microgastrinae","Dolichogenidea","Dolichogenidea Malaise9679","BOLD:ADA9679","Malaise trap PL12-5G",10.763,-85.334,"2020-05-21","1",654,"PLAFA"
"BIOUG65066-E04","PLAFA568-21","GMP#28245","Arthropoda","Insecta","Hymenoptera","Braconidae","Microgastrinae","Glyptapanteles","Glyptapanteles Whitfield91","BOLD:ACL4468","Malaise trap PL12-5G",10.763,-85.334,"2020-05-21","1",654,"PLAFA"
"BIOUG65066-E07","PLAFA571-21","GMP#28245","Arthropoda","Insecta","Hymenoptera","Braconidae","Microgastrinae","Rhygoplitis","Rhygoplitis Whitfield01","BOLD:AAC0735","Malaise trap PL12-5G",10.763,-85.334,"2020-05-21","1",654,"PLAFA"
"BIOUG65067-A02","PLAFA613-21","GMP#28245","Arthropoda","Insecta","Hymenoptera","Braconidae","Microgastrinae","Pseudapanteles","Pseudapanteles alvaroumanai","BOLD:AAE0922","Malaise trap PL12-5G",10.763,-85.334,"2020-05-21","1",653,"PLAFA"
"BIOUG65083-E10","PLAFB1226-21","GMP#28246","Arthropoda","Insecta","Hymenoptera","Braconidae","Microgastrinae","Glyptapanteles","Glyptapanteles Whitfield91","BOLD:ACL4468","Malaise trap PL12-5G",10.763,-85.334,"2020-05-28","1",640,"PLAFB"
"BIOUG65084-A01","PLAFB1264-21","GMP#28246","Arthropoda","Insecta","Hymenoptera","Braconidae","Microgastrinae","Glyptapanteles","Glyptapanteles Whitfield91","BOLD:ACL4468","Malaise trap PL12-5G",10.763,-85.334,"2020-05-28","1",655,"PLAFB"
"BIOUG64348-D12","PLAFC865-21","GMP#28247","Arthropoda","Insecta","Hymenoptera","Braconidae","Microgastrinae","Cotesia","Cotesia Whitfield05","BOLD:AAE9335","Malaise trap PL12-5G",10.763,-85.334,"2020-06-04","1",651,"PLAFC"
"BIOUG64360-C04","PLAFD844-21","GMP#28248","Arthropoda","Insecta","Hymenoptera","Braconidae","Microgastrinae","Pseudapanteles","Pseudapanteles raulsolorzanoi","BOLD:AAA6667","Malaise trap PL12-5G",10.763,-85.334,"2020-06-11","1",653,"PLAFD"
"BIOUG65732-H10","PLAFK849-21","GMP#29132","Arthropoda","Insecta","Hymenoptera","Braconidae","Microgastrinae","Glyptapanteles","Glyptapanteles Whitfield155","BOLD:AAB2471","Malaise trap PL12-5G",10.763,-85.334,"2020-07-30","1",652,"PLAFK"
"BIOUG65372-B05","PLAFL930-21","GMP#29133","Arthropoda","Insecta","Hymenoptera","Braconidae","Microgastrinae","Dolichogenidea","Dolichogenidea Janzen94","BOLD:AAE8602","Malaise trap PL12-5G",10.763,-85.334,"2020-08-06","1",652,"PLAFL"
"BIOUG65241-F04","PLAFU385-21","GMP#29142","Arthropoda","Insecta","Hymenoptera","Braconidae","Microgastrinae","Glyptapanteles","Glyptapanteles ninazitaniae","BOLD:AAA6269","Malaise trap PL12-5G",10.763,-85.334,"2020-10-08","1",644,"PLAFU"
"BIOUG65247-A07","PLAFV524-21","GMP#29143","Arthropoda","Insecta","Hymenoptera","Braconidae","Microgastrinae","Rasivalva","Rasivalva Malaise7445","BOLD:AEB7445","Malaise trap PL12-5G",10.763,-85.334,"2020-10-15","1",653,"PLAFV"
"BIOUG73930-E07","PLAFX284-21","GMP#34463","Arthropoda","Insecta","Hymenoptera","Braconidae","Microgastrinae","Rasivalva","Rasivalva Malaise7445","BOLD:AEB7445","Malaise trap PL12-5G",10.763,-85.334,"2020-10-29","1",651,"PLAFX"
"BIOUG73932-E03","PLAFY143-21","GMP#34464","Arthropoda","Insecta","Hymenoptera","Braconidae","Microgastrinae","Apanteles","Apanteles juancarrilloi","BOLD:AAC8420","Malaise trap PL12-5G",10.763,-85.334,"2020-11-05","1",654,"PLAFY"
"BIOUG44803-B12","PLBAB659-18","GMP#06241","Arthropoda","Insecta","Hymenoptera","Braconidae","Microgastrinae","Glyptapanteles","Glyptapanteles malaise0795","BOLD:ACL0795","Malaise trap PL12-1B",10.764,-85.335,"2014-11-27","1",652,"PLBAB"
"BIOUG44838-E02","PLBAI302-18","GMP#06248","Arthropoda","Insecta","Hymenoptera","Braconidae","Microgastrinae","Glyptapanteles","Glyptapanteles Whitfield90","BOLD:AAY1040","Malaise trap PL12-1B",10.764,-85.335,"2015-01-15","1",653,"PLBAI"
"BIOUG44840-H05","PLBAJ242-18","GMP#06249","Arthropoda","Insecta","Hymenoptera","Braconidae","Microgastrinae","Glyptapanteles","Glyptapanteles pamitchellae","BOLD:AAA3934","Malaise trap PL12-1B",10.764,-85.335,"2015-01-22","1",654,"PLBAJ"
"BIOUG44840-H09","PLBAJ246-18","GMP#06249","Arthropoda","Insecta","Hymenoptera","Braconidae","Microgastrinae","Apanteles","Apanteles mariatorrentesae","BOLD:ACF3757","Malaise trap PL12-1B",10.764,-85.335,"2015-01-22","1",654,"PLBAJ"
"BIOUG44859-G05","PLBAK140-18","GMP#06250","Arthropoda","Insecta","Hymenoptera","Braconidae","Microgastrinae","Glyptapanteles","Glyptapanteles pamitchellae","BOLD:AAA3934","Malaise trap PL12-1B",10.764,-85.335,"2015-01-29","1",654,"PLBAK"
"BIOUG44842-C04","PLBAO153-18","GMP#06254","Arthropoda","Insecta","Hymenoptera","Braconidae","Microgastrinae","Glyptapanteles","Glyptapanteles nataliaivanovae","BOLD:AAC5317","Malaise trap PL12-1B",10.764,-85.335,"2015-02-26","1",653,"PLBAO"
"BIOUG44872-E05","PLBAQ360-18","GMP#06256","Arthropoda","Insecta","Hymenoptera","Braconidae","Microgastrinae","Pseudapanteles","Pseudapanteles alvaroumanai","BOLD:AAE0922","Malaise trap PL12-1B",10.764,-85.335,"2015-03-12","1",653,"PLBAQ"
"BIOUG44777-C12","PLBAV045-18","GMP#06261","Arthropoda","Insecta","Hymenoptera","Braconidae","Microgastrinae","Hypomicrogaster","Hypomicrogaster Janzen2378","BOLD:ADX2378","Malaise trap PL12-1B",10.764,-85.335,"2015-04-16","1",653,"PLBAV"
"BIOUG44782-D04","PLBAY155-18","GMP#06264","Arthropoda","Insecta","Hymenoptera","Braconidae","Microgastrinae","Apanteles","Apanteles Malaise2892","BOLD:ADB2892","Malaise trap PL12-1B",10.764,-85.335,"2015-05-07","1",654,"PLBAY"
"BIOUG44786-F09","PLBAZ374-18","GMP#06265","Arthropoda","Insecta","Hymenoptera","Braconidae","Microgastrinae","Pseudapanteles","Pseudapanteles Malaise3040","BOLD:ADB3040","Malaise trap PL12-1B",10.764,-85.335,"2015-05-14","1",654,"PLBAZ"
"BIOUG49593-A06","PLBBB163-19","GMP#06267","Arthropoda","Insecta","Hymenoptera","Braconidae","Microgastrinae","Apanteles","Apanteles Malaise2941","BOLD:ADB2941","Malaise trap PL12-1B",10.764,-85.335,"2015-05-28","1",656,"PLBBB"
"BIOUG49600-B01","PLBBD346-19","GMP#06269","Arthropoda","Insecta","Hymenoptera","Braconidae","Microgastrinae","Pseudapanteles","Pseudapanteles alvaroumanai","BOLD:AAE0922","Malaise trap PL12-1B",10.764,-85.335,"2015-06-11","1",655,"PLBBD"
"BIOUG49600-F06","PLBBD399-19","GMP#06269","Arthropoda","Insecta","Hymenoptera","Braconidae","Microgastrinae","Glyptapanteles","Glyptapanteles pamitchellae","BOLD:AAA3934","Malaise trap PL12-1B",10.764,-85.335,"2015-06-11","1",656,"PLBBD"
"BIOUG49607-A12","PLBBD440-19","GMP#06269","Arthropoda","Insecta","Hymenoptera","Braconidae","Microgastrinae","Pseudapanteles","Pseudapanteles Malaise3040","BOLD:ADB3040","Malaise trap PL12-1B",10.764,-85.335,"2015-06-11","1",653,"PLBBD"
"BIOUG49638-G04","PLBBE281-19","GMP#06270","Arthropoda","Insecta","Hymenoptera","Braconidae","Microgastrinae","Pseudapanteles","Pseudapanteles raulsolorzanoi","BOLD:AAA6667","Malaise trap PL12-1B",10.764,-85.335,"2015-06-18","1",654,"PLBBE"
"BIOUG49638-G05","PLBBE282-19","GMP#06270","Arthropoda","Insecta","Hymenoptera","Braconidae","Microgastrinae","Dolichogenidea","Dolichogenidea Janzen9638","BOLD:AEA0779","Malaise trap PL12-1B",10.764,-85.335,"2015-06-18","1",654,"PLBBE"
"BIOUG49610-H03","PLBBF142-19","GMP#06271","Arthropoda","Insecta","Hymenoptera","Braconidae","Microgastrinae","Glyptapanteles","Glyptapanteles Malaise7938","BOLD:ADA7938","Malaise trap PL12-1B",10.764,-85.335,"2015-06-25","1",655,"PLBBF"
"BIOUG49617-G12","PLBBJ039-19","GMP#06275","Arthropoda","Insecta","Hymenoptera","Braconidae","Microgastrinae","Apanteles","Apanteles Malaise2941","BOLD:ADB2941","Malaise trap PL12-1B",10.764,-85.335,"2015-07-23","1",658,"PLBBJ"
"BIOUG57487-A10","PLBCO331-20","GMP#21202","Arthropoda","Insecta","Hymenoptera","Braconidae","Microgastrinae","Glyptapanteles","Glyptapanteles bobkulai","BOLD:ACE8721","Malaise trap PL12-1E",10.764,-85.335,"2018-02-22","1",640,"PLBCO"
"BIOUG58817-F01","PLBCY241-20","GMP#21212","Arthropoda","Insecta","Hymenoptera","Braconidae","Microgastrinae","Dolichogenidea","Dolichogenidea Rodriguez144","BOLD:AAD2236","Malaise trap PL12-1E",10.764,-85.335,"2018-05-03","1",654,"PLBCY"
"BIOUG58823-H09","PLBDB145-20","GMP#21215","Arthropoda","Insecta","Hymenoptera","Braconidae","Microgastrinae","Pseudapanteles","Pseudapanteles raulsolorzanoi","BOLD:AAA6667","Malaise trap PL12-1E",10.764,-85.335,"2018-05-24","1",655,"PLBDB"
"BIOUG58824-H04","PLBDB235-20","GMP#21215","Arthropoda","Insecta","Hymenoptera","Braconidae","Microgastrinae","Pseudapanteles","Pseudapanteles raulsolorzanoi","BOLD:AAA6667","Malaise trap PL12-1E",10.764,-85.335,"2018-05-24","1",654,"PLBDB"
"BIOUG58826-A10","PLBDB347-20","GMP#21215","Arthropoda","Insecta","Hymenoptera","Braconidae","Microgastrinae","Pseudapanteles","Pseudapanteles raulsolorzanoi","BOLD:AAA6667","Malaise trap PL12-1E",10.764,-85.335,"2018-05-24","1",654,"PLBDB"
"BIOUG58827-G06","PLBDC188-20","GMP#21216","Arthropoda","Insecta","Hymenoptera","Braconidae","Microgastrinae","Pseudapanteles","Pseudapanteles raulsolorzanoi","BOLD:AAA6667","Malaise trap PL12-1E",10.764,-85.335,"2018-05-31","1",653,"PLBDC"
"BIOUG58838-D08","PLBDF324-20","GMP#21219","Arthropoda","Insecta","Hymenoptera","Braconidae","Microgastrinae","Glyptapanteles","Glyptapanteles sondrawardae","BOLD:AAA3077","Malaise trap PL12-1E",10.764,-85.335,"2018-06-21","1",650,"PLBDF"
"BIOUG56591-A04","PLBDJ019-20","GMP#21223","Arthropoda","Insecta","Hymenoptera","Braconidae","Microgastrinae","Apanteles","Apanteles Malaise8793","BOLD:AEF8793","Malaise trap PL12-1E",10.764,-85.335,"2018-07-19","1",654,"PLBDJ"
"BIOUG58723-G05","PLBDJ181-20","GMP#21223","Arthropoda","Insecta","Hymenoptera","Braconidae","Microgastrinae","Glyptapanteles","Glyptapanteles sondrawardae","BOLD:AAA3077","Malaise trap PL12-1E",10.764,-85.335,"2018-07-19","1",640,"PLBDJ"
"BIOUG58453-E10","PLBDP041-20","GMP#21229","Arthropoda","Insecta","Hymenoptera","Braconidae","Microgastrinae","Apanteles","Apanteles Janzen0422","BOLD:AAW0422","Malaise trap PL12-1E",10.764,-85.335,"2018-08-30","1",655,"PLBDP"
"BIOUG46717-B08","PLCAB513-19","GMP#06397","Arthropoda","Insecta","Hymenoptera","Braconidae","Microgastrinae","Apanteles","Apanteles bernyapui","BOLD:AAB7636","Malaise trap PL12-4B",10.763,-85.334,"2014-11-27","1",654,"PLCAB"
"BIOUG46717-C02","PLCAB519-19","GMP#06397","Arthropoda","Insecta","Hymenoptera","Braconidae","Microgastrinae","Glyptapanteles","Glyptapanteles Malaise6541","BOLD:ABX6541","Malaise trap PL12-4B",10.763,-85.334,"2014-11-27","1",654,"PLCAB"
"BIOUG46717-C07","PLCAB524-19","GMP#06397","Arthropoda","Insecta","Hymenoptera","Braconidae","Microgastrinae","Dolichogenidea","Dolichogenidea Janzen57","BOLD:AAM5842","Malaise trap PL12-4B",10.763,-85.334,"2014-11-27","1",654,"PLCAB"
"BIOUG46719-B02","PLCAC117-19","GMP#06398","Arthropoda","Insecta","Hymenoptera","Braconidae","Microgastrinae","Glyptapanteles","Glyptapanteles Whitfield90","BOLD:AAY1040","Malaise trap PL12-4B",10.763,-85.334,"2014-12-04","1",653,"PLCAC"
"BIOUG46722-B12","PLCAC412-19","GMP#06398","Arthropoda","Insecta","Hymenoptera","Braconidae","Microgastrinae","Glyptapanteles","Glyptapanteles Whitfield90","BOLD:AAY1040","Malaise trap PL12-4B",10.763,-85.334,"2014-12-04","1",654,"PLCAC"
"BIOUG46577-A04","PLCAD194-19","GMP#06399","Arthropoda","Insecta","Hymenoptera","Braconidae","Microgastrinae","Glyptapanteles","Glyptapanteles Whitfield90","BOLD:AAY1040","Malaise trap PL12-4B",10.763,-85.334,"2014-12-11","1",651,"PLCAD"
"BIOUG46577-A12","PLCAD202-19","GMP#06399","Arthropoda","Insecta","Hymenoptera","Braconidae","Microgastrinae","Apanteles","Apanteles Janzen5893","BOLD:ADY5893","Malaise trap PL12-4B",10.763,-85.334,"2014-12-11","1",654,"PLCAD"
"BIOUG46730-H02","PLCAE048-19","GMP#06400","Arthropoda","Insecta","Hymenoptera","Braconidae","Microgastrinae","Apanteles","Apanteles bernyapui","BOLD:AAB7636","Malaise trap PL12-4B",10.763,-85.334,"2014-12-18","1",653,"PLCAE"
"BIOUG46730-H03","PLCAE049-19","GMP#06400","Arthropoda","Insecta","Hymenoptera","Braconidae","Microgastrinae","Glyptapanteles","Glyptapanteles pamitchellae","BOLD:AAA3934","Malaise trap PL12-4B",10.763,-85.334,"2014-12-18","1",652,"PLCAE"
"BIOUG46733-A04","PLCAE251-19","GMP#06400","Arthropoda","Insecta","Hymenoptera","Braconidae","Microgastrinae","Glyptapanteles","Glyptapanteles Whitfield90","BOLD:AAY1040","Malaise trap PL12-4B",10.763,-85.334,"2014-12-18","1",654,"PLCAE"
"BIOUG46733-A05","PLCAE252-19","GMP#06400","Arthropoda","Insecta","Hymenoptera","Braconidae","Microgastrinae","Apanteles","Apanteles bernyapui","BOLD:AAB7636","Malaise trap PL12-4B",10.763,-85.334,"2014-12-18","1",654,"PLCAE"
"BIOUG46734-E10","PLCAF079-19","GMP#06401","Arthropoda","Insecta","Hymenoptera","Braconidae","Microgastrinae","Glyptapanteles","Glyptapanteles pamitchellae","BOLD:AAA3934","Malaise trap PL12-4B",10.763,-85.334,"2014-12-25","1",653,"PLCAF"
"BIOUG46734-F01","PLCAF082-19","GMP#06401","Arthropoda","Insecta","Hymenoptera","Braconidae","Microgastrinae","Glyptapanteles","Glyptapanteles Malaise2009","BOLD:ADB2009","Malaise trap PL12-4B",10.763,-85.334,"2014-12-25","1",655,"PLCAF"
"BIOUG46751-F11","PLCAJ150-19","GMP#06405","Arthropoda","Insecta","Hymenoptera","Braconidae","Microgastrinae","Glyptapanteles","Glyptapanteles Malaise2009","BOLD:ADB2009","Malaise trap PL12-4B",10.763,-85.334,"2015-01-22","1",654,"PLCAJ"
"BIOUG46751-G03","PLCAJ154-19","GMP#06405","Arthropoda","Insecta","Hymenoptera","Braconidae","Microgastrinae","Glyptapanteles","Glyptapanteles Whitfield90","BOLD:AAY1040","Malaise trap PL12-4B",10.763,-85.334,"2015-01-22","1",654,"PLCAJ"
"BIOUG46751-G07","PLCAJ158-19","GMP#06405","Arthropoda","Insecta","Hymenoptera","Braconidae","Microgastrinae","Glyptapanteles","Glyptapanteles Whitfield97","BOLD:AAY1042","Malaise trap PL12-4B",10.763,-85.334,"2015-01-22","1",648,"PLCAJ"
"BIOUG46739-H08","PLCAK015-19","GMP#06406","Arthropoda","Insecta","Hymenoptera","Braconidae","Microgastrinae","Glyptapanteles","Glyptapanteles Whitfield90","BOLD:AAY1040","Malaise trap PL12-4B",10.763,-85.334,"2015-01-29","1",641,"PLCAK"
"BIOUG46756-B06","PLCAL329-19","GMP#06407","Arthropoda","Insecta","Hymenoptera","Braconidae","Microgastrinae","Glyptapanteles","Glyptapanteles Whitfield90","BOLD:AAY1040","Malaise trap PL12-4B",10.763,-85.334,"2015-02-05","1",654,"PLCAL"
"BIOUG46756-C05","PLCAL340-19","GMP#06407","Arthropoda","Insecta","Hymenoptera","Braconidae","Microgastrinae","Glyptapanteles","Glyptapanteles pamitchellae","BOLD:AAA3934","Malaise trap PL12-4B",10.763,-85.334,"2015-02-05","1",654,"PLCAL"
"BIOUG46746-C11","PLCAR116-19","GMP#06413","Arthropoda","Insecta","Hymenoptera","Braconidae","Microgastrinae","Glyptapanteles","Glyptapanteles pamitchellae","BOLD:AAA3934","Malaise trap PL12-4B",10.763,-85.334,"2015-03-19","1",655,"PLCAR"
"BIOUG46765-E04","PLCAW125-19","GMP#06418","Arthropoda","Insecta","Hymenoptera","Braconidae","Microgastrinae","Glyptapanteles","Glyptapanteles Malaise8087","BOLD:AAN8087","Malaise trap PL12-4B",10.763,-85.334,"2015-04-23","1",654,"PLCAW"
"BIOUG46765-E05","PLCAW126-19","GMP#06418","Arthropoda","Insecta","Hymenoptera","Braconidae","Microgastrinae","Glyptapanteles","Glyptapanteles Malaise8087","BOLD:AAN8087","Malaise trap PL12-4B",10.763,-85.334,"2015-04-23","1",654,"PLCAW"
"BIOUG49840-F05","PLCBC181-19","GMP#06424","Arthropoda","Insecta","Hymenoptera","Braconidae","Microgastrinae","Apanteles","Apanteles Malaise2941","BOLD:ADB2941","Malaise trap PL12-4B",10.763,-85.334,"2015-06-04","1",655,"PLCBC"
"BIOUG49843-H05","PLCBD172-19","GMP#06425","Arthropoda","Insecta","Hymenoptera","Braconidae","Microgastrinae","Rhygoplitis","Rhygoplitis Whitfield01","BOLD:AAC0735","Malaise trap PL12-4B",10.763,-85.334,"2015-06-11","1",655,"PLCBD"
"BIOUG49846-D09","PLCBF068-19","GMP#06427","Arthropoda","Insecta","Hymenoptera","Braconidae","Microgastrinae","Cotesia","Cotesia Whitfield26","BOLD:AAA7143","Malaise trap PL12-4B",10.763,-85.334,"2015-06-25","1",643,"PLCBF"
"BIOUG49786-F09","PLCBJ127-19","GMP#06431","Arthropoda","Insecta","Hymenoptera","Braconidae","Microgastrinae","Hypomicrogaster","Hypomicrogaster Whitfield16","BOLD:ACE8845","Malaise trap PL12-4B",10.763,-85.334,"2015-07-23","1",657,"PLCBJ"
"BIOUG58459-F09","PLCCE080-20","GMP#21036","Arthropoda","Insecta","Hymenoptera","Braconidae","Microgastrinae","Hypomicrogaster","Hypomicrogaster Whitfield16","BOLD:ACE8845","Malaise trap PL12-4E",10.763,-85.334,"2017-12-14","1",655,"PLCCE"
"BIOUG58462-C11","PLCCH053-20","GMP#21039","Arthropoda","Insecta","Hymenoptera","Braconidae","Microgastrinae","Pseudapanteles","Pseudapanteles alvaroumanai","BOLD:AAE0922","Malaise trap PL12-4E",10.763,-85.334,"2018-01-04","1",652,"PLCCH"
"BIOUG57573-D12","PLCCI085-20","GMP#21040","Arthropoda","Insecta","Hymenoptera","Braconidae","Microgastrinae","Glyptapanteles","Glyptapanteles Malaise8087","BOLD:AAN8087","Malaise trap PL12-4E",10.763,-85.334,"2018-01-11","1",654,"PLCCI"
"BIOUG57580-D07","PLCCL580-20","GMP#21043","Arthropoda","Insecta","Hymenoptera","Braconidae","Microgastrinae","Pseudapanteles","Pseudapanteles alvaroumanai","BOLD:AAE0922","Malaise trap PL12-4E",10.763,-85.334,"2018-02-01","1",654,"PLCCL"
"BIOUG57594-E04","PLCCQ060-20","GMP#21048","Arthropoda","Insecta","Hymenoptera","Braconidae","Microgastrinae","Snellenius","Snellenius Malaise7986","BOLD:AEF7986","Malaise trap PL12-4E",10.763,-85.334,"2018-03-08","1",654,"PLCCQ"
"BIOUG63524-D05","PLCEI726-20","GMP#28095","Arthropoda","Insecta","Hymenoptera","Braconidae","Microgastrinae","Pseudapanteles","Pseudapanteles alvaroumanai","BOLD:AAE0922","Malaise trap PL12-6G",10.764,-85.333,"2020-01-09","1",653,"PLCEI"
"BIOUG63524-E07","PLCEI740-20","GMP#28095","Arthropoda","Insecta","Hymenoptera","Braconidae","Microgastrinae","Dolichogenidea","Dolichogenidea Rodriguez144","BOLD:AAD2236","Malaise trap PL12-6G",10.764,-85.333,"2020-01-09","1",652,"PLCEI"
"BIOUG63539-A10","PLCEM093-20","GMP#28099","Arthropoda","Insecta","Hymenoptera","Braconidae","Microgastrinae","Glyptapanteles","Glyptapanteles pamitchellae","BOLD:AAA3934","Malaise trap PL12-6G",10.764,-85.333,"2020-02-06","1",655,"PLCEM"
"BIOUG63822-E10","PLCEO206-20","GMP#28101","Arthropoda","Insecta","Hymenoptera","Braconidae","Microgastrinae","Glyptapanteles","Glyptapanteles pamitchellae","BOLD:AAA3934","Malaise trap PL12-6G",10.764,-85.333,"2020-02-20","1",651,"PLCEO"
"BIOUG63822-F09","PLCEO217-20","GMP#28101","Arthropoda","Insecta","Hymenoptera","Braconidae","Microgastrinae","Dolichogenidea","Dolichogenidea Janzen5847","BOLD:AAM5847","Malaise trap PL12-6G",10.764,-85.333,"2020-02-20","1",653,"PLCEO"
"BIOUG63826-A02","PLCEP269-20","GMP#28102","Arthropoda","Insecta","Hymenoptera","Braconidae","Microgastrinae","Hypomicrogaster","Hypomicrogaster Janzen160","BOLD:AAM5150","Malaise trap PL12-6G",10.764,-85.333,"2020-02-27","1",655,"PLCEP"
"BIOUG63826-A05","PLCEP272-20","GMP#28102","Arthropoda","Insecta","Hymenoptera","Braconidae","Microgastrinae","Dolichogenidea","Dolichogenidea Janzen5847","BOLD:AAM5847","Malaise trap PL12-6G",10.764,-85.333,"2020-02-27","1",654,"PLCEP"
"BIOUG63865-G11","PLCEX450-21","GMP#28110","Arthropoda","Insecta","Hymenoptera","Braconidae","Microgastrinae","Apanteles","Apanteles freddyquesadaiDHJ02","BOLD:AAC5219","Malaise trap PL12-6G",10.764,-85.333,"2020-04-30","1",653,"PLCEX"
"BIOUG64136-C08","PLCFN245-21","GMP#29067","Arthropoda","Insecta","Hymenoptera","Braconidae","Microgastrinae","Pseudapanteles","Pseudapanteles Malaise3040","BOLD:ADB3040","Malaise trap PL12-6G",10.764,-85.333,"2020-08-20","1",655,"PLCFN"
"BIOUG63755-G01","PLCFV017-21","GMP#29075","Arthropoda","Insecta","Hymenoptera","Braconidae","Microgastrinae","Apanteles","Apanteles juancarrilloi","BOLD:AAC8420","Malaise trap PL12-6G",10.764,-85.333,"2020-10-15","1",654,"PLCFV"
"BIOUG46392-E11","PLDAF087-19","GMP#06505","Arthropoda","Insecta","Hymenoptera","Braconidae","Microgastrinae","Pseudapanteles","Pseudapanteles alvaroumanai","BOLD:AAE0922","Malaise trap PL12-6B",10.764,-85.333,"2014-12-25","1",654,"PLDAF"
"BIOUG46166-H03","PLDAK049-19","GMP#06510","Arthropoda","Insecta","Hymenoptera","Braconidae","Microgastrinae","Glyptapanteles","Glyptapanteles pamitchellae","BOLD:AAA3934","Malaise trap PL12-6B",10.764,-85.333,"2015-01-29","1",654,"PLDAK"
"BIOUG46544-F07","PLDAL160-19","GMP#06511","Arthropoda","Insecta","Hymenoptera","Braconidae","Microgastrinae","Dolichogenidea","Dolichogenidea Janzen5847","BOLD:AAM5847","Malaise trap PL12-6B",10.764,-85.333,"2015-02-05","1",640,"PLDAL"
"BIOUG46557-F11","PLDAM280-19","GMP#06512","Arthropoda","Insecta","Hymenoptera","Braconidae","Microgastrinae","Pseudapanteles","Pseudapanteles alvaroumanai","BOLD:AAE0922","Malaise trap PL12-6B",10.764,-85.333,"2015-02-12","1",654,"PLDAM"
"BIOUG46557-G01","PLDAM282-19","GMP#06512","Arthropoda","Insecta","Hymenoptera","Braconidae","Microgastrinae","Apanteles","Apanteles Rodriguez50","BOLD:AAJ1515","Malaise trap PL12-6B",10.764,-85.333,"2015-02-12","1",654,"PLDAM"
"BIOUG46557-G04","PLDAM285-19","GMP#06512","Arthropoda","Insecta","Hymenoptera","Braconidae","Microgastrinae","Parapanteles","Parapanteles tlineaDHJ01","BOLD:AED2446","Malaise trap PL12-6B",10.764,-85.333,"2015-02-12","1",654,"PLDAM"
"BIOUG46559-G03","PLDAN187-19","GMP#06513","Arthropoda","Insecta","Hymenoptera","Braconidae","Microgastrinae","Pseudapanteles","Pseudapanteles alvaroumanai","BOLD:AAE0922","Malaise trap PL12-6B",10.764,-85.333,"2015-02-19","1",654,"PLDAN"
"BIOUG46562-B06","PLDAP187-19","GMP#06515","Arthropoda","Insecta","Hymenoptera","Braconidae","Microgastrinae","Apanteles","Apanteles Malaise9656","BOLD:ADA9656","Malaise trap PL12-6B",10.764,-85.333,"2015-03-05","1",653,"PLDAP"
"BIOUG46567-G09","PLDAS152-19","GMP#06518","Arthropoda","Insecta","Hymenoptera","Braconidae","Microgastrinae","Pseudapanteles","Pseudapanteles alvaroumanai","BOLD:AAE0922","Malaise trap PL12-6B",10.764,-85.333,"2015-03-26","1",655,"PLDAS"
"BIOUG46641-C09","PLDAU186-19","GMP#06520","Arthropoda","Insecta","Hymenoptera","Braconidae","Microgastrinae","Apanteles","Apanteles Malaise9656","BOLD:ADA9656","Malaise trap PL12-6B",10.764,-85.333,"2015-04-09","1",653,"PLDAU"
"BIOUG46641-D01","PLDAU190-19","GMP#06520","Arthropoda","Insecta","Hymenoptera","Braconidae","Microgastrinae","Glyptapanteles","Glyptapanteles pamitchellae","BOLD:AAA3934","Malaise trap PL12-6B",10.764,-85.333,"2015-04-09","1",653,"PLDAU"
"BIOUG46647-H04","PLDAY356-19","GMP#06524","Arthropoda","Insecta","Hymenoptera","Braconidae","Microgastrinae","Dolichogenidea","Dolichogenidea Rodriguez144","BOLD:AAD2236","Malaise trap PL12-6B",10.764,-85.333,"2015-05-07","1",653,"PLDAY"
"BIOUG51421-G06","PLDBE218-19","GMP#06530","Arthropoda","Insecta","Hymenoptera","Braconidae","Microgastrinae","Apanteles","Apanteles Malaise2941","BOLD:ADB2941","Malaise trap PL12-6B",10.764,-85.333,"2015-06-18","1",655,"PLDBE"
"BIOUG50553-A08","PLDBG442-19","GMP#06532","Arthropoda","Insecta","Hymenoptera","Braconidae","Microgastrinae","Apanteles","Apanteles Janzen0422","BOLD:AAW0422","Malaise trap PL12-6B",10.764,-85.333,"2015-07-02","1",654,"PLDBG"
"BIOUG50477-E08","PLDBI124-19","GMP#06534","Arthropoda","Insecta","Hymenoptera","Braconidae","Microgastrinae","Glyptapanteles","Glyptapanteles Malaise1893","BOLD:ACB1893","Malaise trap PL12-6B",10.764,-85.333,"2015-07-16","1",656,"PLDBI"
"BIOUG50565-F09","PLDBJ075-19","GMP#06535","Arthropoda","Insecta","Hymenoptera","Braconidae","Microgastrinae","Dolichogenidea","Dolichogenidea Janzen94","BOLD:AAE8602","Malaise trap PL12-6B",10.764,-85.333,"2015-07-23","1",653,"PLDBJ"
"BIOUG50566-E12","PLDBJ180-19","GMP#06542","Arthropoda","Insecta","Hymenoptera","Braconidae","Microgastrinae","Parapanteles","Parapanteles tlineaDHJ01","BOLD:AED2446","Malaise trap PL12-6B",10.764,-85.333,"2015-09-10","1",652,"PLDBQ"
"BIOUG50566-F11","PLDBJ191-19","GMP#06542","Arthropoda","Insecta","Hymenoptera","Braconidae","Microgastrinae","Pseudapanteles","Pseudapanteles raulsolorzanoi","BOLD:AAA6667","Malaise trap PL12-6B",10.764,-85.333,"2015-09-10","1",655,"PLDBQ"
"BIOUG50592-E01","PLDBZ130-19","GMP#06551","Arthropoda","Insecta","Hymenoptera","Braconidae","Microgastrinae","Cotesia","Cotesia Whitfield31","BOLD:AAA7143","Malaise trap PL12-6B",10.764,-85.333,"2015-11-12","1",654,"PLDBZ"
"BIOUG58355-B06","PLDCB318-20","GMP#20877","Arthropoda","Insecta","Hymenoptera","Braconidae","Microgastrinae","Parapanteles","Parapanteles Janzen3007","BOLD:AEA3007","Malaise trap PL12-6E",10.764,-85.333,"2017-11-23","1",654,"PLDCB"
"BIOUG58466-B12","PLDCH080-20","GMP#20883","Arthropoda","Insecta","Hymenoptera","Braconidae","Microgastrinae","Dolichogenidea","Dolichogenidea Malaise4342","BOLD:AEF4342","Malaise trap PL12-6E",10.764,-85.333,"2018-01-04","1",641,"PLDCH"
"BIOUG58493-C05","PLDCO387-20","GMP#20890","Arthropoda","Insecta","Hymenoptera","Braconidae","Microgastrinae","Dolichogenidea","Dolichogenidea Janzen5847","BOLD:AAM5847","Malaise trap PL12-6E",10.764,-85.333,"2018-02-22","1",656,"PLDCO"
"BIOUG58493-E05","PLDCO411-20","GMP#20890","Arthropoda","Insecta","Hymenoptera","Braconidae","Microgastrinae","Glyptapanteles","Glyptapanteles Whitfield90","BOLD:AAY1040","Malaise trap PL12-6E",10.764,-85.333,"2018-02-22","1",654,"PLDCO"
"BIOUG58497-A09","PLDCP345-20","GMP#20891","Arthropoda","Insecta","Hymenoptera","Braconidae","Microgastrinae","Dolichogenidea","Dolichogenidea Janzen5847","BOLD:AAM5847","Malaise trap PL12-6E",10.764,-85.333,"2018-03-01","1",654,"PLDCP"
"BIOUG58497-C12","PLDCP372-20","GMP#20891","Arthropoda","Insecta","Hymenoptera","Braconidae","Microgastrinae","Dolichogenidea","Dolichogenidea Janzen5847","BOLD:AEB8464","Malaise trap PL12-6E",10.764,-85.333,"2018-03-01","1",653,"PLDCP"
"BIOUG58856-D06","PLDCQ216-20","GMP#20892","Arthropoda","Insecta","Hymenoptera","Braconidae","Microgastrinae","Apanteles","Apanteles Malaise9568","BOLD:ADA9568","Malaise trap PL12-6E",10.764,-85.333,"2018-03-08","1",652,"PLDCQ"
"BIOUG58884-A01","PLDCX267-20","GMP#20899","Arthropoda","Insecta","Hymenoptera","Braconidae","Microgastrinae","Apanteles","Apanteles Malaise2941","BOLD:ADB2941","Malaise trap PL12-6E",10.764,-85.333,"2018-04-26","1",655,"PLDCX"
"BIOUG58895-G06","PLDCZ357-20","GMP#20901","Arthropoda","Insecta","Hymenoptera","Braconidae","Microgastrinae","Apanteles","Apanteles Malaise2941","BOLD:ADB2941","Malaise trap PL12-6E",10.764,-85.333,"2018-05-10","1",656,"PLDCZ"
"BIOUG58895-H07","PLDCZ370-20","GMP#20901","Arthropoda","Insecta","Hymenoptera","Braconidae","Microgastrinae","Pseudapanteles","Pseudapanteles alvaroumanai","BOLD:AAE0922","Malaise trap PL12-6E",10.764,-85.333,"2018-05-10","1",653,"PLDCZ"
"BIOUG58898-D03","PLDDA130-20","GMP#20902","Arthropoda","Insecta","Hymenoptera","Braconidae","Microgastrinae","Apanteles","Apanteles Malaise2941","BOLD:ADB2941","Malaise trap PL12-6E",10.764,-85.333,"2018-05-17","1",651,"PLDDA"
"BIOUG58503-A01","PLDDC504-20","GMP#20904","Arthropoda","Insecta","Hymenoptera","Braconidae","Microgastrinae","Pseudapanteles","Pseudapanteles alvaroumanai","BOLD:AAE0922","Malaise trap PL12-6E",10.764,-85.333,"2018-05-31","1",653,"PLDDC"
"BIOUG58511-B07","PLDDD733-20","GMP#20905","Arthropoda","Insecta","Hymenoptera","Braconidae","Microgastrinae","Pseudapanteles","Pseudapanteles raulsolorzanoi","BOLD:AAA6667","Malaise trap PL12-6E",10.764,-85.333,"2018-06-07","1",654,"PLDDD"
"BIOUG58527-C08","PLDDF287-20","GMP#20907","Arthropoda","Insecta","Hymenoptera","Braconidae","Microgastrinae","Glyptapanteles","Glyptapanteles sondrawardae","BOLD:AAA3077","Malaise trap PL12-6E",10.764,-85.333,"2018-06-21","1",655,"PLDDF"
"BIOUG63286-H09","PLDEA260-20","GMP#28119","Arthropoda","Insecta","Hymenoptera","Braconidae","Microgastrinae","Alphomelon","Alphomelon andydeansi","BOLD:ADJ6568","Malaise trap PL12-7G",10.761,-85.335,"2019-11-14","1",641,"PLDEA"
"BIOUG63307-A11","PLDEF573-20","GMP#28124","Arthropoda","Insecta","Hymenoptera","Braconidae","Microgastrinae","Pseudapanteles","Pseudapanteles alvaroumanai","BOLD:AAE0922","Malaise trap PL12-7G",10.761,-85.335,"2019-12-19","1",654,"PLDEF"
"BIOUG63313-E11","PLDEG408-20","GMP#28125","Arthropoda","Insecta","Hymenoptera","Braconidae","Microgastrinae","Apanteles","Apanteles carolinacanoae","BOLD:AAE2842","Malaise trap PL12-7G",10.761,-85.335,"2019-12-26","1",654,"PLDEG"
"BIOUG63314-B07","PLDEG463-20","GMP#28125","Arthropoda","Insecta","Hymenoptera","Braconidae","Microgastrinae","Pseudapanteles","Pseudapanteles alvaroumanai","BOLD:AAE0922","Malaise trap PL12-7G",10.761,-85.335,"2019-12-26","1",654,"PLDEG"
"BIOUG63319-H02","PLDEH375-20","GMP#28126","Arthropoda","Insecta","Hymenoptera","Braconidae","Microgastrinae","Hypomicrogaster","Hypomicrogaster Janzen160","BOLD:AAM5150","Malaise trap PL12-7G",10.761,-85.335,"2020-01-02","1",655,"PLDEH"
"BIOUG63320-B12","PLDEH408-20","GMP#28126","Arthropoda","Insecta","Hymenoptera","Braconidae","Microgastrinae","Pseudapanteles","Pseudapanteles alvaroumanai","BOLD:AAE0922","Malaise trap PL12-7G",10.761,-85.335,"2020-01-02","1",654,"PLDEH"
"BIOUG63327-B05","PLDEI378-20","GMP#28127","Arthropoda","Insecta","Hymenoptera","Braconidae","Microgastrinae","Apanteles","Apanteles oscarchavezi","BOLD:AAN7915","Malaise trap PL12-7G",10.761,-85.335,"2020-01-09","1",658,"PLDEI"
"BIOUG63327-C12","PLDEI397-20","GMP#28127","Arthropoda","Insecta","Hymenoptera","Braconidae","Microgastrinae","Cotesia","Cotesia Whitfield35","BOLD:AAA7143","Malaise trap PL12-7G",10.761,-85.335,"2020-01-09","1",651,"PLDEI"
"BIOUG63327-E07","PLDEI416-20","GMP#28127","Arthropoda","Insecta","Hymenoptera","Braconidae","Microgastrinae","Hypomicrogaster","Hypomicrogaster Janzen160","BOLD:AAM5150","Malaise trap PL12-7G",10.761,-85.335,"2020-01-09","1",651,"PLDEI"
"BIOUG63331-D02","PLDEJ246-20","GMP#28128","Arthropoda","Insecta","Hymenoptera","Braconidae","Microgastrinae","Pseudapanteles","Pseudapanteles alvaroumanai","BOLD:AAE0922","Malaise trap PL12-7G",10.761,-85.335,"2020-01-16","1",654,"PLDEJ"
"BIOUG63334-F03","PLDEK078-20","GMP#28129","Arthropoda","Insecta","Hymenoptera","Braconidae","Microgastrinae","Pseudapanteles","Pseudapanteles alvaroumanai","BOLD:AAE0922","Malaise trap PL12-7G",10.761,-85.335,"2020-01-23","1",654,"PLDEK"
"BIOUG63343-E12","PLDEM327-20","GMP#28131","Arthropoda","Insecta","Hymenoptera","Braconidae","Microgastrinae","Pseudapanteles","Pseudapanteles alvaroumanai","BOLD:AAE0922","Malaise trap PL12-7G",10.761,-85.335,"2020-02-06","1",651,"PLDEM"
"BIOUG63343-H05","PLDEM356-20","GMP#28131","Arthropoda","Insecta","Hymenoptera","Braconidae","Microgastrinae","Pseudapanteles","Pseudapanteles raulsolorzanoi","BOLD:AAA6667","Malaise trap PL12-7G",10.761,-85.335,"2020-02-06","1",654,"PLDEM"
"BIOUG63346-B01","PLDEN141-20","GMP#28132","Arthropoda","Insecta","Hymenoptera","Braconidae","Microgastrinae","Glyptapanteles","Glyptapanteles Whitfield90","BOLD:AAY1040","Malaise trap PL12-7G",10.761,-85.335,"2020-02-13","1",652,"PLDEN"
"BIOUG63346-B09","PLDEN149-20","GMP#28132","Arthropoda","Insecta","Hymenoptera","Braconidae","Microgastrinae","Glyptapanteles","Glyptapanteles pamitchellae","BOLD:AAA3934","Malaise trap PL12-7G",10.761,-85.335,"2020-02-13","1",657,"PLDEN"
"BIOUG63346-D03","PLDEN167-20","GMP#28132","Arthropoda","Insecta","Hymenoptera","Braconidae","Microgastrinae","Apanteles","Apanteles oscarchavezi","BOLD:AAN7915","Malaise trap PL12-7G",10.761,-85.335,"2020-02-13","1",651,"PLDEN"
"BIOUG63346-D06","PLDEN170-20","GMP#28132","Arthropoda","Insecta","Hymenoptera","Braconidae","Microgastrinae","Pseudapanteles","Pseudapanteles alvaroumanai","BOLD:AAE0922","Malaise trap PL12-7G",10.761,-85.335,"2020-02-13","1",653,"PLDEN"
"BIOUG63346-E01","PLDEN177-20","GMP#28132","Arthropoda","Insecta","Hymenoptera","Braconidae","Microgastrinae","Pseudapanteles","Pseudapanteles alvaroumanai","BOLD:AAE0922","Malaise trap PL12-7G",10.761,-85.335,"2020-02-13","1",654,"PLDEN"
"BIOUG63349-B08","PLDEO128-21","GMP#28133","Arthropoda","Insecta","Hymenoptera","Braconidae","Microgastrinae","Glyptapanteles","Glyptapanteles Whitfield90","BOLD:AAY1040","Malaise trap PL12-7G",10.761,-85.335,"2020-02-20","1",654,"PLDEO"
"BIOUG63601-F09","PLDEP138-21","GMP#28134","Arthropoda","Insecta","Hymenoptera","Braconidae","Microgastrinae","Glyptapanteles","Glyptapanteles pamitchellae","BOLD:AAA3934","Malaise trap PL12-7G",10.761,-85.335,"2020-02-27","1",653,"PLDEP"
"BIOUG63554-F02","PLDEX165-20","GMP#28142","Arthropoda","Insecta","Hymenoptera","Braconidae","Microgastrinae","Pseudapanteles","Pseudapanteles raulsolorzanoi","BOLD:AAA6667","Malaise trap PL12-7G",10.761,-85.335,"2020-04-30","1",658,"PLDEX"
"BIOUG63554-F04","PLDEX167-20","GMP#28142","Arthropoda","Insecta","Hymenoptera","Braconidae","Microgastrinae","Pseudapanteles","Pseudapanteles alvaroumanai","BOLD:AAE0922","Malaise trap PL12-7G",10.761,-85.335,"2020-04-30","1",654,"PLDEX"
"BIOUG63556-D09","PLDEY141-20","GMP#28143","Arthropoda","Insecta","Hymenoptera","Braconidae","Microgastrinae","Pseudapanteles","Pseudapanteles alvaroumanai","BOLD:AAE0922","Malaise trap PL12-7G",10.761,-85.335,"2020-05-07","1",655,"PLDEY"
"BIOUG63559-D02","PLDEZ192-20","GMP#28144","Arthropoda","Insecta","Hymenoptera","Braconidae","Microgastrinae","Pseudapanteles","Pseudapanteles alvaroumanai","BOLD:AAE0922","Malaise trap PL12-7G",10.761,-85.335,"2020-05-14","1",656,"PLDEZ"
"BIOUG63559-D03","PLDEZ193-20","GMP#28144","Arthropoda","Insecta","Hymenoptera","Braconidae","Microgastrinae","Pseudapanteles","Pseudapanteles raulsolorzanoi","BOLD:AAA6667","Malaise trap PL12-7G",10.761,-85.335,"2020-05-14","1",654,"PLDEZ"
"BIOUG63559-D06","PLDEZ196-20","GMP#28144","Arthropoda","Insecta","Hymenoptera","Braconidae","Microgastrinae","Glyptapanteles","Glyptapanteles pamitchellae","BOLD:AAA3934","Malaise trap PL12-7G",10.761,-85.335,"2020-05-14","1",656,"PLDEZ"
"BIOUG63559-F03","PLDEZ217-20","GMP#28144","Arthropoda","Insecta","Hymenoptera","Braconidae","Microgastrinae","Pseudapanteles","Pseudapanteles raulsolorzanoi","BOLD:AAA6667","Malaise trap PL12-7G",10.761,-85.335,"2020-05-14","1",654,"PLDEZ"
"BIOUG63563-A03","PLDFA260-20","GMP#28145","Arthropoda","Insecta","Hymenoptera","Braconidae","Microgastrinae","Pseudapanteles","Pseudapanteles alvaroumanai","BOLD:AAE0922","Malaise trap PL12-7G",10.761,-85.335,"2020-05-21","1",653,"PLDFA"
"BIOUG63564-E07","PLDFB127-21","GMP#28146","Arthropoda","Insecta","Hymenoptera","Braconidae","Microgastrinae","Glyptapanteles","Glyptapanteles pamitchellae","BOLD:AAA3934","Malaise trap PL12-7G",10.761,-85.335,"2020-05-28","1",651,"PLDFB"
"BIOUG63566-C11","PLDFB297-21","GMP#28146","Arthropoda","Insecta","Hymenoptera","Braconidae","Microgastrinae","Glyptapanteles","Glyptapanteles Whitfield91","BOLD:ACL4468","Malaise trap PL12-7G",10.761,-85.335,"2020-05-28","1",655,"PLDFB"
"BIOUG63566-E09","PLDFB319-21","GMP#28146","Arthropoda","Insecta","Hymenoptera","Braconidae","Microgastrinae","Pseudapanteles","Pseudapanteles alvaroumanai","BOLD:AAE0922","Malaise trap PL12-7G",10.761,-85.335,"2020-05-28","1",654,"PLDFB"
"BIOUG63566-G06","PLDFB340-21","GMP#28146","Arthropoda","Insecta","Hymenoptera","Braconidae","Microgastrinae","Pseudapanteles","Pseudapanteles alvaroumanai","BOLD:AAE0922","Malaise trap PL12-7G",10.761,-85.335,"2020-05-28","1",654,"PLDFB"
"BIOUG63574-F07","PLDFD230-21","GMP#28148","Arthropoda","Insecta","Hymenoptera","Braconidae","Microgastrinae","Pseudapanteles","Pseudapanteles raulsolorzanoi","BOLD:AAA6667","Malaise trap PL12-7G",10.761,-85.335,"2020-06-11","1",655,"PLDFD"
"BIOUG63574-H04","PLDFD251-21","GMP#28148","Arthropoda","Insecta","Hymenoptera","Braconidae","Microgastrinae","Pseudapanteles","Pseudapanteles alvaroumanai","BOLD:AAE0922","Malaise trap PL12-7G",10.761,-85.335,"2020-06-11","1",654,"PLDFD"
"BIOUG62260-E01","PLDFF199-20","GMP#28150","Arthropoda","Insecta","Hymenoptera","Braconidae","Microgastrinae","Pseudapanteles","Pseudapanteles alvaroumanai","BOLD:AAE0922","Malaise trap PL12-7G",10.761,-85.335,"2020-06-25","1",655,"PLDFF"
"BIOUG62261-C04","PLDFF273-20","GMP#28150","Arthropoda","Insecta","Hymenoptera","Braconidae","Microgastrinae","Pseudapanteles","Pseudapanteles alvaroumanai","BOLD:AAE0922","Malaise trap PL12-7G",10.761,-85.335,"2020-06-25","1",658,"PLDFF"
"BIOUG49111-F10","PLEAN152-19","GMP#06935","Arthropoda","Insecta","Hymenoptera","Braconidae","Microgastrinae","Parapanteles","Parapanteles Janzen3007","BOLD:AEA3007","Malaise trap PL12-5A",10.763,-85.334,"2014-02-13","1",652,"PLEAN"
"BIOUG49367-B01","PLEAY443-19","GMP#06946","Arthropoda","Insecta","Hymenoptera","Braconidae","Microgastrinae","Apanteles","Apanteles Malaise2941","BOLD:ADB2941","Malaise trap PL12-5A",10.763,-85.334,"2014-05-01","1",656,"PLEAY"
"BIOUG49367-C09","PLEAY463-19","GMP#06946","Arthropoda","Insecta","Hymenoptera","Braconidae","Microgastrinae","Apanteles","Apanteles Malaise2941","BOLD:ADB2941","Malaise trap PL12-5A",10.763,-85.334,"2014-05-01","1",658,"PLEAY"
"BIOUG49342-H04","PLEBA513-19","GMP#06948","Arthropoda","Insecta","Hymenoptera","Braconidae","Microgastrinae","Pseudapanteles","Pseudapanteles alvaroumanai","BOLD:AAE0922","Malaise trap PL12-5A",10.763,-85.334,"2014-05-15","1",656,"PLEBA"
"BIOUG49342-H09","PLEBA518-19","GMP#06948","Arthropoda","Insecta","Hymenoptera","Braconidae","Microgastrinae","Apanteles","Apanteles Malaise7955","BOLD:ADB7955","Malaise trap PL12-5A",10.763,-85.334,"2014-05-15","1",654,"PLEBA"
"BIOUG50608-A07","PLEBD506-19","GMP#06951","Arthropoda","Insecta","Hymenoptera","Braconidae","Microgastrinae","Hypomicrogaster","Hypomicrogaster samarshalli","BOLD:AAF7670","Malaise trap PL12-5A",10.763,-85.334,"2014-06-05","1",658,"PLEBD"
"BIOUG50608-E02","PLEBD549-19","GMP#06951","Arthropoda","Insecta","Hymenoptera","Braconidae","Microgastrinae","Dolichogenidea","Dolichogenidea malaise0710","BOLD:ADB0710","Malaise trap PL12-5A",10.763,-85.334,"2014-06-05","1",656,"PLEBD"
"BIOUG50608-H01","PLEBD584-19","GMP#06951","Arthropoda","Insecta","Hymenoptera","Braconidae","Microgastrinae","Parapanteles","Parapanteles tlineaDHJ01","BOLD:AED2446","Malaise trap PL12-5A",10.763,-85.334,"2014-06-05","1",655,"PLEBD"
"BIOUG50698-F12","PLEBQ234-19","GMP#06964","Arthropoda","Insecta","Hymenoptera","Braconidae","Microgastrinae","Parapanteles","Parapanteles tlineaDHJ01","BOLD:AED2446","Malaise trap PL12-5A",10.763,-85.334,"2014-09-04","1",654,"PLEBQ"
"BIOUG56743-B12","PLECA479-20","GMP#21447","Arthropoda","Insecta","Hymenoptera","Braconidae","Microgastrinae","Pseudapanteles","Pseudapanteles alvaroumanai","BOLD:AAE0922","Malaise trap PL12-5D",10.763,-85.334,"2016-11-17","1",655,"PLECA"
"BIOUG56761-B08","PLECB1858-20","GMP#21448","Arthropoda","Insecta","Hymenoptera","Braconidae","Microgastrinae","Cotesia","Cotesia Whitfield31","BOLD:AAA7143","Malaise trap PL12-5D",10.763,-85.334,"2016-11-24","1",653,"PLECB"
"BIOUG56761-C02","PLECB1864-20","GMP#21448","Arthropoda","Insecta","Hymenoptera","Braconidae","Microgastrinae","Glyptapanteles","Glyptapanteles Janzen4535","BOLD:AEB1477","Malaise trap PL12-5D",10.763,-85.334,"2016-11-24","1",656,"PLECB"
"BIOUG56761-C11","PLECB1873-20","GMP#21448","Arthropoda","Insecta","Hymenoptera","Braconidae","Microgastrinae","Apanteles","Apanteles Malaise7955","BOLD:ADB7955","Malaise trap PL12-5D",10.763,-85.334,"2016-11-24","1",655,"PLECB"
"BIOUG56761-D02","PLECB1876-20","GMP#21448","Arthropoda","Insecta","Hymenoptera","Braconidae","Microgastrinae","Glyptapanteles","Glyptapanteles Malaise7938","BOLD:ADA7938","Malaise trap PL12-5D",10.763,-85.334,"2016-11-24","1",654,"PLECB"
"BIOUG56761-D09","PLECB1883-20","GMP#21448","Arthropoda","Insecta","Hymenoptera","Braconidae","Microgastrinae","Dolichogenidea","Dolichogenidea Rodriguez144","BOLD:AAD2236","Malaise trap PL12-5D",10.763,-85.334,"2016-11-24","1",654,"PLECB"
"BIOUG56761-E01","PLECB1887-20","GMP#21448","Arthropoda","Insecta","Hymenoptera","Braconidae","Microgastrinae","Dolichogenidea","Dolichogenidea Rodriguez144","BOLD:AAD2236","Malaise trap PL12-5D",10.763,-85.334,"2016-11-24","1",654,"PLECB"
"BIOUG56761-H11","PLECB1933-20","GMP#21448","Arthropoda","Insecta","Hymenoptera","Braconidae","Microgastrinae","Diolcogaster","Diolcogaster Choi112","BOLD:AAD3978","Malaise trap PL12-5D",10.763,-85.334,"2016-11-24","1",656,"PLECB"
"BIOUG56762-E01","PLECB1982-20","GMP#21448","Arthropoda","Insecta","Hymenoptera","Braconidae","Microgastrinae","Glyptapanteles","Glyptapanteles carlrettenmeyeri","BOLD:AAY0742","Malaise trap PL12-5D",10.763,-85.334,"2016-11-24","1",656,"PLECB"
"BIOUG56762-H10","PLECB2027-20","GMP#21448","Arthropoda","Insecta","Hymenoptera","Braconidae","Microgastrinae","Glyptapanteles","Glyptapanteles Janzen4535","BOLD:AEB1477","Malaise trap PL12-5D",10.763,-85.334,"2016-11-24","1",656,"PLECB"
"BIOUG56763-B01","PLECB2041-20","GMP#21448","Arthropoda","Insecta","Hymenoptera","Braconidae","Microgastrinae","Rasivalva","Rasivalva Malaise7445","BOLD:AEB7445","Malaise trap PL12-5D",10.763,-85.334,"2016-11-24","1",654,"PLECB"
"BIOUG56763-B04","PLECB2044-20","GMP#21448","Arthropoda","Insecta","Hymenoptera","Braconidae","Microgastrinae","Glyptapanteles","Glyptapanteles Janzen4535","BOLD:AEB1477","Malaise trap PL12-5D",10.763,-85.334,"2016-11-24","1",657,"PLECB"
"BIOUG56763-C12","PLECB2064-20","GMP#21448","Arthropoda","Insecta","Hymenoptera","Braconidae","Microgastrinae","Hypomicrogaster","Hypomicrogaster Whitfield20","BOLD:AAK3035","Malaise trap PL12-5D",10.763,-85.334,"2016-11-24","1",655,"PLECB"
"BIOUG56763-E10","PLECB2086-20","GMP#21448","Arthropoda","Insecta","Hymenoptera","Braconidae","Microgastrinae","Dolichogenidea","Dolichogenidea Rodriguez144","BOLD:AAD2236","Malaise trap PL12-5D",10.763,-85.334,"2016-11-24","1",654,"PLECB"
"BIOUG56763-F01","PLECB2089-20","GMP#21448","Arthropoda","Insecta","Hymenoptera","Braconidae","Microgastrinae","Hypomicrogaster","Hypomicrogaster Whitfield20","BOLD:AAK3035","Malaise trap PL12-5D",10.763,-85.334,"2016-11-24","1",655,"PLECB"
"BIOUG56763-G11","PLECB2111-20","GMP#21448","Arthropoda","Insecta","Hymenoptera","Braconidae","Microgastrinae","Glyptapanteles","Glyptapanteles Malaise2049","BOLD:AEA2049","Malaise trap PL12-5D",10.763,-85.334,"2016-11-24","1",654,"PLECB"
"BIOUG56764-A09","PLECB2132-20","GMP#21448","Arthropoda","Insecta","Hymenoptera","Braconidae","Microgastrinae","Dolichogenidea","Dolichogenidea Janzen94","BOLD:AAE8602","Malaise trap PL12-5D",10.763,-85.334,"2016-11-24","1",656,"PLECB"
"BIOUG56764-B12","PLECB2147-20","GMP#21448","Arthropoda","Insecta","Hymenoptera","Braconidae","Microgastrinae","Glyptapanteles","Glyptapanteles jesusugaldei","BOLD:ABX6466","Malaise trap PL12-5D",10.763,-85.334,"2016-11-24","1",657,"PLECB"
"BIOUG56764-C12","PLECB2159-20","GMP#21448","Arthropoda","Insecta","Hymenoptera","Braconidae","Microgastrinae","Lathrapanteles","Lathrapanteles Whitfield01","BOLD:AAD3521","Malaise trap PL12-5D",10.763,-85.334,"2016-11-24","1",657,"PLECB"
"BIOUG56764-E09","PLECB2180-20","GMP#21448","Arthropoda","Insecta","Hymenoptera","Braconidae","Microgastrinae","Dolichogenidea","Dolichogenidea Janzen12","BOLD:ACF2953","Malaise trap PL12-5D",10.763,-85.334,"2016-11-24","1",659,"PLECB"
"BIOUG56765-A05","PLECB2223-20","GMP#21448","Arthropoda","Insecta","Hymenoptera","Braconidae","Microgastrinae","Apanteles","Apanteles bernyapui","BOLD:AAB7636","Malaise trap PL12-5D",10.763,-85.334,"2016-11-24","1",654,"PLECB"
"BIOUG56767-C09","PLECB2441-20","GMP#21448","Arthropoda","Insecta","Hymenoptera","Braconidae","Microgastrinae","Glyptapanteles","Glyptapanteles Malaise8087","BOLD:AAN8087","Malaise trap PL12-5D",10.763,-85.334,"2016-11-24","1",654,"PLECB"
"BIOUG56781-B03","PLECC1334-20","GMP#21449","Arthropoda","Insecta","Hymenoptera","Braconidae","Microgastrinae","Glyptapanteles","Glyptapanteles Malaise2049","BOLD:AEA2049","Malaise trap PL12-5D",10.763,-85.334,"2016-12-01","1",655,"PLECC"
"BIOUG56782-C08","PLECC1446-20","GMP#21449","Arthropoda","Insecta","Hymenoptera","Braconidae","Microgastrinae","Glyptapanteles","Glyptapanteles mikegatesi","BOLD:AAI7293","Malaise trap PL12-5D",10.763,-85.334,"2016-12-01","1",651,"PLECC"
"BIOUG56783-B09","PLECC1530-20","GMP#21449","Arthropoda","Insecta","Hymenoptera","Braconidae","Microgastrinae","Pseudapanteles","Pseudapanteles alvaroumanai","BOLD:AAE0922","Malaise trap PL12-5D",10.763,-85.334,"2016-12-01","1",655,"PLECC"
"BIOUG56784-F10","PLECC1674-20","GMP#21449","Arthropoda","Insecta","Hymenoptera","Braconidae","Microgastrinae","Pseudapanteles","Pseudapanteles alvaroumanai","BOLD:AAE0922","Malaise trap PL12-5D",10.763,-85.334,"2016-12-01","1",651,"PLECC"
"BIOUG56784-G08","PLECC1684-20","GMP#21449","Arthropoda","Insecta","Hymenoptera","Braconidae","Microgastrinae","Pseudapanteles","Pseudapanteles alvaroumanai","BOLD:AAE0922","Malaise trap PL12-5D",10.763,-85.334,"2016-12-01","1",654,"PLECC"
"BIOUG56785-C09","PLECC1732-20","GMP#21449","Arthropoda","Insecta","Hymenoptera","Braconidae","Microgastrinae","Rasivalva","Rasivalva Malaise7445","BOLD:AEB7445","Malaise trap PL12-5D",10.763,-85.334,"2016-12-01","1",652,"PLECC"
"BIOUG56785-D05","PLECC1740-20","GMP#21449","Arthropoda","Insecta","Hymenoptera","Braconidae","Microgastrinae","Pseudapanteles","Pseudapanteles alvaroumanai","BOLD:AAE0922","Malaise trap PL12-5D",10.763,-85.334,"2016-12-01","1",656,"PLECC"
"BIOUG58262-E12","PLECD1541-20","GMP#21450","Arthropoda","Insecta","Hymenoptera","Braconidae","Microgastrinae","Pseudapanteles","Pseudapanteles alvaroumanai","BOLD:AAE0922","Malaise trap PL12-5D",10.763,-85.334,"2016-12-08","1",654,"PLECD"
"BIOUG58262-F02","PLECD1543-20","GMP#21450","Arthropoda","Insecta","Hymenoptera","Braconidae","Microgastrinae","Pseudapanteles","Pseudapanteles alvaroumanai","BOLD:AAE0922","Malaise trap PL12-5D",10.763,-85.334,"2016-12-08","1",651,"PLECD"
"BIOUG58262-G03","PLECD1556-20","GMP#21450","Arthropoda","Insecta","Hymenoptera","Braconidae","Microgastrinae","Pseudapanteles","Pseudapanteles alvaroumanai","BOLD:AAE0922","Malaise trap PL12-5D",10.763,-85.334,"2016-12-08","1",656,"PLECD"
"BIOUG58262-H07","PLECD1572-20","GMP#21450","Arthropoda","Insecta","Hymenoptera","Braconidae","Microgastrinae","Diolcogaster","Diolcogaster Choi112","BOLD:AAD3978","Malaise trap PL12-5D",10.763,-85.334,"2016-12-08","1",654,"PLECD"
"BIOUG58263-A05","PLECD1581-20","GMP#21450","Arthropoda","Insecta","Hymenoptera","Braconidae","Microgastrinae","Pseudapanteles","Pseudapanteles alvaroumanai","BOLD:AAE0922","Malaise trap PL12-5D",10.763,-85.334,"2016-12-08","1",652,"PLECD"
"BIOUG58263-C01","PLECD1601-20","GMP#21450","Arthropoda","Insecta","Hymenoptera","Braconidae","Microgastrinae","Pseudapanteles","Pseudapanteles alvaroumanai","BOLD:AAE0922","Malaise trap PL12-5D",10.763,-85.334,"2016-12-08","1",655,"PLECD"
"BIOUG58263-F01","PLECD1637-20","GMP#21450","Arthropoda","Insecta","Hymenoptera","Braconidae","Microgastrinae","Pseudapanteles","Pseudapanteles alvaroumanai","BOLD:AAE0922","Malaise trap PL12-5D",10.763,-85.334,"2016-12-08","1",653,"PLECD"
"BIOUG58263-H02","PLECD1662-20","GMP#21450","Arthropoda","Insecta","Hymenoptera","Braconidae","Microgastrinae","Pseudapanteles","Pseudapanteles alvaroumanai","BOLD:AAE0922","Malaise trap PL12-5D",10.763,-85.334,"2016-12-08","1",655,"PLECD"
"BIOUG58263-H06","PLECD1666-20","GMP#21450","Arthropoda","Insecta","Hymenoptera","Braconidae","Microgastrinae","Pseudapanteles","Pseudapanteles alvaroumanai","BOLD:AAE0922","Malaise trap PL12-5D",10.763,-85.334,"2016-12-08","1",654,"PLECD"
"BIOUG58264-A08","PLECD1679-20","GMP#21450","Arthropoda","Insecta","Hymenoptera","Braconidae","Microgastrinae","Dolichogenidea","Dolichogenidea Rodriguez144","BOLD:AAD2236","Malaise trap PL12-5D",10.763,-85.334,"2016-12-08","1",640,"PLECD"
"BIOUG58264-A10","PLECD1681-20","GMP#21450","Arthropoda","Insecta","Hymenoptera","Braconidae","Microgastrinae","Pseudapanteles","Pseudapanteles alvaroumanai","BOLD:AAE0922","Malaise trap PL12-5D",10.763,-85.334,"2016-12-08","1",654,"PLECD"
"BIOUG58264-B01","PLECD1684-20","GMP#21450","Arthropoda","Insecta","Hymenoptera","Braconidae","Microgastrinae","Glyptapanteles","Glyptapanteles Malaise2049","BOLD:AEA2049","Malaise trap PL12-5D",10.763,-85.334,"2016-12-08","1",655,"PLECD"
"BIOUG58264-B05","PLECD1688-20","GMP#21450","Arthropoda","Insecta","Hymenoptera","Braconidae","Microgastrinae","Pseudapanteles","Pseudapanteles alvaroumanai","BOLD:AAE0922","Malaise trap PL12-5D",10.763,-85.334,"2016-12-08","1",698,"PLECD"
"BIOUG58264-G02","PLECD1745-20","GMP#21450","Arthropoda","Insecta","Hymenoptera","Braconidae","Microgastrinae","Glyptapanteles","Glyptapanteles Malaise2049","BOLD:AEA2049","Malaise trap PL12-5D",10.763,-85.334,"2016-12-08","1",654,"PLECD"
"BIOUG58264-G06","PLECD1749-20","GMP#21450","Arthropoda","Insecta","Hymenoptera","Braconidae","Microgastrinae","Apanteles","Apanteles Malaise9488","BOLD:AEC9488","Malaise trap PL12-5D",10.763,-85.334,"2016-12-08","1",652,"PLECD"
"BIOUG58265-A01","PLECD1767-20","GMP#21450","Arthropoda","Insecta","Hymenoptera","Braconidae","Microgastrinae","Pseudapanteles","Pseudapanteles alvaroumanai","BOLD:AAE0922","Malaise trap PL12-5D",10.763,-85.334,"2016-12-08","1",653,"PLECD"
"BIOUG58265-A03","PLECD1769-20","GMP#21450","Arthropoda","Insecta","Hymenoptera","Braconidae","Microgastrinae","Pseudapanteles","Pseudapanteles alvaroumanai","BOLD:AAE0922","Malaise trap PL12-5D",10.763,-85.334,"2016-12-08","1",653,"PLECD"
"BIOUG58265-A06","PLECD1772-20","GMP#21450","Arthropoda","Insecta","Hymenoptera","Braconidae","Microgastrinae","Pseudapanteles","Pseudapanteles alvaroumanai","BOLD:AAE0922","Malaise trap PL12-5D",10.763,-85.334,"2016-12-08","1",655,"PLECD"
"BIOUG58265-D03","PLECD1805-20","GMP#21450","Arthropoda","Insecta","Hymenoptera","Braconidae","Microgastrinae","Glyptapanteles","Glyptapanteles Malaise8087","BOLD:AAN8087","Malaise trap PL12-5D",10.763,-85.334,"2016-12-08","1",656,"PLECD"
"BIOUG58265-D09","PLECD1811-20","GMP#21450","Arthropoda","Insecta","Hymenoptera","Braconidae","Microgastrinae","Pseudapanteles","Pseudapanteles alvaroumanai","BOLD:AAE0922","Malaise trap PL12-5D",10.763,-85.334,"2016-12-08","1",653,"PLECD"
"BIOUG58265-F05","PLECD1831-20","GMP#21450","Arthropoda","Insecta","Hymenoptera","Braconidae","Microgastrinae","Pseudapanteles","Pseudapanteles alvaroumanai","BOLD:AAE0922","Malaise trap PL12-5D",10.763,-85.334,"2016-12-08","1",653,"PLECD"
"BIOUG58266-E01","PLECD1910-20","GMP#21450","Arthropoda","Insecta","Hymenoptera","Braconidae","Microgastrinae","Glyptapanteles","Glyptapanteles Malaise2049","BOLD:AEA2049","Malaise trap PL12-5D",10.763,-85.334,"2016-12-08","1",655,"PLECD"
"BIOUG58266-E03","PLECD1912-20","GMP#21450","Arthropoda","Insecta","Hymenoptera","Braconidae","Microgastrinae","Glyptapanteles","Glyptapanteles Malaise2049","BOLD:AEA2049","Malaise trap PL12-5D",10.763,-85.334,"2016-12-08","1",652,"PLECD"
"BIOUG58266-E07","PLECD1916-20","GMP#21450","Arthropoda","Insecta","Hymenoptera","Braconidae","Microgastrinae","Pseudapanteles","Pseudapanteles alvaroumanai","BOLD:AAE0922","Malaise trap PL12-5D",10.763,-85.334,"2016-12-08","1",649,"PLECD"
"BIOUG58266-E08","PLECD1917-20","GMP#21450","Arthropoda","Insecta","Hymenoptera","Braconidae","Microgastrinae","Glyptapanteles","Glyptapanteles Whitfield75","BOLD:AAE7080","Malaise trap PL12-5D",10.763,-85.334,"2016-12-08","1",657,"PLECD"
"BIOUG58266-G07","PLECD1940-20","GMP#21450","Arthropoda","Insecta","Hymenoptera","Braconidae","Microgastrinae","Pseudapanteles","Pseudapanteles alvaroumanai","BOLD:AAE0922","Malaise trap PL12-5D",10.763,-85.334,"2016-12-08","1",654,"PLECD"
"BIOUG58266-G08","PLECD1941-20","GMP#21450","Arthropoda","Insecta","Hymenoptera","Braconidae","Microgastrinae","Pseudapanteles","Pseudapanteles alvaroumanai","BOLD:AAE0922","Malaise trap PL12-5D",10.763,-85.334,"2016-12-08","1",654,"PLECD"
"BIOUG58266-H09","PLECD1954-20","GMP#21450","Arthropoda","Insecta","Hymenoptera","Braconidae","Microgastrinae","Pseudapanteles","Pseudapanteles alvaroumanai","BOLD:AAE0922","Malaise trap PL12-5D",10.763,-85.334,"2016-12-08","1",653,"PLECD"
"BIOUG58267-B11","PLECD1979-20","GMP#21450","Arthropoda","Insecta","Hymenoptera","Braconidae","Microgastrinae","Glyptapanteles","Glyptapanteles Malaise8087","BOLD:AAN8087","Malaise trap PL12-5D",10.763,-85.334,"2016-12-08","1",658,"PLECD"
"BIOUG58267-E10","PLECD2014-20","GMP#21450","Arthropoda","Insecta","Hymenoptera","Braconidae","Microgastrinae","Glyptapanteles","Glyptapanteles Malaise8087","BOLD:AAN8087","Malaise trap PL12-5D",10.763,-85.334,"2016-12-08","1",654,"PLECD"
"BIOUG58267-F06","PLECD2022-20","GMP#21450","Arthropoda","Insecta","Hymenoptera","Braconidae","Microgastrinae","Dolichogenidea","Dolichogenidea Rodriguez144","BOLD:AAD2236","Malaise trap PL12-5D",10.763,-85.334,"2016-12-08","1",656,"PLECD"
"BIOUG58267-F09","PLECD2025-20","GMP#21450","Arthropoda","Insecta","Hymenoptera","Braconidae","Microgastrinae","Dolichogenidea","Dolichogenidea Rodriguez144","BOLD:AAD2236","Malaise trap PL12-5D",10.763,-85.334,"2016-12-08","1",654,"PLECD"
"BIOUG58267-G03","PLECD2031-20","GMP#21450","Arthropoda","Insecta","Hymenoptera","Braconidae","Microgastrinae","Glyptapanteles","Glyptapanteles robbinthorpiDHJ01","BOLD:AAM5230","Malaise trap PL12-5D",10.763,-85.334,"2016-12-08","1",663,"PLECD"
"BIOUG58267-H04","PLECD2044-20","GMP#21450","Arthropoda","Insecta","Hymenoptera","Braconidae","Microgastrinae","Pseudapanteles","Pseudapanteles alvaroumanai","BOLD:AAE0922","Malaise trap PL12-5D",10.763,-85.334,"2016-12-08","1",655,"PLECD"
"BIOUG58267-H08","PLECD2048-20","GMP#21450","Arthropoda","Insecta","Hymenoptera","Braconidae","Microgastrinae","Glyptapanteles","Glyptapanteles pamitchellae","BOLD:AAA3934","Malaise trap PL12-5D",10.763,-85.334,"2016-12-08","1",657,"PLECD"
"BIOUG58268-D08","PLECD2095-20","GMP#21450","Arthropoda","Insecta","Hymenoptera","Braconidae","Microgastrinae","Pseudapanteles","Pseudapanteles alvaroumanai","BOLD:AAE0922","Malaise trap PL12-5D",10.763,-85.334,"2016-12-08","1",655,"PLECD"
"BIOUG58268-E01","PLECD2100-20","GMP#21450","Arthropoda","Insecta","Hymenoptera","Braconidae","Microgastrinae","Apanteles","Apanteles oscarchavezi","BOLD:AAN7915","Malaise trap PL12-5D",10.763,-85.334,"2016-12-08","1",656,"PLECD"
"BIOUG58268-E04","PLECD2103-20","GMP#21450","Arthropoda","Insecta","Hymenoptera","Braconidae","Microgastrinae","Pseudapanteles","Pseudapanteles alvaroumanai","BOLD:AAE0922","Malaise trap PL12-5D",10.763,-85.334,"2016-12-08","1",653,"PLECD"
"BIOUG58268-E05","PLECD2104-20","GMP#21450","Arthropoda","Insecta","Hymenoptera","Braconidae","Microgastrinae","Fornicia","Fornicia Malaise1879","BOLD:AEF1879","Malaise trap PL12-5D",10.763,-85.334,"2016-12-08","1",655,"PLECD"
"BIOUG58268-E09","PLECD2108-20","GMP#21450","Arthropoda","Insecta","Hymenoptera","Braconidae","Microgastrinae","Dolichogenidea","Dolichogenidea Rodriguez144","BOLD:AAD2236","Malaise trap PL12-5D",10.763,-85.334,"2016-12-08","1",654,"PLECD"
"BIOUG58268-F01","PLECD2112-20","GMP#21450","Arthropoda","Insecta","Hymenoptera","Braconidae","Microgastrinae","Dolichogenidea","Dolichogenidea Rodriguez144","BOLD:AAD2236","Malaise trap PL12-5D",10.763,-85.334,"2016-12-08","1",658,"PLECD"
"BIOUG58268-F10","PLECD2121-20","GMP#21450","Arthropoda","Insecta","Hymenoptera","Braconidae","Microgastrinae","Rasivalva","Rasivalva Malaise7445","BOLD:AEB7445","Malaise trap PL12-5D",10.763,-85.334,"2016-12-08","1",655,"PLECD"
"BIOUG58268-H04","PLECD2139-20","GMP#21450","Arthropoda","Insecta","Hymenoptera","Braconidae","Microgastrinae","Pseudapanteles","Pseudapanteles alvaroumanai","BOLD:AAE0922","Malaise trap PL12-5D",10.763,-85.334,"2016-12-08","1",655,"PLECD"
"BIOUG58291-H08","PLECE1464-20","GMP#21451","Arthropoda","Insecta","Hymenoptera","Braconidae","Microgastrinae","Dolichogenidea","Dolichogenidea Rodriguez144","BOLD:AAD2236","Malaise trap PL12-5D",10.763,-85.334,"2016-12-15","1",654,"PLECE"
"BIOUG58292-F07","PLECE1534-20","GMP#21451","Arthropoda","Insecta","Hymenoptera","Braconidae","Microgastrinae","Apanteles","Apanteles Malaise7955","BOLD:ADB7955","Malaise trap PL12-5D",10.763,-85.334,"2016-12-15","1",654,"PLECE"
"BIOUG58293-D02","PLECE1600-20","GMP#21451","Arthropoda","Insecta","Hymenoptera","Braconidae","Microgastrinae","Glyptapanteles","Glyptapanteles Malaise8087","BOLD:AAN8087","Malaise trap PL12-5D",10.763,-85.334,"2016-12-15","1",654,"PLECE"
"BIOUG58293-E03","PLECE1613-20","GMP#21451","Arthropoda","Insecta","Hymenoptera","Braconidae","Microgastrinae","Dolichogenidea","Dolichogenidea Janzen94","BOLD:AAE8602","Malaise trap PL12-5D",10.763,-85.334,"2016-12-15","1",655,"PLECE"
"BIOUG58293-E06","PLECE1616-20","GMP#21451","Arthropoda","Insecta","Hymenoptera","Braconidae","Microgastrinae","Glyptapanteles","Glyptapanteles pamitchellae","BOLD:AAA3934","Malaise trap PL12-5D",10.763,-85.334,"2016-12-15","1",654,"PLECE"
"BIOUG58294-A01","PLECE1658-20","GMP#21451","Arthropoda","Insecta","Hymenoptera","Braconidae","Microgastrinae","Glyptapanteles","Glyptapanteles Malaise7938","BOLD:ADA7938","Malaise trap PL12-5D",10.763,-85.334,"2016-12-15","1",654,"PLECE"
"BIOUG58294-C03","PLECE1684-20","GMP#21451","Arthropoda","Insecta","Hymenoptera","Braconidae","Microgastrinae","Pseudapanteles","Pseudapanteles alvaroumanai","BOLD:AAE0922","Malaise trap PL12-5D",10.763,-85.334,"2016-12-15","1",655,"PLECE"
"BIOUG58294-F03","PLECE1720-20","GMP#21451","Arthropoda","Insecta","Hymenoptera","Braconidae","Microgastrinae","Glyptapanteles","Glyptapanteles Malaise8087","BOLD:AAN8087","Malaise trap PL12-5D",10.763,-85.334,"2016-12-15","1",656,"PLECE"
"BIOUG58294-F06","PLECE1723-20","GMP#21451","Arthropoda","Insecta","Hymenoptera","Braconidae","Microgastrinae","Pseudapanteles","Pseudapanteles ruficollis","BOLD:AAE8275","Malaise trap PL12-5D",10.763,-85.334,"2016-12-15","1",654,"PLECE"
"BIOUG58294-H10","PLECE1751-20","GMP#21451","Arthropoda","Insecta","Hymenoptera","Braconidae","Microgastrinae","Pseudapanteles","Pseudapanteles alvaroumanai","BOLD:AAE0922","Malaise trap PL12-5D",10.763,-85.334,"2016-12-15","1",654,"PLECE"
"BIOUG58295-C05","PLECE1781-20","GMP#21451","Arthropoda","Insecta","Hymenoptera","Braconidae","Microgastrinae","Glyptapanteles","Glyptapanteles malaise0455","BOLD:AEF0455","Malaise trap PL12-5D",10.763,-85.334,"2016-12-15","1",654,"PLECE"
"BIOUG58295-F03","PLECE1815-20","GMP#21451","Arthropoda","Insecta","Hymenoptera","Braconidae","Microgastrinae","Glyptapanteles","Glyptapanteles Malaise8087","BOLD:AAN8087","Malaise trap PL12-5D",10.763,-85.334,"2016-12-15","1",654,"PLECE"
"BIOUG58295-G03","PLECE1827-20","GMP#21451","Arthropoda","Insecta","Hymenoptera","Braconidae","Microgastrinae","Glyptapanteles","Glyptapanteles Malaise8087","BOLD:AAN8087","Malaise trap PL12-5D",10.763,-85.334,"2016-12-15","1",654,"PLECE"
"BIOUG58296-A01","PLECE1848-20","GMP#21451","Arthropoda","Insecta","Hymenoptera","Braconidae","Microgastrinae","Glyptapanteles","Glyptapanteles Malaise2049","BOLD:AEA2049","Malaise trap PL12-5D",10.763,-85.334,"2016-12-15","1",654,"PLECE"
"BIOUG58296-A04","PLECE1851-20","GMP#21451","Arthropoda","Insecta","Hymenoptera","Braconidae","Microgastrinae","Apanteles","Apanteles bernyapui","BOLD:AAB7636","Malaise trap PL12-5D",10.763,-85.334,"2016-12-15","1",654,"PLECE"
"BIOUG58318-A06","PLECF1852-20","GMP#21452","Arthropoda","Insecta","Hymenoptera","Braconidae","Microgastrinae","Hypomicrogaster","Hypomicrogaster Whitfield20","BOLD:AAK3035","Malaise trap PL12-5D",10.763,-85.334,"2016-12-22","1",653,"PLECF"
"BIOUG58318-A07","PLECF1853-20","GMP#21452","Arthropoda","Insecta","Hymenoptera","Braconidae","Microgastrinae","Apanteles","Apanteles carolinacanoae","BOLD:AAE2842","Malaise trap PL12-5D",10.763,-85.334,"2016-12-22","1",653,"PLECF"
"BIOUG58318-D06","PLECF1888-20","GMP#21452","Arthropoda","Insecta","Hymenoptera","Braconidae","Microgastrinae","Glyptapanteles","Glyptapanteles Malaise2049","BOLD:AEA2049","Malaise trap PL12-5D",10.763,-85.334,"2016-12-22","1",654,"PLECF"
"BIOUG58318-E01","PLECF1895-20","GMP#21452","Arthropoda","Insecta","Hymenoptera","Braconidae","Microgastrinae","Pseudapanteles","Pseudapanteles alvaroumanai","BOLD:AAE0922","Malaise trap PL12-5D",10.763,-85.334,"2016-12-22","1",653,"PLECF"
"BIOUG58318-F04","PLECF1910-20","GMP#21452","Arthropoda","Insecta","Hymenoptera","Braconidae","Microgastrinae","Glyptapanteles","Glyptapanteles Malaise2049","BOLD:AEA2049","Malaise trap PL12-5D",10.763,-85.334,"2016-12-22","1",653,"PLECF"
"BIOUG58319-E03","PLECF1992-20","GMP#21452","Arthropoda","Insecta","Hymenoptera","Braconidae","Microgastrinae","Pseudapanteles","Pseudapanteles alvaroumanai","BOLD:AAE0922","Malaise trap PL12-5D",10.763,-85.334,"2016-12-22","1",655,"PLECF"
"BIOUG58319-G04","PLECF2017-20","GMP#21452","Arthropoda","Insecta","Hymenoptera","Braconidae","Microgastrinae","Glyptapanteles","Glyptapanteles Whitfield304","BOLD:AAM1075","Malaise trap PL12-5D",10.763,-85.334,"2016-12-22","1",656,"PLECF"
"BIOUG58319-G05","PLECF2018-20","GMP#21452","Arthropoda","Insecta","Hymenoptera","Braconidae","Microgastrinae","Apanteles","Apanteles Janzen0422","BOLD:AAW0422","Malaise trap PL12-5D",10.763,-85.334,"2016-12-22","1",651,"PLECF"
"BIOUG58319-G11","PLECF2024-20","GMP#21452","Arthropoda","Insecta","Hymenoptera","Braconidae","Microgastrinae","Parapanteles","Parapanteles tlineaDHJ01","BOLD:AED2446","Malaise trap PL12-5D",10.763,-85.334,"2016-12-22","1",657,"PLECF"
"BIOUG58320-A08","PLECF2044-20","GMP#21452","Arthropoda","Insecta","Hymenoptera","Braconidae","Microgastrinae","Glyptapanteles","Glyptapanteles Malaise8087","BOLD:AAN8087","Malaise trap PL12-5D",10.763,-85.334,"2016-12-22","1",655,"PLECF"
"BIOUG58320-B07","PLECF2055-20","GMP#21452","Arthropoda","Insecta","Hymenoptera","Braconidae","Microgastrinae","Pseudapanteles","Pseudapanteles alvaroumanai","BOLD:AAE0922","Malaise trap PL12-5D",10.763,-85.334,"2016-12-22","1",654,"PLECF"
"BIOUG58320-D02","PLECF2074-20","GMP#21452","Arthropoda","Insecta","Hymenoptera","Braconidae","Microgastrinae","Glyptapanteles","Glyptapanteles malaise0134","BOLD:AEF0134","Malaise trap PL12-5D",10.763,-85.334,"2016-12-22","1",654,"PLECF"
"BIOUG58320-D05","PLECF2077-20","GMP#21452","Arthropoda","Insecta","Hymenoptera","Braconidae","Microgastrinae","Snellenius","Snellenius Malaise7619","BOLD:AEE7619","Malaise trap PL12-5D",10.763,-85.334,"2016-12-22","1",653,"PLECF"
"BIOUG58320-D08","PLECF2080-20","GMP#21452","Arthropoda","Insecta","Hymenoptera","Braconidae","Microgastrinae","Pseudapanteles","Pseudapanteles alvaroumanai","BOLD:AAE0922","Malaise trap PL12-5D",10.763,-85.334,"2016-12-22","1",656,"PLECF"
"BIOUG58320-F07","PLECF2103-20","GMP#21452","Arthropoda","Insecta","Hymenoptera","Braconidae","Microgastrinae","Glyptapanteles","Glyptapanteles Malaise2049","BOLD:AEA2049","Malaise trap PL12-5D",10.763,-85.334,"2016-12-22","1",654,"PLECF"
"BIOUG58320-G09","PLECF2117-20","GMP#21452","Arthropoda","Insecta","Hymenoptera","Braconidae","Microgastrinae","Glyptapanteles","Glyptapanteles meganmiltonae","BOLD:AAI7301","Malaise trap PL12-5D",10.763,-85.334,"2016-12-22","1",640,"PLECF"
"BIOUG58320-H10","PLECF2130-20","GMP#21452","Arthropoda","Insecta","Hymenoptera","Braconidae","Microgastrinae","Glyptapanteles","Glyptapanteles Malaise2049","BOLD:AEA2049","Malaise trap PL12-5D",10.763,-85.334,"2016-12-22","1",655,"PLECF"
"BIOUG58321-A10","PLECF2141-20","GMP#21452","Arthropoda","Insecta","Hymenoptera","Braconidae","Microgastrinae","Glyptapanteles","Glyptapanteles Malaise7938","BOLD:ADA7938","Malaise trap PL12-5D",10.763,-85.334,"2016-12-22","1",653,"PLECF"
"BIOUG58322-C10","PLECF2260-20","GMP#21452","Arthropoda","Insecta","Hymenoptera","Braconidae","Microgastrinae","Glyptapanteles","Glyptapanteles Malaise2049","BOLD:AEA2049","Malaise trap PL12-5D",10.763,-85.334,"2016-12-22","1",654,"PLECF"
"BIOUG58322-C12","PLECF2262-20","GMP#21452","Arthropoda","Insecta","Hymenoptera","Braconidae","Microgastrinae","Glyptapanteles","Glyptapanteles nataliaivanovae","BOLD:AAC5317","Malaise trap PL12-5D",10.763,-85.334,"2016-12-22","1",654,"PLECF"
"BIOUG58322-E03","PLECF2277-20","GMP#21452","Arthropoda","Insecta","Hymenoptera","Braconidae","Microgastrinae","Glyptapanteles","Glyptapanteles Malaise7938","BOLD:ADA7938","Malaise trap PL12-5D",10.763,-85.334,"2016-12-22","1",655,"PLECF"
"BIOUG58322-E04","PLECF2278-20","GMP#21452","Arthropoda","Insecta","Hymenoptera","Braconidae","Microgastrinae","Glyptapanteles","Glyptapanteles Malaise7938","BOLD:ADA7938","Malaise trap PL12-5D",10.763,-85.334,"2016-12-22","1",651,"PLECF"
"BIOUG58322-F05","PLECF2291-20","GMP#21452","Arthropoda","Insecta","Hymenoptera","Braconidae","Microgastrinae","Parapanteles","Parapanteles tlineaDHJ01","BOLD:AED2446","Malaise trap PL12-5D",10.763,-85.334,"2016-12-22","1",653,"PLECF"
"BIOUG58322-F08","PLECF2294-20","GMP#21452","Arthropoda","Insecta","Hymenoptera","Braconidae","Microgastrinae","Apanteles","Apanteles Rodriguez5747","BOLD:AAM5747","Malaise trap PL12-5D",10.763,-85.334,"2016-12-22","1",653,"PLECF"
"BIOUG58322-G07","PLECF2305-20","GMP#21452","Arthropoda","Insecta","Hymenoptera","Braconidae","Microgastrinae","Glyptapanteles","Glyptapanteles Malaise4688","BOLD:AEF4688","Malaise trap PL12-5D",10.763,-85.334,"2016-12-22","1",654,"PLECF"
"BIOUG58323-A05","PLECF2326-20","GMP#21452","Arthropoda","Insecta","Hymenoptera","Braconidae","Microgastrinae","Glyptapanteles","Glyptapanteles Malaise2049","BOLD:AEA2049","Malaise trap PL12-5D",10.763,-85.334,"2016-12-22","1",652,"PLECF"
"BIOUG58323-D11","PLECF2368-20","GMP#21452","Arthropoda","Insecta","Hymenoptera","Braconidae","Microgastrinae","Pseudapanteles","Pseudapanteles alvaroumanai","BOLD:AAE0922","Malaise trap PL12-5D",10.763,-85.334,"2016-12-22","1",653,"PLECF"
"BIOUG58329-B01","PLECF2904-20","GMP#21452","Arthropoda","Insecta","Hymenoptera","Braconidae","Microgastrinae","Glyptapanteles","Glyptapanteles Malaise2049","BOLD:AEA2049","Malaise trap PL12-5D",10.763,-85.334,"2016-12-22","1",654,"PLECF"
"BIOUG57237-C05","PLECG1070-20","GMP#21453","Arthropoda","Insecta","Hymenoptera","Braconidae","Microgastrinae","Rasivalva","Rasivalva Malaise7445","BOLD:AEB7445","Malaise trap PL12-5D",10.763,-85.334,"2016-12-29","1",651,"PLECG"
"BIOUG57237-D01","PLECG1078-20","GMP#21453","Arthropoda","Insecta","Hymenoptera","Braconidae","Microgastrinae","Dolichogenidea","Dolichogenidea Rodriguez144","BOLD:AAD2236","Malaise trap PL12-5D",10.763,-85.334,"2016-12-29","1",655,"PLECG"
"BIOUG57237-D04","PLECG1081-20","GMP#21453","Arthropoda","Insecta","Hymenoptera","Braconidae","Microgastrinae","Apanteles","Apanteles Malaise7955","BOLD:ADB7955","Malaise trap PL12-5D",10.763,-85.334,"2016-12-29","1",652,"PLECG"
"BIOUG57237-G04","PLECG1117-20","GMP#21453","Arthropoda","Insecta","Hymenoptera","Braconidae","Microgastrinae","Glyptapanteles","Glyptapanteles Malaise2049","BOLD:AEA2049","Malaise trap PL12-5D",10.763,-85.334,"2016-12-29","1",654,"PLECG"
"BIOUG57237-G09","PLECG1122-20","GMP#21453","Arthropoda","Insecta","Hymenoptera","Braconidae","Microgastrinae","Dolichogenidea","Dolichogenidea Rodriguez144","BOLD:AAD2236","Malaise trap PL12-5D",10.763,-85.334,"2016-12-29","1",654,"PLECG"
"BIOUG57237-H07","PLECG1132-20","GMP#21453","Arthropoda","Insecta","Hymenoptera","Braconidae","Microgastrinae","Glyptapanteles","Glyptapanteles Malaise2049","BOLD:AEA2049","Malaise trap PL12-5D",10.763,-85.334,"2016-12-29","1",655,"PLECG"
"BIOUG57252-C09","PLECG2499-20","GMP#21453","Arthropoda","Insecta","Hymenoptera","Braconidae","Microgastrinae","Apanteles","Apanteles Malaise2941","BOLD:ADB2941","Malaise trap PL12-5D",10.763,-85.334,"2016-12-29","1",657,"PLECG"
"BIOUG57252-D01","PLECG2503-20","GMP#21453","Arthropoda","Insecta","Hymenoptera","Braconidae","Microgastrinae","Pseudapanteles","Pseudapanteles alvaroumanai","BOLD:AAE0922","Malaise trap PL12-5D",10.763,-85.334,"2016-12-29","1",653,"PLECG"
"BIOUG57252-G04","PLECG2542-20","GMP#21453","Arthropoda","Insecta","Hymenoptera","Braconidae","Microgastrinae","Pseudapanteles","Pseudapanteles alvaroumanai","BOLD:AAE0922","Malaise trap PL12-5D",10.763,-85.334,"2016-12-29","1",654,"PLECG"
"BIOUG57252-H05","PLECG2555-20","GMP#21453","Arthropoda","Insecta","Hymenoptera","Braconidae","Microgastrinae","Glyptapanteles","Glyptapanteles Malaise7938","BOLD:ADA7938","Malaise trap PL12-5D",10.763,-85.334,"2016-12-29","1",655,"PLECG"
"BIOUG57253-F04","PLECG2625-20","GMP#21453","Arthropoda","Insecta","Hymenoptera","Braconidae","Microgastrinae","Promicrogaster","Promicrogaster Malaise3491","BOLD:AEF3491","Malaise trap PL12-5D",10.763,-85.334,"2016-12-29","1",647,"PLECG"
"BIOUG57253-G04","PLECG2637-20","GMP#21453","Arthropoda","Insecta","Hymenoptera","Braconidae","Microgastrinae","Dolichogenidea","Dolichogenidea Rodriguez144","BOLD:AAD2236","Malaise trap PL12-5D",10.763,-85.334,"2016-12-29","1",656,"PLECG"
"BIOUG57254-E04","PLECG2708-20","GMP#21453","Arthropoda","Insecta","Hymenoptera","Braconidae","Microgastrinae","Pseudapanteles","Pseudapanteles christianafigueresae","BOLD:AAA6668","Malaise trap PL12-5D",10.763,-85.334,"2016-12-29","1",594,"PLECG"
"BIOUG57254-F03","PLECG2719-20","GMP#21453","Arthropoda","Insecta","Hymenoptera","Braconidae","Microgastrinae","Pseudapanteles","Pseudapanteles alvaroumanai","BOLD:AAE0922","Malaise trap PL12-5D",10.763,-85.334,"2016-12-29","1",661,"PLECG"
"BIOUG57254-F05","PLECG2721-20","GMP#21453","Arthropoda","Insecta","Hymenoptera","Braconidae","Microgastrinae","Pseudapanteles","Pseudapanteles alvaroumanai","BOLD:AAE0922","Malaise trap PL12-5D",10.763,-85.334,"2016-12-29","1",654,"PLECG"
"BIOUG57254-F08","PLECG2724-20","GMP#21453","Arthropoda","Insecta","Hymenoptera","Braconidae","Microgastrinae","Hypomicrogaster","Hypomicrogaster Whitfield16","BOLD:ACE8845","Malaise trap PL12-5D",10.763,-85.334,"2016-12-29","1",654,"PLECG"
"BIOUG57254-F09","PLECG2725-20","GMP#21453","Arthropoda","Insecta","Hymenoptera","Braconidae","Microgastrinae","Pseudapanteles","Pseudapanteles Malaise3040","BOLD:ADB3040","Malaise trap PL12-5D",10.763,-85.334,"2016-12-29","1",654,"PLECG"
"BIOUG57254-G07","PLECG2735-20","GMP#21453","Arthropoda","Insecta","Hymenoptera","Braconidae","Microgastrinae","Glyptapanteles","Glyptapanteles Malaise2049","BOLD:AEA2049","Malaise trap PL12-5D",10.763,-85.334,"2016-12-29","1",655,"PLECG"
"BIOUG57254-G12","PLECG2740-20","GMP#21453","Arthropoda","Insecta","Hymenoptera","Braconidae","Microgastrinae","Apanteles","Apanteles Malaise7726","BOLD:ADB7726","Malaise trap PL12-5D",10.763,-85.334,"2016-12-29","1",654,"PLECG"
"BIOUG57254-H04","PLECG2744-20","GMP#21453","Arthropoda","Insecta","Hymenoptera","Braconidae","Microgastrinae","Pseudapanteles","Pseudapanteles alvaroumanai","BOLD:AAE0922","Malaise trap PL12-5D",10.763,-85.334,"2016-12-29","1",654,"PLECG"
"BIOUG57255-G11","PLECG2834-20","GMP#21453","Arthropoda","Insecta","Hymenoptera","Braconidae","Microgastrinae","Glyptapanteles","Glyptapanteles Malaise8087","BOLD:AAN8087","Malaise trap PL12-5D",10.763,-85.334,"2016-12-29","1",653,"PLECG"
"BIOUG57256-A04","PLECG3064-20","GMP#21453","Arthropoda","Insecta","Hymenoptera","Braconidae","Microgastrinae","Glyptapanteles","Glyptapanteles Whitfield75","BOLD:AAE7080","Malaise trap PL12-5D",10.763,-85.334,"2016-12-29","1",655,"PLECG"
"BIOUG57256-A12","PLECG3072-20","GMP#21453","Arthropoda","Insecta","Hymenoptera","Braconidae","Microgastrinae","Dolichogenidea","Dolichogenidea Rodriguez144","BOLD:AAD2236","Malaise trap PL12-5D",10.763,-85.334,"2016-12-29","1",654,"PLECG"
"BIOUG57274-B06","PLECH1622-20","GMP#21454","Arthropoda","Insecta","Hymenoptera","Braconidae","Microgastrinae","Dolichogenidea","Dolichogenidea Rodriguez144","BOLD:AAD2236","Malaise trap PL12-5D",10.763,-85.334,"2017-01-05","1",658,"PLECH"
"BIOUG57274-B07","PLECH1623-20","GMP#21454","Arthropoda","Insecta","Hymenoptera","Braconidae","Microgastrinae","Dolichogenidea","Dolichogenidea Rodriguez144","BOLD:AAD2236","Malaise trap PL12-5D",10.763,-85.334,"2017-01-05","1",654,"PLECH"
"BIOUG57274-C06","PLECH1634-20","GMP#21454","Arthropoda","Insecta","Hymenoptera","Braconidae","Microgastrinae","Pseudapanteles","Pseudapanteles alvaroumanai","BOLD:AAE0922","Malaise trap PL12-5D",10.763,-85.334,"2017-01-05","1",654,"PLECH"
"BIOUG57274-E02","PLECH1654-20","GMP#21454","Arthropoda","Insecta","Hymenoptera","Braconidae","Microgastrinae","Glyptapanteles","Glyptapanteles robbinthorpiDHJ01","BOLD:AAM5230","Malaise trap PL12-5D",10.763,-85.334,"2017-01-05","1",654,"PLECH"
"BIOUG57274-F03","PLECH1667-20","GMP#21454","Arthropoda","Insecta","Hymenoptera","Braconidae","Microgastrinae","Glyptapanteles","Glyptapanteles Malaise8087","BOLD:AAN8087","Malaise trap PL12-5D",10.763,-85.334,"2017-01-05","1",655,"PLECH"
"BIOUG57274-F12","PLECH1676-20","GMP#21454","Arthropoda","Insecta","Hymenoptera","Braconidae","Microgastrinae","Dolichogenidea","Dolichogenidea Rodriguez144","BOLD:AAD2236","Malaise trap PL12-5D",10.763,-85.334,"2017-01-05","1",653,"PLECH"
"BIOUG57274-G08","PLECH1684-20","GMP#21454","Arthropoda","Insecta","Hymenoptera","Braconidae","Microgastrinae","Glyptapanteles","Glyptapanteles Whitfield75","BOLD:AAE7080","Malaise trap PL12-5D",10.763,-85.334,"2017-01-05","1",655,"PLECH"
"BIOUG57275-B01","PLECH1712-20","GMP#21454","Arthropoda","Insecta","Hymenoptera","Braconidae","Microgastrinae","Apanteles","Apanteles carolinacanoae","BOLD:AAE2842","Malaise trap PL12-5D",10.763,-85.334,"2017-01-05","1",654,"PLECH"
"BIOUG57275-B06","PLECH1717-20","GMP#21454","Arthropoda","Insecta","Hymenoptera","Braconidae","Microgastrinae","Glyptapanteles","Glyptapanteles Malaise3230","BOLD:AEF3230","Malaise trap PL12-5D",10.763,-85.334,"2017-01-05","1",655,"PLECH"
"BIOUG57275-E10","PLECH1757-20","GMP#21454","Arthropoda","Insecta","Hymenoptera","Braconidae","Microgastrinae","Glyptapanteles","Glyptapanteles Malaise8087","BOLD:AAN8087","Malaise trap PL12-5D",10.763,-85.334,"2017-01-05","1",655,"PLECH"
"BIOUG57275-G12","PLECH1783-20","GMP#21454","Arthropoda","Insecta","Hymenoptera","Braconidae","Microgastrinae","Diolcogaster","Diolcogaster Choi65","BOLD:AAE8429","Malaise trap PL12-5D",10.763,-85.334,"2017-01-05","1",657,"PLECH"
"BIOUG57276-B12","PLECH1818-20","GMP#21454","Arthropoda","Insecta","Hymenoptera","Braconidae","Microgastrinae","Dolichogenidea","Dolichogenidea malaise0710","BOLD:ADB0710","Malaise trap PL12-5D",10.763,-85.334,"2017-01-05","1",655,"PLECH"
"BIOUG57276-C01","PLECH1819-20","GMP#21454","Arthropoda","Insecta","Hymenoptera","Braconidae","Microgastrinae","Pseudapanteles","Pseudapanteles alvaroumanai","BOLD:AAE0922","Malaise trap PL12-5D",10.763,-85.334,"2017-01-05","1",654,"PLECH"
"BIOUG57276-C02","PLECH1820-20","GMP#21454","Arthropoda","Insecta","Hymenoptera","Braconidae","Microgastrinae","Glyptapanteles","Glyptapanteles Malaise2049","BOLD:AEA2049","Malaise trap PL12-5D",10.763,-85.334,"2017-01-05","1",654,"PLECH"
"BIOUG57276-C03","PLECH1821-20","GMP#21454","Arthropoda","Insecta","Hymenoptera","Braconidae","Microgastrinae","Dolichogenidea","Dolichogenidea Rodriguez144","BOLD:AAD2236","Malaise trap PL12-5D",10.763,-85.334,"2017-01-05","1",655,"PLECH"
"BIOUG57276-E11","PLECH1853-20","GMP#21454","Arthropoda","Insecta","Hymenoptera","Braconidae","Microgastrinae","Dolichogenidea","Dolichogenidea Rodriguez144","BOLD:AAD2236","Malaise trap PL12-5D",10.763,-85.334,"2017-01-05","1",656,"PLECH"
"BIOUG57276-F05","PLECH1859-20","GMP#21454","Arthropoda","Insecta","Hymenoptera","Braconidae","Microgastrinae","Pseudapanteles","Pseudapanteles alvaroumanai","BOLD:AAE0922","Malaise trap PL12-5D",10.763,-85.334,"2017-01-05","1",652,"PLECH"
"BIOUG57276-G06","PLECH1872-20","GMP#21454","Arthropoda","Insecta","Hymenoptera","Braconidae","Microgastrinae","Dolichogenidea","Dolichogenidea Rodriguez144","BOLD:AAD2236","Malaise trap PL12-5D",10.763,-85.334,"2017-01-05","1",654,"PLECH"
"BIOUG57276-G07","PLECH1873-20","GMP#21454","Arthropoda","Insecta","Hymenoptera","Braconidae","Microgastrinae","Diolcogaster","Diolcogaster Choi65","BOLD:AAE8429","Malaise trap PL12-5D",10.763,-85.334,"2017-01-05","1",656,"PLECH"
"BIOUG57277-B07","PLECH1908-20","GMP#21454","Arthropoda","Insecta","Hymenoptera","Braconidae","Microgastrinae","Glyptapanteles","Glyptapanteles Malaise8087","BOLD:AAN8087","Malaise trap PL12-5D",10.763,-85.334,"2017-01-05","1",655,"PLECH"
"BIOUG57277-C06","PLECH1919-20","GMP#21454","Arthropoda","Insecta","Hymenoptera","Braconidae","Microgastrinae","Glyptapanteles","Glyptapanteles Malaise2049","BOLD:AEA2049","Malaise trap PL12-5D",10.763,-85.334,"2017-01-05","1",656,"PLECH"
"BIOUG57277-D08","PLECH1933-20","GMP#21454","Arthropoda","Insecta","Hymenoptera","Braconidae","Microgastrinae","Glyptapanteles","Glyptapanteles Malaise8087","BOLD:AAN8087","Malaise trap PL12-5D",10.763,-85.334,"2017-01-05","1",654,"PLECH"
"BIOUG57286-A12","PLECH2756-20","GMP#21454","Arthropoda","Insecta","Hymenoptera","Braconidae","Microgastrinae","Glyptapanteles","Glyptapanteles Malaise8087","BOLD:AAN8087","Malaise trap PL12-5D",10.763,-85.334,"2017-01-05","1",654,"PLECH"
"BIOUG57286-B04","PLECH2760-20","GMP#21454","Arthropoda","Insecta","Hymenoptera","Braconidae","Microgastrinae","Pseudapanteles","Pseudapanteles alvaroumanai","BOLD:AAE0922","Malaise trap PL12-5D",10.763,-85.334,"2017-01-05","1",655,"PLECH"
"BIOUG57286-D05","PLECH2785-20","GMP#21454","Arthropoda","Insecta","Hymenoptera","Braconidae","Microgastrinae","Glyptapanteles","Glyptapanteles Malaise8087","BOLD:AAN8087","Malaise trap PL12-5D",10.763,-85.334,"2017-01-05","1",654,"PLECH"
"BIOUG57911-B11","PLECI2145-20","GMP#21455","Arthropoda","Insecta","Hymenoptera","Braconidae","Microgastrinae","Pseudapanteles","Pseudapanteles alvaroumanai","BOLD:AAE0922","Malaise trap PL12-5D",10.763,-85.334,"2017-01-12","1",655,"PLECI"
"BIOUG57911-F11","PLECI2193-20","GMP#21455","Arthropoda","Insecta","Hymenoptera","Braconidae","Microgastrinae","Glyptapanteles","Glyptapanteles pamitchellae","BOLD:AAA3934","Malaise trap PL12-5D",10.763,-85.334,"2017-01-12","1",654,"PLECI"
"BIOUG57911-G09","PLECI2203-20","GMP#21455","Arthropoda","Insecta","Hymenoptera","Braconidae","Microgastrinae","Dolichogenidea","Dolichogenidea Rodriguez144","BOLD:AAD2236","Malaise trap PL12-5D",10.763,-85.334,"2017-01-12","1",654,"PLECI"
"BIOUG57911-H05","PLECI2211-20","GMP#21455","Arthropoda","Insecta","Hymenoptera","Braconidae","Microgastrinae","Pseudapanteles","Pseudapanteles alvaroumanai","BOLD:AAE0922","Malaise trap PL12-5D",10.763,-85.334,"2017-01-12","1",654,"PLECI"
"BIOUG57912-B08","PLECI2237-20","GMP#21455","Arthropoda","Insecta","Hymenoptera","Braconidae","Microgastrinae","Glyptapanteles","Glyptapanteles Malaise8087","BOLD:AAN8087","Malaise trap PL12-5D",10.763,-85.334,"2017-01-12","1",655,"PLECI"
"BIOUG57912-E03","PLECI2268-20","GMP#21455","Arthropoda","Insecta","Hymenoptera","Braconidae","Microgastrinae","Diolcogaster","Diolcogaster Choi77","BOLD:AAB9863","Malaise trap PL12-5D",10.763,-85.334,"2017-01-12","1",657,"PLECI"
"BIOUG57912-F11","PLECI2288-20","GMP#21455","Arthropoda","Insecta","Hymenoptera","Braconidae","Microgastrinae","Glyptapanteles","Glyptapanteles pamitchellae","BOLD:AAA3934","Malaise trap PL12-5D",10.763,-85.334,"2017-01-12","1",654,"PLECI"
"BIOUG57913-B07","PLECI2331-20","GMP#21455","Arthropoda","Insecta","Hymenoptera","Braconidae","Microgastrinae","Glyptapanteles","Glyptapanteles pamitchellae","BOLD:AAA3934","Malaise trap PL12-5D",10.763,-85.334,"2017-01-12","1",676,"PLECI"
"BIOUG57913-D03","PLECI2351-20","GMP#21455","Arthropoda","Insecta","Hymenoptera","Braconidae","Microgastrinae","Pseudapanteles","Pseudapanteles alvaroumanai","BOLD:AAE0922","Malaise trap PL12-5D",10.763,-85.334,"2017-01-12","1",654,"PLECI"
"BIOUG57913-E12","PLECI2372-20","GMP#21455","Arthropoda","Insecta","Hymenoptera","Braconidae","Microgastrinae","Glyptapanteles","Glyptapanteles Malaise7938","BOLD:ADA7938","Malaise trap PL12-5D",10.763,-85.334,"2017-01-12","1",654,"PLECI"
"BIOUG57913-F01","PLECI2373-20","GMP#21455","Arthropoda","Insecta","Hymenoptera","Braconidae","Microgastrinae","Glyptapanteles","Glyptapanteles Malaise7938","BOLD:ADA7938","Malaise trap PL12-5D",10.763,-85.334,"2017-01-12","1",655,"PLECI"
"BIOUG57913-F09","PLECI2381-20","GMP#21455","Arthropoda","Insecta","Hymenoptera","Braconidae","Microgastrinae","Glyptapanteles","Glyptapanteles pamitchellae","BOLD:AAA3934","Malaise trap PL12-5D",10.763,-85.334,"2017-01-12","1",657,"PLECI"
"BIOUG57914-A11","PLECI2418-20","GMP#21455","Arthropoda","Insecta","Hymenoptera","Braconidae","Microgastrinae","Glyptapanteles","Glyptapanteles Malaise8087","BOLD:AAN8087","Malaise trap PL12-5D",10.763,-85.334,"2017-01-12","1",654,"PLECI"
"BIOUG57914-B03","PLECI2422-20","GMP#21455","Arthropoda","Insecta","Hymenoptera","Braconidae","Microgastrinae","Glyptapanteles","Glyptapanteles Janzen4535","BOLD:AEB1477","Malaise trap PL12-5D",10.763,-85.334,"2017-01-12","1",654,"PLECI"
"BIOUG57914-D07","PLECI2450-20","GMP#21455","Arthropoda","Insecta","Hymenoptera","Braconidae","Microgastrinae","Dolichogenidea","Dolichogenidea Rodriguez144","BOLD:AAD2236","Malaise trap PL12-5D",10.763,-85.334,"2017-01-12","1",653,"PLECI"
"BIOUG57915-C11","PLECI2537-20","GMP#21455","Arthropoda","Insecta","Hymenoptera","Braconidae","Microgastrinae","Glyptapanteles","Glyptapanteles pamitchellae","BOLD:AAA3934","Malaise trap PL12-5D",10.763,-85.334,"2017-01-12","1",653,"PLECI"
"BIOUG57915-D01","PLECI2539-20","GMP#21455","Arthropoda","Insecta","Hymenoptera","Braconidae","Microgastrinae","Pseudapanteles","Pseudapanteles alvaroumanai","BOLD:AAE0922","Malaise trap PL12-5D",10.763,-85.334,"2017-01-12","1",656,"PLECI"
"BIOUG57915-D05","PLECI2543-20","GMP#21455","Arthropoda","Insecta","Hymenoptera","Braconidae","Microgastrinae","Glyptapanteles","Glyptapanteles Malaise7938","BOLD:ADA7938","Malaise trap PL12-5D",10.763,-85.334,"2017-01-12","1",652,"PLECI"
"BIOUG57915-E07","PLECI2557-20","GMP#21455","Arthropoda","Insecta","Hymenoptera","Braconidae","Microgastrinae","Dolichogenidea","Dolichogenidea Rodriguez144","BOLD:AAD2236","Malaise trap PL12-5D",10.763,-85.334,"2017-01-12","1",653,"PLECI"
"BIOUG57915-E08","PLECI2558-20","GMP#21455","Arthropoda","Insecta","Hymenoptera","Braconidae","Microgastrinae","Dolichogenidea","Dolichogenidea malaise0710","BOLD:ADB0710","Malaise trap PL12-5D",10.763,-85.334,"2017-01-12","1",654,"PLECI"
"BIOUG57915-E11","PLECI2561-20","GMP#21455","Arthropoda","Insecta","Hymenoptera","Braconidae","Microgastrinae","Pseudapanteles","Pseudapanteles alvaroumanai","BOLD:AAE0922","Malaise trap PL12-5D",10.763,-85.334,"2017-01-12","1",654,"PLECI"
"BIOUG57915-F11","PLECI2573-20","GMP#21455","Arthropoda","Insecta","Hymenoptera","Braconidae","Microgastrinae","Dolichogenidea","Dolichogenidea Malaise1620","BOLD:AEF1620","Malaise trap PL12-5D",10.763,-85.334,"2017-01-12","1",655,"PLECI"
"BIOUG57916-A06","PLECI2603-20","GMP#21455","Arthropoda","Insecta","Hymenoptera","Braconidae","Microgastrinae","Diolcogaster","Diolcogaster Malaise1451","BOLD:ADB1451","Malaise trap PL12-5D",10.763,-85.334,"2017-01-12","1",653,"PLECI"
"BIOUG57916-A11","PLECI2608-20","GMP#21455","Arthropoda","Insecta","Hymenoptera","Braconidae","Microgastrinae","Pseudapanteles","Pseudapanteles alvaroumanai","BOLD:AAE0922","Malaise trap PL12-5D",10.763,-85.334,"2017-01-12","1",655,"PLECI"
"BIOUG57916-C03","PLECI2624-20","GMP#21455","Arthropoda","Insecta","Hymenoptera","Braconidae","Microgastrinae","Hypomicrogaster","Hypomicrogaster samarshalli","BOLD:AAF7670","Malaise trap PL12-5D",10.763,-85.334,"2017-01-12","1",654,"PLECI"
"BIOUG57916-D04","PLECI2637-20","GMP#21455","Arthropoda","Insecta","Hymenoptera","Braconidae","Microgastrinae","Glyptapanteles","Glyptapanteles Malaise8087","BOLD:AAN8087","Malaise trap PL12-5D",10.763,-85.334,"2017-01-12","1",655,"PLECI"
"BIOUG57916-E09","PLECI2654-20","GMP#21455","Arthropoda","Insecta","Hymenoptera","Braconidae","Microgastrinae","Glyptapanteles","Glyptapanteles nataliaivanovae","BOLD:AAC5317","Malaise trap PL12-5D",10.763,-85.334,"2017-01-12","1",655,"PLECI"
"BIOUG57948-C02","PLECJ2204-20","GMP#21456","Arthropoda","Insecta","Hymenoptera","Braconidae","Microgastrinae","Glyptapanteles","Glyptapanteles pamitchellae","BOLD:AAA3934","Malaise trap PL12-5D",10.763,-85.334,"2017-01-19","1",655,"PLECJ"
"BIOUG57948-C10","PLECJ2212-20","GMP#21456","Arthropoda","Insecta","Hymenoptera","Braconidae","Microgastrinae","Glyptapanteles","Glyptapanteles pamitchellae","BOLD:AAA3934","Malaise trap PL12-5D",10.763,-85.334,"2017-01-19","1",644,"PLECJ"
"BIOUG57948-D06","PLECJ2220-20","GMP#21456","Arthropoda","Insecta","Hymenoptera","Braconidae","Microgastrinae","Pseudapanteles","Pseudapanteles alvaroumanai","BOLD:AAE0922","Malaise trap PL12-5D",10.763,-85.334,"2017-01-19","1",653,"PLECJ"
"BIOUG57948-G08","PLECJ2258-20","GMP#21456","Arthropoda","Insecta","Hymenoptera","Braconidae","Microgastrinae","Glyptapanteles","Glyptapanteles Malaise8087","BOLD:AAN8087","Malaise trap PL12-5D",10.763,-85.334,"2017-01-19","1",655,"PLECJ"
"BIOUG57948-G11","PLECJ2261-20","GMP#21456","Arthropoda","Insecta","Hymenoptera","Braconidae","Microgastrinae","Glyptapanteles","Glyptapanteles Malaise8087","BOLD:AAN8087","Malaise trap PL12-5D",10.763,-85.334,"2017-01-19","1",654,"PLECJ"
"BIOUG57948-H06","PLECJ2268-20","GMP#21456","Arthropoda","Insecta","Hymenoptera","Braconidae","Microgastrinae","Apanteles","Apanteles oscarchavezi","BOLD:AAN7915","Malaise trap PL12-5D",10.763,-85.334,"2017-01-19","1",653,"PLECJ"
"BIOUG57949-A01","PLECJ2274-20","GMP#21456","Arthropoda","Insecta","Hymenoptera","Braconidae","Microgastrinae","Diolcogaster","Diolcogaster Choi77","BOLD:AAB9863","Malaise trap PL12-5D",10.763,-85.334,"2017-01-19","1",655,"PLECJ"
"BIOUG57949-A02","PLECJ2275-20","GMP#21456","Arthropoda","Insecta","Hymenoptera","Braconidae","Microgastrinae","Glyptapanteles","Glyptapanteles pamitchellae","BOLD:AAA3934","Malaise trap PL12-5D",10.763,-85.334,"2017-01-19","1",652,"PLECJ"
"BIOUG57950-E11","PLECJ2427-20","GMP#21456","Arthropoda","Insecta","Hymenoptera","Braconidae","Microgastrinae","Pseudapanteles","Pseudapanteles alvaroumanai","BOLD:AAE0922","Malaise trap PL12-5D",10.763,-85.334,"2017-01-19","1",655,"PLECJ"
"BIOUG57951-D07","PLECJ2506-20","GMP#21456","Arthropoda","Insecta","Hymenoptera","Braconidae","Microgastrinae","Glyptapanteles","Glyptapanteles Malaise8087","BOLD:AAN8087","Malaise trap PL12-5D",10.763,-85.334,"2017-01-19","1",655,"PLECJ"
"BIOUG57951-G01","PLECJ2536-20","GMP#21456","Arthropoda","Insecta","Hymenoptera","Braconidae","Microgastrinae","Apanteles","Apanteles carolinacanoae","BOLD:AAE2842","Malaise trap PL12-5D",10.763,-85.334,"2017-01-19","1",655,"PLECJ"
"BIOUG57952-D08","PLECJ2602-20","GMP#21456","Arthropoda","Insecta","Hymenoptera","Braconidae","Microgastrinae","Glyptapanteles","Glyptapanteles pamitchellae","BOLD:AAA3934","Malaise trap PL12-5D",10.763,-85.334,"2017-01-19","1",654,"PLECJ"
"BIOUG57952-G06","PLECJ2636-20","GMP#21456","Arthropoda","Insecta","Hymenoptera","Braconidae","Microgastrinae","Pseudapanteles","Pseudapanteles alvaroumanai","BOLD:AAE0922","Malaise trap PL12-5D",10.763,-85.334,"2017-01-19","1",653,"PLECJ"
"BIOUG57953-D01","PLECJ2690-20","GMP#21456","Arthropoda","Insecta","Hymenoptera","Braconidae","Microgastrinae","Glyptapanteles","Glyptapanteles Malaise8087","BOLD:AAN8087","Malaise trap PL12-5D",10.763,-85.334,"2017-01-19","1",655,"PLECJ"
"BIOUG57953-E11","PLECJ2712-20","GMP#21456","Arthropoda","Insecta","Hymenoptera","Braconidae","Microgastrinae","Apanteles","Apanteles juancarrilloi","BOLD:AAC8420","Malaise trap PL12-5D",10.763,-85.334,"2017-01-19","1",654,"PLECJ"
"BIOUG57953-G07","PLECJ2732-20","GMP#21456","Arthropoda","Insecta","Hymenoptera","Braconidae","Microgastrinae","Cotesia","Cotesia Whitfield82","BOLD:AAI9077","Malaise trap PL12-5D",10.763,-85.334,"2017-01-19","1",655,"PLECJ"
"BIOUG57954-H04","PLECJ2836-20","GMP#21456","Arthropoda","Insecta","Hymenoptera","Braconidae","Microgastrinae","Pseudapanteles","Pseudapanteles alvaroumanai","BOLD:AAE0922","Malaise trap PL12-5D",10.763,-85.334,"2017-01-19","1",655,"PLECJ"
"BIOUG57954-H07","PLECJ2839-20","GMP#21456","Arthropoda","Insecta","Hymenoptera","Braconidae","Microgastrinae","Apanteles","Apanteles oscarchavezi","BOLD:AAN7915","Malaise trap PL12-5D",10.763,-85.334,"2017-01-19","1",655,"PLECJ"
"BIOUG57955-A12","PLECJ2855-20","GMP#21456","Arthropoda","Insecta","Hymenoptera","Braconidae","Microgastrinae","Glyptapanteles","Glyptapanteles Whitfield75","BOLD:AAE7080","Malaise trap PL12-5D",10.763,-85.334,"2017-01-19","1",655,"PLECJ"
"BIOUG57955-E02","PLECJ2893-20","GMP#21456","Arthropoda","Insecta","Hymenoptera","Braconidae","Microgastrinae","Pseudapanteles","Pseudapanteles alvaroumanai","BOLD:AAE0922","Malaise trap PL12-5D",10.763,-85.334,"2017-01-19","1",654,"PLECJ"
"BIOUG57955-E11","PLECJ2902-20","GMP#21456","Arthropoda","Insecta","Hymenoptera","Braconidae","Microgastrinae","Pseudapanteles","Pseudapanteles alvaroumanai","BOLD:AAE0922","Malaise trap PL12-5D",10.763,-85.334,"2017-01-19","1",654,"PLECJ"
"BIOUG57955-F09","PLECJ2912-20","GMP#21456","Arthropoda","Insecta","Hymenoptera","Braconidae","Microgastrinae","Glyptapanteles","Glyptapanteles Malaise2049","BOLD:AEA2049","Malaise trap PL12-5D",10.763,-85.334,"2017-01-19","1",654,"PLECJ"
"BIOUG57955-G03","PLECJ2918-20","GMP#21456","Arthropoda","Insecta","Hymenoptera","Braconidae","Microgastrinae","Glyptapanteles","Glyptapanteles pamitchellae","BOLD:AAA3934","Malaise trap PL12-5D",10.763,-85.334,"2017-01-19","1",655,"PLECJ"
"BIOUG57955-G08","PLECJ2923-20","GMP#21456","Arthropoda","Insecta","Hymenoptera","Braconidae","Microgastrinae","Glyptapanteles","Glyptapanteles Malaise8087","BOLD:AAN8087","Malaise trap PL12-5D",10.763,-85.334,"2017-01-19","1",654,"PLECJ"
"BIOUG57956-E02","PLECJ2988-20","GMP#21456","Arthropoda","Insecta","Hymenoptera","Braconidae","Microgastrinae","Pseudapanteles","Pseudapanteles alvaroumanai","BOLD:AAE0922","Malaise trap PL12-5D",10.763,-85.334,"2017-01-19","1",654,"PLECJ"
"BIOUG57957-B10","PLECJ3055-20","GMP#21456","Arthropoda","Insecta","Hymenoptera","Braconidae","Microgastrinae","Pseudapanteles","Pseudapanteles alvaroumanai","BOLD:AAE0922","Malaise trap PL12-5D",10.763,-85.334,"2017-01-19","1",654,"PLECJ"
"BIOUG57957-C12","PLECJ3069-20","GMP#21456","Arthropoda","Insecta","Hymenoptera","Braconidae","Microgastrinae","Glyptapanteles","Glyptapanteles pamitchellae","BOLD:AAA3934","Malaise trap PL12-5D",10.763,-85.334,"2017-01-19","1",654,"PLECJ"
"BIOUG57957-E10","PLECJ3091-20","GMP#21456","Arthropoda","Insecta","Hymenoptera","Braconidae","Microgastrinae","Glyptapanteles","Glyptapanteles Janzen4535","BOLD:AEB1477","Malaise trap PL12-5D",10.763,-85.334,"2017-01-19","1",655,"PLECJ"
"BIOUG57957-F02","PLECJ3095-20","GMP#21456","Arthropoda","Insecta","Hymenoptera","Braconidae","Microgastrinae","Pseudapanteles","Pseudapanteles alvaroumanai","BOLD:AAE0922","Malaise trap PL12-5D",10.763,-85.334,"2017-01-19","1",661,"PLECJ"
"BIOUG57957-F03","PLECJ3096-20","GMP#21456","Arthropoda","Insecta","Hymenoptera","Braconidae","Microgastrinae","Glyptapanteles","Glyptapanteles pamitchellae","BOLD:AAA3934","Malaise trap PL12-5D",10.763,-85.334,"2017-01-19","1",656,"PLECJ"
"BIOUG57957-F04","PLECJ3097-20","GMP#21456","Arthropoda","Insecta","Hymenoptera","Braconidae","Microgastrinae","Pseudapanteles","Pseudapanteles alvaroumanai","BOLD:AAE0922","Malaise trap PL12-5D",10.763,-85.334,"2017-01-19","1",654,"PLECJ"
"BIOUG57957-G07","PLECJ3112-20","GMP#21456","Arthropoda","Insecta","Hymenoptera","Braconidae","Microgastrinae","Pseudapanteles","Pseudapanteles alvaroumanai","BOLD:AAE0922","Malaise trap PL12-5D",10.763,-85.334,"2017-01-19","1",653,"PLECJ"
"BIOUG57957-H05","PLECJ3122-20","GMP#21456","Arthropoda","Insecta","Hymenoptera","Braconidae","Microgastrinae","Pseudapanteles","Pseudapanteles alvaroumanai","BOLD:AAE0922","Malaise trap PL12-5D",10.763,-85.334,"2017-01-19","1",653,"PLECJ"
"BIOUG57957-H11","PLECJ3128-20","GMP#21456","Arthropoda","Insecta","Hymenoptera","Braconidae","Microgastrinae","Dolichogenidea","Dolichogenidea Rodriguez144","BOLD:AAD2236","Malaise trap PL12-5D",10.763,-85.334,"2017-01-19","1",654,"PLECJ"
"BIOUG57958-F04","PLECJ3192-20","GMP#21456","Arthropoda","Insecta","Hymenoptera","Braconidae","Microgastrinae","Glyptapanteles","Glyptapanteles pamitchellae","BOLD:AAA3934","Malaise trap PL12-5D",10.763,-85.334,"2017-01-19","1",652,"PLECJ"
"BIOUG57958-H01","PLECJ3213-20","GMP#21456","Arthropoda","Insecta","Hymenoptera","Braconidae","Microgastrinae","Dolichogenidea","Dolichogenidea Rodriguez144","BOLD:AAD2236","Malaise trap PL12-5D",10.763,-85.334,"2017-01-19","1",654,"PLECJ"
"BIOUG57958-H08","PLECJ3220-20","GMP#21456","Arthropoda","Insecta","Hymenoptera","Braconidae","Microgastrinae","Apanteles","Apanteles angelsolisi","BOLD:ABY7235","Malaise trap PL12-5D",10.763,-85.334,"2017-01-19","1",661,"PLECJ"
"BIOUG57959-B04","PLECJ3239-20","GMP#21456","Arthropoda","Insecta","Hymenoptera","Braconidae","Microgastrinae","Glyptapanteles","Glyptapanteles Malaise4497","BOLD:ADB4497","Malaise trap PL12-5D",10.763,-85.334,"2017-01-19","1",640,"PLECJ"
"BIOUG57959-E05","PLECJ3276-20","GMP#21456","Arthropoda","Insecta","Hymenoptera","Braconidae","Microgastrinae","Glyptapanteles","Glyptapanteles Malaise8087","BOLD:AAN8087","Malaise trap PL12-5D",10.763,-85.334,"2017-01-19","1",654,"PLECJ"
"BIOUG57959-E07","PLECJ3278-20","GMP#21456","Arthropoda","Insecta","Hymenoptera","Braconidae","Microgastrinae","Dolichogenidea","Dolichogenidea Rodriguez144","BOLD:AAD2236","Malaise trap PL12-5D",10.763,-85.334,"2017-01-19","1",653,"PLECJ"
"BIOUG57959-F07","PLECJ3290-20","GMP#21456","Arthropoda","Insecta","Hymenoptera","Braconidae","Microgastrinae","Dolichogenidea","Dolichogenidea Rodriguez144","BOLD:AAD2236","Malaise trap PL12-5D",10.763,-85.334,"2017-01-19","1",654,"PLECJ"
"BIOUG57959-F10","PLECJ3293-20","GMP#21456","Arthropoda","Insecta","Hymenoptera","Braconidae","Microgastrinae","Glyptapanteles","Glyptapanteles Malaise3782","BOLD:AEF3782","Malaise trap PL12-5D",10.763,-85.334,"2017-01-19","1",654,"PLECJ"
"BIOUG57959-G06","PLECJ3301-20","GMP#21456","Arthropoda","Insecta","Hymenoptera","Braconidae","Microgastrinae","Glyptapanteles","Glyptapanteles Malaise3782","BOLD:AEF3782","Malaise trap PL12-5D",10.763,-85.334,"2017-01-19","1",640,"PLECJ"
"BIOUG57959-H08","PLECJ3315-20","GMP#21456","Arthropoda","Insecta","Hymenoptera","Braconidae","Microgastrinae","Glyptapanteles","Glyptapanteles Malaise6541","BOLD:ABX6541","Malaise trap PL12-5D",10.763,-85.334,"2017-01-19","1",653,"PLECJ"
"BIOUG57970-C09","PLECJ4434-20","GMP#21456","Arthropoda","Insecta","Hymenoptera","Braconidae","Microgastrinae","Glyptapanteles","Glyptapanteles pamitchellae","BOLD:AAA3934","Malaise trap PL12-5D",10.763,-85.334,"2017-01-19","1",654,"PLECJ"
"BIOUG57970-E08","PLECJ4457-20","GMP#21456","Arthropoda","Insecta","Hymenoptera","Braconidae","Microgastrinae","Glyptapanteles","Glyptapanteles pamitchellae","BOLD:AAA3934","Malaise trap PL12-5D",10.763,-85.334,"2017-01-19","1",656,"PLECJ"
"BIOUG57353-A02","PLECK1484-20","GMP#21457","Arthropoda","Insecta","Hymenoptera","Braconidae","Microgastrinae","Apanteles","Apanteles bernyapui","BOLD:AAB7636","Malaise trap PL12-5D",10.763,-85.334,"2017-01-26","1",655,"PLECK"
"BIOUG57353-A05","PLECK1487-20","GMP#21457","Arthropoda","Insecta","Hymenoptera","Braconidae","Microgastrinae","Apanteles","Apanteles oscarchavezi","BOLD:AAN7915","Malaise trap PL12-5D",10.763,-85.334,"2017-01-26","1",654,"PLECK"
"BIOUG57353-B01","PLECK1495-20","GMP#21457","Arthropoda","Insecta","Hymenoptera","Braconidae","Microgastrinae","Hypomicrogaster","Hypomicrogaster samarshalli","BOLD:AAF7670","Malaise trap PL12-5D",10.763,-85.334,"2017-01-26","1",653,"PLECK"
"BIOUG57353-B04","PLECK1498-20","GMP#21457","Arthropoda","Insecta","Hymenoptera","Braconidae","Microgastrinae","Diolcogaster","Diolcogaster Choi5983","BOLD:AAM5983","Malaise trap PL12-5D",10.763,-85.334,"2017-01-26","1",640,"PLECK"
"BIOUG57353-B05","PLECK1499-20","GMP#21457","Arthropoda","Insecta","Hymenoptera","Braconidae","Microgastrinae","Pseudapanteles","Pseudapanteles alvaroumanai","BOLD:AAE0922","Malaise trap PL12-5D",10.763,-85.334,"2017-01-26","1",654,"PLECK"
"BIOUG57353-B06","PLECK1500-20","GMP#21457","Arthropoda","Insecta","Hymenoptera","Braconidae","Microgastrinae","Apanteles","Apanteles oscarchavezi","BOLD:AAN7915","Malaise trap PL12-5D",10.763,-85.334,"2017-01-26","1",657,"PLECK"
"BIOUG57353-B09","PLECK1503-20","GMP#21457","Arthropoda","Insecta","Hymenoptera","Braconidae","Microgastrinae","Apanteles","Apanteles Janzen40","BOLD:ABA7264","Malaise trap PL12-5D",10.763,-85.334,"2017-01-26","1",653,"PLECK"
"BIOUG57353-F02","PLECK1544-20","GMP#21457","Arthropoda","Insecta","Hymenoptera","Braconidae","Microgastrinae","Glyptapanteles","Glyptapanteles pamitchellae","BOLD:AAA3934","Malaise trap PL12-5D",10.763,-85.334,"2017-01-26","1",656,"PLECK"
"BIOUG57353-G09","PLECK1563-20","GMP#21457","Arthropoda","Insecta","Hymenoptera","Braconidae","Microgastrinae","Glyptapanteles","Glyptapanteles malaise0378","BOLD:AEF0378","Malaise trap PL12-5D",10.763,-85.334,"2017-01-26","1",654,"PLECK"
"BIOUG57353-H10","PLECK1576-20","GMP#21457","Arthropoda","Insecta","Hymenoptera","Braconidae","Microgastrinae","Diolcogaster","Diolcogaster Choi77","BOLD:AAB9863","Malaise trap PL12-5D",10.763,-85.334,"2017-01-26","1",654,"PLECK"
"BIOUG57354-E03","PLECK1628-20","GMP#21457","Arthropoda","Insecta","Hymenoptera","Braconidae","Microgastrinae","Glyptapanteles","Glyptapanteles Malaise3782","BOLD:AEF3782","Malaise trap PL12-5D",10.763,-85.334,"2017-01-26","1",654,"PLECK"
"BIOUG57354-G09","PLECK1658-20","GMP#21457","Arthropoda","Insecta","Hymenoptera","Braconidae","Microgastrinae","Glyptapanteles","Glyptapanteles pamitchellae","BOLD:AAA3934","Malaise trap PL12-5D",10.763,-85.334,"2017-01-26","1",655,"PLECK"
"BIOUG57354-H05","PLECK1666-20","GMP#21457","Arthropoda","Insecta","Hymenoptera","Braconidae","Microgastrinae","Dolichogenidea","Dolichogenidea Rodriguez144","BOLD:AAD2236","Malaise trap PL12-5D",10.763,-85.334,"2017-01-26","1",655,"PLECK"
"BIOUG57355-B06","PLECK1690-20","GMP#21457","Arthropoda","Insecta","Hymenoptera","Braconidae","Microgastrinae","Dolichogenidea","Dolichogenidea Rodriguez144","BOLD:AAD2236","Malaise trap PL12-5D",10.763,-85.334,"2017-01-26","1",656,"PLECK"
"BIOUG57355-F06","PLECK1738-20","GMP#21457","Arthropoda","Insecta","Hymenoptera","Braconidae","Microgastrinae","Pseudapanteles","Pseudapanteles Malaise2002","BOLD:AEF2002","Malaise trap PL12-5D",10.763,-85.334,"2017-01-26","1",654,"PLECK"
"BIOUG57355-G03","PLECK1747-20","GMP#21457","Arthropoda","Insecta","Hymenoptera","Braconidae","Microgastrinae","Hypomicrogaster","Hypomicrogaster Whitfield20","BOLD:AAK3035","Malaise trap PL12-5D",10.763,-85.334,"2017-01-26","1",654,"PLECK"
"BIOUG57355-G04","PLECK1748-20","GMP#21457","Arthropoda","Insecta","Hymenoptera","Braconidae","Microgastrinae","Apanteles","Apanteles oscarchavezi","BOLD:AAN7915","Malaise trap PL12-5D",10.763,-85.334,"2017-01-26","1",655,"PLECK"
"BIOUG57366-C04","PLECK2991-20","GMP#21457","Arthropoda","Insecta","Hymenoptera","Braconidae","Microgastrinae","Pseudapanteles","Pseudapanteles alvaroumanai","BOLD:AAE0922","Malaise trap PL12-5D",10.763,-85.334,"2017-01-26","1",654,"PLECK"
"BIOUG57366-C07","PLECK2994-20","GMP#21457","Arthropoda","Insecta","Hymenoptera","Braconidae","Microgastrinae","Dolichogenidea","Dolichogenidea Rodriguez144","BOLD:AAD2236","Malaise trap PL12-5D",10.763,-85.334,"2017-01-26","1",656,"PLECK"
"BIOUG57366-E06","PLECK3017-20","GMP#21457","Arthropoda","Insecta","Hymenoptera","Braconidae","Microgastrinae","Glyptapanteles","Glyptapanteles Malaise8087","BOLD:AAN8087","Malaise trap PL12-5D",10.763,-85.334,"2017-01-26","1",654,"PLECK"
"BIOUG57366-H05","PLECK3052-20","GMP#21457","Arthropoda","Insecta","Hymenoptera","Braconidae","Microgastrinae","Apanteles","Apanteles oscarchavezi","BOLD:AAN7915","Malaise trap PL12-5D",10.763,-85.334,"2017-01-26","1",655,"PLECK"
"BIOUG57367-C01","PLECK3083-20","GMP#21457","Arthropoda","Insecta","Hymenoptera","Braconidae","Microgastrinae","Dolichogenidea","Dolichogenidea Rodriguez144","BOLD:AAD2236","Malaise trap PL12-5D",10.763,-85.334,"2017-01-26","1",657,"PLECK"
"BIOUG57367-D10","PLECK3104-20","GMP#21457","Arthropoda","Insecta","Hymenoptera","Braconidae","Microgastrinae","Diolcogaster","Diolcogaster Janzen03","BOLD:AAF5712","Malaise trap PL12-5D",10.763,-85.334,"2017-01-26","1",655,"PLECK"
"BIOUG57367-E03","PLECK3109-20","GMP#21457","Arthropoda","Insecta","Hymenoptera","Braconidae","Microgastrinae","Pseudapanteles","Pseudapanteles alvaroumanai","BOLD:AAE0922","Malaise trap PL12-5D",10.763,-85.334,"2017-01-26","1",655,"PLECK"
"BIOUG57368-B11","PLECK3176-20","GMP#21457","Arthropoda","Insecta","Hymenoptera","Braconidae","Microgastrinae","Dolichogenidea","Dolichogenidea Rodriguez144","BOLD:AAD2236","Malaise trap PL12-5D",10.763,-85.334,"2017-01-26","1",655,"PLECK"
"BIOUG57368-D04","PLECK3193-20","GMP#21457","Arthropoda","Insecta","Hymenoptera","Braconidae","Microgastrinae","Apanteles","Apanteles bernyapui","BOLD:AAB7636","Malaise trap PL12-5D",10.763,-85.334,"2017-01-26","1",655,"PLECK"
"BIOUG57368-G10","PLECK3235-20","GMP#21457","Arthropoda","Insecta","Hymenoptera","Braconidae","Microgastrinae","Diolcogaster","Diolcogaster Choi77","BOLD:AAB9863","Malaise trap PL12-5D",10.763,-85.334,"2017-01-26","1",655,"PLECK"
"BIOUG57368-H05","PLECK3242-20","GMP#21457","Arthropoda","Insecta","Hymenoptera","Braconidae","Microgastrinae","Cotesia","Cotesia Whitfield84","BOLD:AAJ5709","Malaise trap PL12-5D",10.763,-85.334,"2017-01-26","1",654,"PLECK"
"BIOUG57374-E12","PLECK3783-20","GMP#21457","Arthropoda","Insecta","Hymenoptera","Braconidae","Microgastrinae","Hypomicrogaster","Hypomicrogaster Whitfield20","BOLD:AAK3035","Malaise trap PL12-5D",10.763,-85.334,"2017-01-26","1",657,"PLECK"
"BIOUG57374-G01","PLECK3796-20","GMP#21457","Arthropoda","Insecta","Hymenoptera","Braconidae","Microgastrinae","Glyptapanteles","Glyptapanteles robbinthorpiDHJ01","BOLD:AAM5230","Malaise trap PL12-5D",10.763,-85.334,"2017-01-26","1",656,"PLECK"
"BIOUG57344-A09","PLECK636-20","GMP#21457","Arthropoda","Insecta","Hymenoptera","Braconidae","Microgastrinae","Hypomicrogaster","Hypomicrogaster Whitfield39","BOLD:AAI7795","Malaise trap PL12-5D",10.763,-85.334,"2017-01-26","1",640,"PLECK"
"BIOUG57344-A11","PLECK638-20","GMP#21457","Arthropoda","Insecta","Hymenoptera","Braconidae","Microgastrinae","Dolichogenidea","Dolichogenidea Rodriguez144","BOLD:AAD2236","Malaise trap PL12-5D",10.763,-85.334,"2017-01-26","1",653,"PLECK"
"BIOUG57344-C03","PLECK654-20","GMP#21457","Arthropoda","Insecta","Hymenoptera","Braconidae","Microgastrinae","Dolichogenidea","Dolichogenidea Rodriguez144","BOLD:AAD2236","Malaise trap PL12-5D",10.763,-85.334,"2017-01-26","1",652,"PLECK"
"BIOUG57344-C10","PLECK661-20","GMP#21457","Arthropoda","Insecta","Hymenoptera","Braconidae","Microgastrinae","Dolichogenidea","Dolichogenidea Rodriguez144","BOLD:AAD2236","Malaise trap PL12-5D",10.763,-85.334,"2017-01-26","1",653,"PLECK"
"BIOUG57344-C11","PLECK662-20","GMP#21457","Arthropoda","Insecta","Hymenoptera","Braconidae","Microgastrinae","Glyptapanteles","Glyptapanteles Malaise8087","BOLD:AAN8087","Malaise trap PL12-5D",10.763,-85.334,"2017-01-26","1",653,"PLECK"
"BIOUG57344-D07","PLECK670-20","GMP#21457","Arthropoda","Insecta","Hymenoptera","Braconidae","Microgastrinae","Pseudapanteles","Pseudapanteles alvaroumanai","BOLD:AAE0922","Malaise trap PL12-5D",10.763,-85.334,"2017-01-26","1",654,"PLECK"
"BIOUG57344-D11","PLECK674-20","GMP#21457","Arthropoda","Insecta","Hymenoptera","Braconidae","Microgastrinae","Apanteles","Apanteles bernyapui","BOLD:AAB7636","Malaise trap PL12-5D",10.763,-85.334,"2017-01-26","1",654,"PLECK"
"BIOUG57344-E01","PLECK676-20","GMP#21457","Arthropoda","Insecta","Hymenoptera","Braconidae","Microgastrinae","Apanteles","Apanteles carlosrodriguezi","BOLD:AAE6754","Malaise trap PL12-5D",10.763,-85.334,"2017-01-26","1",656,"PLECK"
"BIOUG57344-E05","PLECK680-20","GMP#21457","Arthropoda","Insecta","Hymenoptera","Braconidae","Microgastrinae","Diolcogaster","Diolcogaster Malaise5772","BOLD:AEF5772","Malaise trap PL12-5D",10.763,-85.334,"2017-01-26","1",652,"PLECK"
"BIOUG57344-E06","PLECK681-20","GMP#21457","Arthropoda","Insecta","Hymenoptera","Braconidae","Microgastrinae","Glyptapanteles","Glyptapanteles Malaise8087","BOLD:AAN8087","Malaise trap PL12-5D",10.763,-85.334,"2017-01-26","1",654,"PLECK"
"BIOUG57344-E10","PLECK685-20","GMP#21457","Arthropoda","Insecta","Hymenoptera","Braconidae","Microgastrinae","Apanteles","Apanteles juancarrilloi","BOLD:AAC8420","Malaise trap PL12-5D",10.763,-85.334,"2017-01-26","1",652,"PLECK"
"BIOUG57344-F02","PLECK689-20","GMP#21457","Arthropoda","Insecta","Hymenoptera","Braconidae","Microgastrinae","Diolcogaster","Diolcogaster Choi77","BOLD:AAB9863","Malaise trap PL12-5D",10.763,-85.334,"2017-01-26","1",653,"PLECK"
"BIOUG57344-F06","PLECK693-20","GMP#21457","Arthropoda","Insecta","Hymenoptera","Braconidae","Microgastrinae","Glyptapanteles","Glyptapanteles pamitchellae","BOLD:AAA3934","Malaise trap PL12-5D",10.763,-85.334,"2017-01-26","1",653,"PLECK"
"BIOUG57344-F07","PLECK694-20","GMP#21457","Arthropoda","Insecta","Hymenoptera","Braconidae","Microgastrinae","Apanteles","Apanteles lilliammenae","BOLD:ACF3142","Malaise trap PL12-5D",10.763,-85.334,"2017-01-26","1",655,"PLECK"
"BIOUG57344-F11","PLECK698-20","GMP#21457","Arthropoda","Insecta","Hymenoptera","Braconidae","Microgastrinae","Pseudapanteles","Pseudapanteles alvaroumanai","BOLD:AAE0922","Malaise trap PL12-5D",10.763,-85.334,"2017-01-26","1",652,"PLECK"
"BIOUG57344-G01","PLECK700-20","GMP#21457","Arthropoda","Insecta","Hymenoptera","Braconidae","Microgastrinae","Pseudapanteles","Pseudapanteles alvaroumanai","BOLD:AAE0922","Malaise trap PL12-5D",10.763,-85.334,"2017-01-26","1",652,"PLECK"
"BIOUG57344-G02","PLECK701-20","GMP#21457","Arthropoda","Insecta","Hymenoptera","Braconidae","Microgastrinae","Parapanteles","Parapanteles Whitfield301","BOLD:AAJ1367","Malaise trap PL12-5D",10.763,-85.334,"2017-01-26","1",654,"PLECK"
"BIOUG57344-G04","PLECK703-20","GMP#21457","Arthropoda","Insecta","Hymenoptera","Braconidae","Microgastrinae","Apanteles","Apanteles bernyapui","BOLD:AAB7636","Malaise trap PL12-5D",10.763,-85.334,"2017-01-26","1",654,"PLECK"
"BIOUG57344-G07","PLECK706-20","GMP#21457","Arthropoda","Insecta","Hymenoptera","Braconidae","Microgastrinae","Glyptapanteles","Glyptapanteles robbinthorpiDHJ01","BOLD:AAM5230","Malaise trap PL12-5D",10.763,-85.334,"2017-01-26","1",654,"PLECK"
"BIOUG57344-G12","PLECK711-20","GMP#21457","Arthropoda","Insecta","Hymenoptera","Braconidae","Microgastrinae","Pseudapanteles","Pseudapanteles Malaise8549","BOLD:ACB8549","Malaise trap PL12-5D",10.763,-85.334,"2017-01-26","1",653,"PLECK"
"BIOUG57344-H03","PLECK714-20","GMP#21457","Arthropoda","Insecta","Hymenoptera","Braconidae","Microgastrinae","Glyptapanteles","Glyptapanteles Malaise8087","BOLD:AAN8087","Malaise trap PL12-5D",10.763,-85.334,"2017-01-26","1",653,"PLECK"
"BIOUG57344-H09","PLECK720-20","GMP#21457","Arthropoda","Insecta","Hymenoptera","Braconidae","Microgastrinae","Diolcogaster","Diolcogaster Choi5983","BOLD:AAM5983","Malaise trap PL12-5D",10.763,-85.334,"2017-01-26","1",643,"PLECK"
"BIOUG57345-A01","PLECK723-20","GMP#21457","Arthropoda","Insecta","Hymenoptera","Braconidae","Microgastrinae","Dolichogenidea","Dolichogenidea Malaise5057","BOLD:ADB5057","Malaise trap PL12-5D",10.763,-85.334,"2017-01-26","1",654,"PLECK"
"BIOUG57345-A05","PLECK727-20","GMP#21457","Arthropoda","Insecta","Hymenoptera","Braconidae","Microgastrinae","Glyptapanteles","Glyptapanteles pamitchellae","BOLD:AAA3934","Malaise trap PL12-5D",10.763,-85.334,"2017-01-26","1",654,"PLECK"
"BIOUG57345-B03","PLECK737-20","GMP#21457","Arthropoda","Insecta","Hymenoptera","Braconidae","Microgastrinae","Pseudapanteles","Pseudapanteles alvaroumanai","BOLD:AAE0922","Malaise trap PL12-5D",10.763,-85.334,"2017-01-26","1",653,"PLECK"
"BIOUG57345-C01","PLECK747-20","GMP#21457","Arthropoda","Insecta","Hymenoptera","Braconidae","Microgastrinae","Diolcogaster","Diolcogaster Choi84","BOLD:AAB0594","Malaise trap PL12-5D",10.763,-85.334,"2017-01-26","1",655,"PLECK"
"BIOUG57345-C09","PLECK755-20","GMP#21457","Arthropoda","Insecta","Hymenoptera","Braconidae","Microgastrinae","Pseudapanteles","Pseudapanteles alvaroumanai","BOLD:AAE0922","Malaise trap PL12-5D",10.763,-85.334,"2017-01-26","1",655,"PLECK"
"BIOUG57345-H02","PLECK808-20","GMP#21457","Arthropoda","Insecta","Hymenoptera","Braconidae","Microgastrinae","Diolcogaster","Diolcogaster Janzen03","BOLD:AAF5712","Malaise trap PL12-5D",10.763,-85.334,"2017-01-26","1",652,"PLECK"
"BIOUG57395-A05","PLECL1610-20","GMP#21458","Arthropoda","Insecta","Hymenoptera","Braconidae","Microgastrinae","Dolichogenidea","Dolichogenidea Rodriguez144","BOLD:AAD2236","Malaise trap PL12-5D",10.763,-85.334,"2017-02-02","1",655,"PLECL"
"BIOUG57395-B12","PLECL1629-20","GMP#21458","Arthropoda","Insecta","Hymenoptera","Braconidae","Microgastrinae","Apanteles","Apanteles juancarrilloi","BOLD:AAC8420","Malaise trap PL12-5D",10.763,-85.334,"2017-02-02","1",652,"PLECL"
"BIOUG57395-D04","PLECL1645-20","GMP#21458","Arthropoda","Insecta","Hymenoptera","Braconidae","Microgastrinae","Apanteles","Apanteles malaise0470","BOLD:AEF0470","Malaise trap PL12-5D",10.763,-85.334,"2017-02-02","1",653,"PLECL"
"BIOUG57395-D08","PLECL1649-20","GMP#21458","Arthropoda","Insecta","Hymenoptera","Braconidae","Microgastrinae","Dolichogenidea","Dolichogenidea Rodriguez144","BOLD:AAD2236","Malaise trap PL12-5D",10.763,-85.334,"2017-02-02","1",655,"PLECL"
"BIOUG57395-D12","PLECL1653-20","GMP#21458","Arthropoda","Insecta","Hymenoptera","Braconidae","Microgastrinae","Pseudapanteles","Pseudapanteles alvaroumanai","BOLD:AAE0922","Malaise trap PL12-5D",10.763,-85.334,"2017-02-02","1",655,"PLECL"
"BIOUG57395-G02","PLECL1679-20","GMP#21458","Arthropoda","Insecta","Hymenoptera","Braconidae","Microgastrinae","Apanteles","Apanteles carolinacanoae","BOLD:AAE2842","Malaise trap PL12-5D",10.763,-85.334,"2017-02-02","1",654,"PLECL"
"BIOUG57395-G06","PLECL1683-20","GMP#21458","Arthropoda","Insecta","Hymenoptera","Braconidae","Microgastrinae","Hypomicrogaster","Hypomicrogaster samarshalli","BOLD:AAF7670","Malaise trap PL12-5D",10.763,-85.334,"2017-02-02","1",652,"PLECL"
"BIOUG57395-H05","PLECL1694-20","GMP#21458","Arthropoda","Insecta","Hymenoptera","Braconidae","Microgastrinae","Pseudapanteles","Pseudapanteles alvaroumanai","BOLD:AAE0922","Malaise trap PL12-5D",10.763,-85.334,"2017-02-02","1",655,"PLECL"
"BIOUG57396-A01","PLECL1701-20","GMP#21458","Arthropoda","Insecta","Hymenoptera","Braconidae","Microgastrinae","Glyptapanteles","Glyptapanteles malaise0378","BOLD:AEF0378","Malaise trap PL12-5D",10.763,-85.334,"2017-02-02","1",654,"PLECL"
"BIOUG57396-B08","PLECL1720-20","GMP#21458","Arthropoda","Insecta","Hymenoptera","Braconidae","Microgastrinae","Apanteles","Apanteles carolinacanoae","BOLD:AAE2842","Malaise trap PL12-5D",10.763,-85.334,"2017-02-02","1",654,"PLECL"
"BIOUG57396-D03","PLECL1739-20","GMP#21458","Arthropoda","Insecta","Hymenoptera","Braconidae","Microgastrinae","Pseudapanteles","Pseudapanteles Malaise8549","BOLD:ACB8549","Malaise trap PL12-5D",10.763,-85.334,"2017-02-02","1",652,"PLECL"
"BIOUG57396-E03","PLECL1751-20","GMP#21458","Arthropoda","Insecta","Hymenoptera","Braconidae","Microgastrinae","Pseudapanteles","Pseudapanteles maureenballesteroae","BOLD:AAX8342","Malaise trap PL12-5D",10.763,-85.334,"2017-02-02","1",655,"PLECL"
"BIOUG57397-C06","PLECL1825-20","GMP#21458","Arthropoda","Insecta","Hymenoptera","Braconidae","Microgastrinae","Pseudapanteles","Pseudapanteles ruficollis","BOLD:AAE8275","Malaise trap PL12-5D",10.763,-85.334,"2017-02-02","1",654,"PLECL"
"BIOUG57397-G05","PLECL1872-20","GMP#21458","Arthropoda","Insecta","Hymenoptera","Braconidae","Microgastrinae","Dolichogenidea","Dolichogenidea Rodriguez144","BOLD:AAD2236","Malaise trap PL12-5D",10.763,-85.334,"2017-02-02","1",656,"PLECL"
"BIOUG57398-D12","PLECL1938-20","GMP#21458","Arthropoda","Insecta","Hymenoptera","Braconidae","Microgastrinae","Apanteles","Apanteles carolinacanoae","BOLD:AAE2842","Malaise trap PL12-5D",10.763,-85.334,"2017-02-02","1",654,"PLECL"
"BIOUG57398-G01","PLECL1963-20","GMP#21458","Arthropoda","Insecta","Hymenoptera","Braconidae","Microgastrinae","Pseudapanteles","Pseudapanteles alvaroumanai","BOLD:AAE0922","Malaise trap PL12-5D",10.763,-85.334,"2017-02-02","1",655,"PLECL"
"BIOUG57399-G05","PLECL2062-20","GMP#21458","Arthropoda","Insecta","Hymenoptera","Braconidae","Microgastrinae","Pseudapanteles","Pseudapanteles alvaroumanai","BOLD:AAE0922","Malaise trap PL12-5D",10.763,-85.334,"2017-02-02","1",654,"PLECL"
"BIOUG57399-H06","PLECL2075-20","GMP#21458","Arthropoda","Insecta","Hymenoptera","Braconidae","Microgastrinae","Glyptapanteles","Glyptapanteles pamitchellae","BOLD:AAA3934","Malaise trap PL12-5D",10.763,-85.334,"2017-02-02","1",654,"PLECL"
"BIOUG57400-A10","PLECL2090-20","GMP#21458","Arthropoda","Insecta","Hymenoptera","Braconidae","Microgastrinae","Glyptapanteles","Glyptapanteles Malaise2049","BOLD:AEA2049","Malaise trap PL12-5D",10.763,-85.334,"2017-02-02","1",655,"PLECL"
"BIOUG57400-C01","PLECL2105-20","GMP#21458","Arthropoda","Insecta","Hymenoptera","Braconidae","Microgastrinae","Pseudapanteles","Pseudapanteles alvaroumanai","BOLD:AAE0922","Malaise trap PL12-5D",10.763,-85.334,"2017-02-02","1",654,"PLECL"
"BIOUG57400-C07","PLECL2111-20","GMP#21458","Arthropoda","Insecta","Hymenoptera","Braconidae","Microgastrinae","Dolichogenidea","Dolichogenidea Rodriguez144","BOLD:AAD2236","Malaise trap PL12-5D",10.763,-85.334,"2017-02-02","1",654,"PLECL"
"BIOUG58603-H08","PLECL2457-20","GMP#21458","Arthropoda","Insecta","Hymenoptera","Braconidae","Microgastrinae","Glyptapanteles","Glyptapanteles Malaise8087","BOLD:AAN8087","Malaise trap PL12-5D",10.763,-85.334,"2017-02-02","1",653,"PLECL"
"BIOUG57386-A08","PLECL758-20","GMP#21458","Arthropoda","Insecta","Hymenoptera","Braconidae","Microgastrinae","Pseudapanteles","Pseudapanteles alvaroumanai","BOLD:AAE0922","Malaise trap PL12-5D",10.763,-85.334,"2017-02-02","1",659,"PLECL"
"BIOUG57386-D01","PLECL787-20","GMP#21458","Arthropoda","Insecta","Hymenoptera","Braconidae","Microgastrinae","Pseudapanteles","Pseudapanteles alvaroumanai","BOLD:AAE0922","Malaise trap PL12-5D",10.763,-85.334,"2017-02-02","1",642,"PLECL"
"BIOUG57386-E07","PLECL805-20","GMP#21458","Arthropoda","Insecta","Hymenoptera","Braconidae","Microgastrinae","Glyptapanteles","Glyptapanteles pamitchellae","BOLD:AAA3934","Malaise trap PL12-5D",10.763,-85.334,"2017-02-02","1",656,"PLECL"
"BIOUG57386-F09","PLECL819-20","GMP#21458","Arthropoda","Insecta","Hymenoptera","Braconidae","Microgastrinae","Pseudapanteles","Pseudapanteles alvaroumanai","BOLD:AAE0922","Malaise trap PL12-5D",10.763,-85.334,"2017-02-02","1",654,"PLECL"
"BIOUG57386-G06","PLECL828-20","GMP#21458","Arthropoda","Insecta","Hymenoptera","Braconidae","Microgastrinae","Apanteles","Apanteles oscarchavezi","BOLD:AAN7915","Malaise trap PL12-5D",10.763,-85.334,"2017-02-02","1",669,"PLECL"
"BIOUG58615-A01","PLECM1186-20","GMP#21459","Arthropoda","Insecta","Hymenoptera","Braconidae","Microgastrinae","Glyptapanteles","Glyptapanteles pamitchellae","BOLD:AAA3934","Malaise trap PL12-5D",10.763,-85.334,"2017-02-09","1",655,"PLECM"
"BIOUG58615-A02","PLECM1187-20","GMP#21459","Arthropoda","Insecta","Hymenoptera","Braconidae","Microgastrinae","Pseudapanteles","Pseudapanteles alvaroumanai","BOLD:AAE0922","Malaise trap PL12-5D",10.763,-85.334,"2017-02-09","1",654,"PLECM"
"BIOUG58615-A04","PLECM1189-20","GMP#21459","Arthropoda","Insecta","Hymenoptera","Braconidae","Microgastrinae","Apanteles","Apanteles Malaise9488","BOLD:AEC9488","Malaise trap PL12-5D",10.763,-85.334,"2017-02-09","1",655,"PLECM"
"BIOUG58615-A12","PLECM1197-20","GMP#21459","Arthropoda","Insecta","Hymenoptera","Braconidae","Microgastrinae","Pseudapanteles","Pseudapanteles alvaroumanai","BOLD:AAE0922","Malaise trap PL12-5D",10.763,-85.334,"2017-02-09","1",657,"PLECM"
"BIOUG58615-C02","PLECM1211-20","GMP#21459","Arthropoda","Insecta","Hymenoptera","Braconidae","Microgastrinae","Glyptapanteles","Glyptapanteles pamitchellae","BOLD:AAA3934","Malaise trap PL12-5D",10.763,-85.334,"2017-02-09","1",657,"PLECM"
"BIOUG58615-F10","PLECM1255-20","GMP#21459","Arthropoda","Insecta","Hymenoptera","Braconidae","Microgastrinae","Apanteles","Apanteles oscarchavezi","BOLD:AAN7915","Malaise trap PL12-5D",10.763,-85.334,"2017-02-09","1",654,"PLECM"
"BIOUG58615-F11","PLECM1256-20","GMP#21459","Arthropoda","Insecta","Hymenoptera","Braconidae","Microgastrinae","Pseudapanteles","Pseudapanteles alvaroumanai","BOLD:AAE0922","Malaise trap PL12-5D",10.763,-85.334,"2017-02-09","1",654,"PLECM"
"BIOUG58615-G04","PLECM1261-20","GMP#21459","Arthropoda","Insecta","Hymenoptera","Braconidae","Microgastrinae","Apanteles","Apanteles oscarchavezi","BOLD:AAN7915","Malaise trap PL12-5D",10.763,-85.334,"2017-02-09","1",663,"PLECM"
"BIOUG58615-G09","PLECM1266-20","GMP#21459","Arthropoda","Insecta","Hymenoptera","Braconidae","Microgastrinae","Glyptapanteles","Glyptapanteles pamitchellae","BOLD:AAA3934","Malaise trap PL12-5D",10.763,-85.334,"2017-02-09","1",659,"PLECM"
"BIOUG58616-B02","PLECM1294-20","GMP#21459","Arthropoda","Insecta","Hymenoptera","Braconidae","Microgastrinae","Pseudapanteles","Pseudapanteles alvaroumanai","BOLD:AAE0922","Malaise trap PL12-5D",10.763,-85.334,"2017-02-09","1",657,"PLECM"
"BIOUG58616-C04","PLECM1308-20","GMP#21459","Arthropoda","Insecta","Hymenoptera","Braconidae","Microgastrinae","Apanteles","Apanteles oscarchavezi","BOLD:AAN7915","Malaise trap PL12-5D",10.763,-85.334,"2017-02-09","1",654,"PLECM"
"BIOUG58616-D01","PLECM1317-20","GMP#21459","Arthropoda","Insecta","Hymenoptera","Braconidae","Microgastrinae","Pseudapanteles","Pseudapanteles alvaroumanai","BOLD:AAE0922","Malaise trap PL12-5D",10.763,-85.334,"2017-02-09","1",657,"PLECM"
"BIOUG58616-D03","PLECM1319-20","GMP#21459","Arthropoda","Insecta","Hymenoptera","Braconidae","Microgastrinae","Glyptapanteles","Glyptapanteles Malaise7935","BOLD:AAN7935","Malaise trap PL12-5D",10.763,-85.334,"2017-02-09","1",655,"PLECM"
"BIOUG58617-A08","PLECM1383-20","GMP#21459","Arthropoda","Insecta","Hymenoptera","Braconidae","Microgastrinae","Glyptapanteles","Glyptapanteles Malaise3706","BOLD:AEF3706","Malaise trap PL12-5D",10.763,-85.334,"2017-02-09","1",654,"PLECM"
"BIOUG58617-C09","PLECM1408-20","GMP#21459","Arthropoda","Insecta","Hymenoptera","Braconidae","Microgastrinae","Pseudapanteles","Pseudapanteles alvaroumanai","BOLD:AAE0922","Malaise trap PL12-5D",10.763,-85.334,"2017-02-09","1",654,"PLECM"
"BIOUG58617-D04","PLECM1415-20","GMP#21459","Arthropoda","Insecta","Hymenoptera","Braconidae","Microgastrinae","Apanteles","Apanteles oscarchavezi","BOLD:AAN7915","Malaise trap PL12-5D",10.763,-85.334,"2017-02-09","1",656,"PLECM"
"BIOUG58617-D07","PLECM1418-20","GMP#21459","Arthropoda","Insecta","Hymenoptera","Braconidae","Microgastrinae","Apanteles","Apanteles oscarchavezi","BOLD:AAN7915","Malaise trap PL12-5D",10.763,-85.334,"2017-02-09","1",653,"PLECM"
"BIOUG58617-D10","PLECM1421-20","GMP#21459","Arthropoda","Insecta","Hymenoptera","Braconidae","Microgastrinae","Pseudapanteles","Pseudapanteles alvaroumanai","BOLD:AAE0922","Malaise trap PL12-5D",10.763,-85.334,"2017-02-09","1",654,"PLECM"
"BIOUG58617-G08","PLECM1455-20","GMP#21459","Arthropoda","Insecta","Hymenoptera","Braconidae","Microgastrinae","Apanteles","Apanteles oscarchavezi","BOLD:AAN7915","Malaise trap PL12-5D",10.763,-85.334,"2017-02-09","1",654,"PLECM"
"BIOUG58617-H01","PLECM1460-20","GMP#21459","Arthropoda","Insecta","Hymenoptera","Braconidae","Microgastrinae","Apanteles","Apanteles oscarchavezi","BOLD:AAN7915","Malaise trap PL12-5D",10.763,-85.334,"2017-02-09","1",653,"PLECM"
"BIOUG58618-A01","PLECM1471-20","GMP#21459","Arthropoda","Insecta","Hymenoptera","Braconidae","Microgastrinae","Pseudapanteles","Pseudapanteles alvaroumanai","BOLD:AAE0922","Malaise trap PL12-5D",10.763,-85.334,"2017-02-09","1",654,"PLECM"
"BIOUG58618-A02","PLECM1472-20","GMP#21459","Arthropoda","Insecta","Hymenoptera","Braconidae","Microgastrinae","Apanteles","Apanteles carolinacanoae","BOLD:AAE2842","Malaise trap PL12-5D",10.763,-85.334,"2017-02-09","1",654,"PLECM"
"BIOUG58618-A06","PLECM1476-20","GMP#21459","Arthropoda","Insecta","Hymenoptera","Braconidae","Microgastrinae","Dolichogenidea","Dolichogenidea Rodriguez144","BOLD:AAD2236","Malaise trap PL12-5D",10.763,-85.334,"2017-02-09","1",654,"PLECM"
"BIOUG58618-A11","PLECM1481-20","GMP#21459","Arthropoda","Insecta","Hymenoptera","Braconidae","Microgastrinae","Apanteles","Apanteles oscarchavezi","BOLD:AAN7915","Malaise trap PL12-5D",10.763,-85.334,"2017-02-09","1",654,"PLECM"
"BIOUG58618-F04","PLECM1534-20","GMP#21459","Arthropoda","Insecta","Hymenoptera","Braconidae","Microgastrinae","Apanteles","Apanteles josejaramilloi","BOLD:AAD6849","Malaise trap PL12-5D",10.763,-85.334,"2017-02-09","1",653,"PLECM"
"BIOUG58619-C07","PLECM1596-20","GMP#21459","Arthropoda","Insecta","Hymenoptera","Braconidae","Microgastrinae","Pseudapanteles","Pseudapanteles alvaroumanai","BOLD:AAE0922","Malaise trap PL12-5D",10.763,-85.334,"2017-02-09","1",655,"PLECM"
"BIOUG58619-C11","PLECM1600-20","GMP#21459","Arthropoda","Insecta","Hymenoptera","Braconidae","Microgastrinae","Apanteles","Apanteles oscarchavezi","BOLD:AAN7915","Malaise trap PL12-5D",10.763,-85.334,"2017-02-09","1",658,"PLECM"
"BIOUG58619-D01","PLECM1602-20","GMP#21459","Arthropoda","Insecta","Hymenoptera","Braconidae","Microgastrinae","Glyptapanteles","Glyptapanteles Malaise8087","BOLD:AAN8087","Malaise trap PL12-5D",10.763,-85.334,"2017-02-09","1",654,"PLECM"
"BIOUG58619-G06","PLECM1643-20","GMP#21459","Arthropoda","Insecta","Hymenoptera","Braconidae","Microgastrinae","Glyptapanteles","Glyptapanteles Malaise8087","BOLD:AAN8087","Malaise trap PL12-5D",10.763,-85.334,"2017-02-09","1",655,"PLECM"
"BIOUG58628-H01","PLECN043-20","GMP#21460","Arthropoda","Insecta","Hymenoptera","Braconidae","Microgastrinae","Dolichogenidea","Dolichogenidea Malaise5057","BOLD:ADB5057","Malaise trap PL12-5D",10.763,-85.334,"2017-02-16","1",655,"PLECN"
"BIOUG58640-A07","PLECN1216-20","GMP#21460","Arthropoda","Insecta","Hymenoptera","Braconidae","Microgastrinae","Apanteles","Apanteles oscarchavezi","BOLD:AAN7915","Malaise trap PL12-5D",10.763,-85.334,"2017-02-16","1",654,"PLECN"
"BIOUG58640-B02","PLECN1223-20","GMP#21460","Arthropoda","Insecta","Hymenoptera","Braconidae","Microgastrinae","Apanteles","Apanteles josejaramilloi","BOLD:AGG1770","Malaise trap PL12-5D",10.763,-85.334,"2017-02-16","1",651,"PLECN"
"BIOUG58640-H07","PLECN1300-20","GMP#21460","Arthropoda","Insecta","Hymenoptera","Braconidae","Microgastrinae","Dolichogenidea","Dolichogenidea Rodriguez144","BOLD:AAD2236","Malaise trap PL12-5D",10.763,-85.334,"2017-02-16","1",651,"PLECN"
"BIOUG58642-C07","PLECN1430-20","GMP#21460","Arthropoda","Insecta","Hymenoptera","Braconidae","Microgastrinae","Pseudapanteles","Pseudapanteles alvaroumanai","BOLD:AAE0922","Malaise trap PL12-5D",10.763,-85.334,"2017-02-16","1",654,"PLECN"
"BIOUG58642-E12","PLECN1459-20","GMP#21460","Arthropoda","Insecta","Hymenoptera","Braconidae","Microgastrinae","Apanteles","Apanteles freddyquesadaiDHJ02","BOLD:AAC5219","Malaise trap PL12-5D",10.763,-85.334,"2017-02-16","1",652,"PLECN"
"BIOUG58642-G03","PLECN1474-20","GMP#21460","Arthropoda","Insecta","Hymenoptera","Braconidae","Microgastrinae","Pseudapanteles","Pseudapanteles alvaroumanai","BOLD:AAE0922","Malaise trap PL12-5D",10.763,-85.334,"2017-02-16","1",656,"PLECN"
"BIOUG58647-D08","PLECN1918-20","GMP#21460","Arthropoda","Insecta","Hymenoptera","Braconidae","Microgastrinae","Apanteles","Apanteles oscarchavezi","BOLD:AAN7915","Malaise trap PL12-5D",10.763,-85.334,"2017-02-16","1",653,"PLECN"
"BIOUG58651-A01","PLECN2160-20","GMP#21460","Arthropoda","Insecta","Hymenoptera","Braconidae","Microgastrinae","Apanteles","Apanteles oscarchavezi","BOLD:AAN7915","Malaise trap PL12-5D",10.763,-85.334,"2017-02-16","1",653,"PLECN"
"BIOUG58633-A07","PLECN440-20","GMP#21460","Arthropoda","Insecta","Hymenoptera","Braconidae","Microgastrinae","Glyptapanteles","Glyptapanteles pamitchellae","BOLD:AAA3934","Malaise trap PL12-5D",10.763,-85.334,"2017-02-16","1",654,"PLECN"
"BIOUG58633-B03","PLECN448-20","GMP#21460","Arthropoda","Insecta","Hymenoptera","Braconidae","Microgastrinae","Glyptapanteles","Glyptapanteles shelbystedenfeldae","BOLD:AAC1266","Malaise trap PL12-5D",10.763,-85.334,"2017-02-16","1",655,"PLECN"
"BIOUG58633-B08","PLECN453-20","GMP#21460","Arthropoda","Insecta","Hymenoptera","Braconidae","Microgastrinae","Dolichogenidea","Dolichogenidea Malaise5057","BOLD:ADB5057","Malaise trap PL12-5D",10.763,-85.334,"2017-02-16","1",655,"PLECN"
"BIOUG58633-C11","PLECN468-20","GMP#21460","Arthropoda","Insecta","Hymenoptera","Braconidae","Microgastrinae","Glyptapanteles","Glyptapanteles shelbystedenfeldae","BOLD:AAC1266","Malaise trap PL12-5D",10.763,-85.334,"2017-02-16","1",654,"PLECN"
"BIOUG58634-B06","PLECN546-20","GMP#21460","Arthropoda","Insecta","Hymenoptera","Braconidae","Microgastrinae","Glyptapanteles","Glyptapanteles Malaise8087","BOLD:AAN8087","Malaise trap PL12-5D",10.763,-85.334,"2017-02-16","1",655,"PLECN"
"BIOUG58634-B11","PLECN551-20","GMP#21460","Arthropoda","Insecta","Hymenoptera","Braconidae","Microgastrinae","Apanteles","Apanteles oscarchavezi","BOLD:AAN7915","Malaise trap PL12-5D",10.763,-85.334,"2017-02-16","1",655,"PLECN"
"BIOUG58634-D06","PLECN570-20","GMP#21460","Arthropoda","Insecta","Hymenoptera","Braconidae","Microgastrinae","Apanteles","Apanteles oscarchavezi","BOLD:AAN7915","Malaise trap PL12-5D",10.763,-85.334,"2017-02-16","1",654,"PLECN"
"BIOUG58634-E02","PLECN578-20","GMP#21460","Arthropoda","Insecta","Hymenoptera","Braconidae","Microgastrinae","Pseudapanteles","Pseudapanteles alvaroumanai","BOLD:AAE0922","Malaise trap PL12-5D",10.763,-85.334,"2017-02-16","1",654,"PLECN"
"BIOUG58634-F11","PLECN599-20","GMP#21460","Arthropoda","Insecta","Hymenoptera","Braconidae","Microgastrinae","Dolichogenidea","Dolichogenidea Malaise8556","BOLD:AEF8556","Malaise trap PL12-5D",10.763,-85.334,"2017-02-16","1",655,"PLECN"
"BIOUG58637-C04","PLECN841-20","GMP#21460","Arthropoda","Insecta","Hymenoptera","Braconidae","Microgastrinae","Pseudapanteles","Pseudapanteles alvaroumanai","BOLD:AAE0922","Malaise trap PL12-5D",10.763,-85.334,"2017-02-16","1",652,"PLECN"
"BIOUG60811-H03","PLECP1048-20","GMP#21462","Arthropoda","Insecta","Hymenoptera","Braconidae","Microgastrinae","Diolcogaster","Diolcogaster Choi77","BOLD:AAB9863","Malaise trap PL12-5D",10.763,-85.334,"2017-03-02","1",654,"PLECP"
"BIOUG60813-B07","PLECP1170-20","GMP#21462","Arthropoda","Insecta","Hymenoptera","Braconidae","Microgastrinae","Apanteles","Apanteles angelsolisi","BOLD:ABY7235","Malaise trap PL12-5D",10.763,-85.334,"2017-03-02","1",654,"PLECP"
"BIOUG60813-B12","PLECP1175-20","GMP#21462","Arthropoda","Insecta","Hymenoptera","Braconidae","Microgastrinae","Diolcogaster","Diolcogaster Choi5983","BOLD:AAM5983","Malaise trap PL12-5D",10.763,-85.334,"2017-03-02","1",653,"PLECP"
"BIOUG60816-A10","PLECP1446-20","GMP#21462","Arthropoda","Insecta","Hymenoptera","Braconidae","Microgastrinae","Pseudapanteles","Pseudapanteles alvaroumanai","BOLD:AAE0922","Malaise trap PL12-5D",10.763,-85.334,"2017-03-02","1",654,"PLECP"
"BIOUG60816-B01","PLECP1449-20","GMP#21462","Arthropoda","Insecta","Hymenoptera","Braconidae","Microgastrinae","Glyptapanteles","Glyptapanteles shelbystedenfeldae","BOLD:AAC1266","Malaise trap PL12-5D",10.763,-85.334,"2017-03-02","1",653,"PLECP"
"BIOUG60699-A02","PLECP773-20","GMP#21462","Arthropoda","Insecta","Hymenoptera","Braconidae","Microgastrinae","Pseudapanteles","Pseudapanteles alvaroumanai","BOLD:AAE0922","Malaise trap PL12-5D",10.763,-85.334,"2017-03-02","1",654,"PLECP"
"BIOUG60699-C02","PLECP797-20","GMP#21462","Arthropoda","Insecta","Hymenoptera","Braconidae","Microgastrinae","Pseudapanteles","Pseudapanteles alvaroumanai","BOLD:AAE0922","Malaise trap PL12-5D",10.763,-85.334,"2017-03-02","1",655,"PLECP"
"BIOUG60699-E11","PLECP830-20","GMP#21462","Arthropoda","Insecta","Hymenoptera","Braconidae","Microgastrinae","Pseudapanteles","Pseudapanteles alvaroumanai","BOLD:AAE0922","Malaise trap PL12-5D",10.763,-85.334,"2017-03-02","1",653,"PLECP"
"BIOUG60699-F03","PLECP834-20","GMP#21462","Arthropoda","Insecta","Hymenoptera","Braconidae","Microgastrinae","Dolichogenidea","Dolichogenidea Rodriguez144","BOLD:AAD2236","Malaise trap PL12-5D",10.763,-85.334,"2017-03-02","1",656,"PLECP"
"BIOUG60699-G05","PLECP848-20","GMP#21462","Arthropoda","Insecta","Hymenoptera","Braconidae","Microgastrinae","Glyptapanteles","Glyptapanteles Whitfield90","BOLD:AAY1040","Malaise trap PL12-5D",10.763,-85.334,"2017-03-02","1",656,"PLECP"
"BIOUG60699-G12","PLECP855-20","GMP#21462","Arthropoda","Insecta","Hymenoptera","Braconidae","Microgastrinae","Parapanteles","Parapanteles Whitfield301","BOLD:AAJ1367","Malaise trap PL12-5D",10.763,-85.334,"2017-03-02","1",655,"PLECP"
"BIOUG60699-H07","PLECP862-20","GMP#21462","Arthropoda","Insecta","Hymenoptera","Braconidae","Microgastrinae","Glyptapanteles","Glyptapanteles Malaise8087","BOLD:AAN8087","Malaise trap PL12-5D",10.763,-85.334,"2017-03-02","1",653,"PLECP"
"BIOUG60811-B01","PLECP974-20","GMP#21462","Arthropoda","Insecta","Hymenoptera","Braconidae","Microgastrinae","Glyptapanteles","Glyptapanteles Malaise8087","BOLD:AAN8087","Malaise trap PL12-5D",10.763,-85.334,"2017-03-02","1",655,"PLECP"
"BIOUG60811-B04","PLECP977-20","GMP#21462","Arthropoda","Insecta","Hymenoptera","Braconidae","Microgastrinae","Apanteles","Apanteles josejaramilloi","BOLD:AAD6849","Malaise trap PL12-5D",10.763,-85.334,"2017-03-02","1",653,"PLECP"
"BIOUG60811-C06","PLECP991-20","GMP#21462","Arthropoda","Insecta","Hymenoptera","Braconidae","Microgastrinae","Dolichogenidea","Dolichogenidea Rodriguez195","BOLD:AAM5088","Malaise trap PL12-5D",10.763,-85.334,"2017-03-02","1",654,"PLECP"
"BIOUG57005-H01","PLECQ1123-20","GMP#21463","Arthropoda","Insecta","Hymenoptera","Braconidae","Microgastrinae","Glyptapanteles","Glyptapanteles Malaise8087","BOLD:AAN8087","Malaise trap PL12-5D",10.763,-85.334,"2017-03-09","1",654,"PLECQ"
"BIOUG57006-G09","PLECQ1214-20","GMP#21463","Arthropoda","Insecta","Hymenoptera","Braconidae","Microgastrinae","Pseudapanteles","Pseudapanteles alvaroumanai","BOLD:AAE0922","Malaise trap PL12-5D",10.763,-85.334,"2017-03-09","1",654,"PLECQ"
"BIOUG57004-E01","PLECQ992-20","GMP#21463","Arthropoda","Insecta","Hymenoptera","Braconidae","Microgastrinae","Diolcogaster","Diolcogaster Choi77","BOLD:AAB9863","Malaise trap PL12-5D",10.763,-85.334,"2017-03-09","1",655,"PLECQ"
"BIOUG57013-H08","PLECR499-20","GMP#21464","Arthropoda","Insecta","Hymenoptera","Braconidae","Microgastrinae","Dolichogenidea","Dolichogenidea Rodriguez144","BOLD:AAD2236","Malaise trap PL12-5D",10.763,-85.334,"2017-03-16","1",657,"PLECR"
"BIOUG57015-G03","PLECR672-20","GMP#21464","Arthropoda","Insecta","Hymenoptera","Braconidae","Microgastrinae","Pseudapanteles","Pseudapanteles alvaroumanai","BOLD:AAE0922","Malaise trap PL12-5D",10.763,-85.334,"2017-03-16","1",654,"PLECR"
"BIOUG57016-H09","PLECR785-20","GMP#21464","Arthropoda","Insecta","Hymenoptera","Braconidae","Microgastrinae","Apanteles","Apanteles Malaise2052","BOLD:AAV2052","Malaise trap PL12-5D",10.763,-85.334,"2017-03-16","1",654,"PLECR"
"BIOUG57030-E07","PLECS437-20","GMP#21465","Arthropoda","Insecta","Hymenoptera","Braconidae","Microgastrinae","Pseudapanteles","Pseudapanteles raulsolorzanoi","BOLD:AAA6667","Malaise trap PL12-5D",10.763,-85.334,"2017-03-23","1",654,"PLECS"
"BIOUG57031-B08","PLECS497-20","GMP#21465","Arthropoda","Insecta","Hymenoptera","Braconidae","Microgastrinae","Apanteles","Apanteles eduardoramirezi","BOLD:AAA4554","Malaise trap PL12-5D",10.763,-85.334,"2017-03-23","1",654,"PLECS"
"BIOUG57031-H10","PLECS571-20","GMP#21465","Arthropoda","Insecta","Hymenoptera","Braconidae","Microgastrinae","Hypomicrogaster","Hypomicrogaster samarshalli","BOLD:AAF7670","Malaise trap PL12-5D",10.763,-85.334,"2017-03-23","1",655,"PLECS"
"BIOUG57044-G04","PLECT258-20","GMP#21466","Arthropoda","Insecta","Hymenoptera","Braconidae","Microgastrinae","Glyptapanteles","Glyptapanteles Whitfield78","BOLD:AFW6095","Malaise trap PL12-5D",10.763,-85.334,"2017-03-30","1",653,"PLECT"
"BIOUG57044-G11","PLECT265-20","GMP#21466","Arthropoda","Insecta","Hymenoptera","Braconidae","Microgastrinae","Glyptapanteles","Glyptapanteles pamitchellae","BOLD:AAA3934","Malaise trap PL12-5D",10.763,-85.334,"2017-03-30","1",654,"PLECT"
"BIOUG57048-E12","PLECT622-20","GMP#21466","Arthropoda","Insecta","Hymenoptera","Braconidae","Microgastrinae","Glyptapanteles","Glyptapanteles shelbystedenfeldae","BOLD:AAC1266","Malaise trap PL12-5D",10.763,-85.334,"2017-03-30","1",654,"PLECT"
"BIOUG57048-G08","PLECT642-20","GMP#21466","Arthropoda","Insecta","Hymenoptera","Braconidae","Microgastrinae","Pseudapanteles","Pseudapanteles ruficollis","BOLD:AAE8275","Malaise trap PL12-5D",10.763,-85.334,"2017-03-30","1",655,"PLECT"
"BIOUG57049-G09","PLECT738-20","GMP#21466","Arthropoda","Insecta","Hymenoptera","Braconidae","Microgastrinae","Pseudapanteles","Pseudapanteles alvaroumanai","BOLD:AAE0922","Malaise trap PL12-5D",10.763,-85.334,"2017-03-30","1",652,"PLECT"
"BIOUG57051-H04","PLECT935-20","GMP#21466","Arthropoda","Insecta","Hymenoptera","Braconidae","Microgastrinae","Glyptapanteles","Glyptapanteles Malaise8087","BOLD:AAN8087","Malaise trap PL12-5D",10.763,-85.334,"2017-03-30","1",656,"PLECT"
"BIOUG57062-A02","PLECU351-20","GMP#21467","Arthropoda","Insecta","Hymenoptera","Braconidae","Microgastrinae","Glyptapanteles","Glyptapanteles Malaise8087","BOLD:AAN8087","Malaise trap PL12-5D",10.763,-85.334,"2017-04-06","1",656,"PLECU"
"BIOUG57062-C10","PLECU383-20","GMP#21467","Arthropoda","Insecta","Hymenoptera","Braconidae","Microgastrinae","Hypomicrogaster","Hypomicrogaster samarshalli","BOLD:AAF7670","Malaise trap PL12-5D",10.763,-85.334,"2017-04-06","1",654,"PLECU"
"BIOUG57062-F08","PLECU417-20","GMP#21467","Arthropoda","Insecta","Hymenoptera","Braconidae","Microgastrinae","Pseudapanteles","Pseudapanteles raulsolorzanoi","BOLD:AAA6667","Malaise trap PL12-5D",10.763,-85.334,"2017-04-06","1",654,"PLECU"
"BIOUG57062-G02","PLECU423-20","GMP#21467","Arthropoda","Insecta","Hymenoptera","Braconidae","Microgastrinae","Apanteles","Apanteles oscarchavezi","BOLD:AAN7915","Malaise trap PL12-5D",10.763,-85.334,"2017-04-06","1",654,"PLECU"
"BIOUG57062-G09","PLECU430-20","GMP#21467","Arthropoda","Insecta","Hymenoptera","Braconidae","Microgastrinae","Pseudapanteles","Pseudapanteles soniapicadoae","BOLD:AAX8739","Malaise trap PL12-5D",10.763,-85.334,"2017-04-06","1",643,"PLECU"
"BIOUG57063-G08","PLECU524-20","GMP#21467","Arthropoda","Insecta","Hymenoptera","Braconidae","Microgastrinae","Apanteles","Apanteles Malaise9656","BOLD:ADA9656","Malaise trap PL12-5D",10.763,-85.334,"2017-04-06","1",654,"PLECU"
"BIOUG57063-H08","PLECU536-20","GMP#21467","Arthropoda","Insecta","Hymenoptera","Braconidae","Microgastrinae","Hypomicrogaster","Hypomicrogaster samarshalli","BOLD:AAF7670","Malaise trap PL12-5D",10.763,-85.334,"2017-04-06","1",654,"PLECU"
"BIOUG57064-A06","PLECU545-20","GMP#21467","Arthropoda","Insecta","Hymenoptera","Braconidae","Microgastrinae","Apanteles","Apanteles oscarchavezi","BOLD:AAN7915","Malaise trap PL12-5D",10.763,-85.334,"2017-04-06","1",656,"PLECU"
"BIOUG57064-C12","PLECU575-20","GMP#21467","Arthropoda","Insecta","Hymenoptera","Braconidae","Microgastrinae","Glyptapanteles","Glyptapanteles Malaise2009","BOLD:ADB2009","Malaise trap PL12-5D",10.763,-85.334,"2017-04-06","1",655,"PLECU"
"BIOUG57075-B01","PLECV425-20","GMP#21468","Arthropoda","Insecta","Hymenoptera","Braconidae","Microgastrinae","Dolichogenidea","Dolichogenidea Rodriguez195","BOLD:AAM5088","Malaise trap PL12-5D",10.763,-85.334,"2017-04-13","1",656,"PLECV"
"BIOUG57078-A01","PLECV698-20","GMP#21468","Arthropoda","Insecta","Hymenoptera","Braconidae","Microgastrinae","Glyptapanteles","Glyptapanteles Malaise3706","BOLD:AEF3706","Malaise trap PL12-5D",10.763,-85.334,"2017-04-13","1",654,"PLECV"
"BIOUG55755-F08","PLECW300-20","GMP#21469","Arthropoda","Insecta","Hymenoptera","Braconidae","Microgastrinae","Pseudapanteles","Pseudapanteles raulsolorzanoi","BOLD:AAA6667","Malaise trap PL12-5D",10.763,-85.334,"2017-04-20","1",654,"PLECW"
"BIOUG55756-B09","PLECW348-20","GMP#21469","Arthropoda","Insecta","Hymenoptera","Braconidae","Microgastrinae","Pseudapanteles","Pseudapanteles raulsolorzanoi","BOLD:AAA6667","Malaise trap PL12-5D",10.763,-85.334,"2017-04-20","1",654,"PLECW"
"BIOUG55756-D07","PLECW370-20","GMP#21469","Arthropoda","Insecta","Hymenoptera","Braconidae","Microgastrinae","Diolcogaster","Diolcogaster Janzen03","BOLD:AAF5712","Malaise trap PL12-5D",10.763,-85.334,"2017-04-20","1",652,"PLECW"
"BIOUG55756-E01","PLECW376-20","GMP#21469","Arthropoda","Insecta","Hymenoptera","Braconidae","Microgastrinae","Apanteles","Apanteles oscarchavezi","BOLD:AAN7915","Malaise trap PL12-5D",10.763,-85.334,"2017-04-20","1",653,"PLECW"
"BIOUG55395-D05","PLECX190-20","GMP#21470","Arthropoda","Insecta","Hymenoptera","Braconidae","Microgastrinae","Snellenius","Snellenius Malaise7619","BOLD:AEE7619","Malaise trap PL12-5D",10.763,-85.334,"2017-04-27","1",654,"PLECX"
"BIOUG55784-B06","PLECX2133-20","GMP#21470","Arthropoda","Insecta","Hymenoptera","Braconidae","Microgastrinae","Pseudapanteles","Pseudapanteles raulsolorzanoi","BOLD:AAA6667","Malaise trap PL12-5D",10.763,-85.334,"2017-04-27","1",655,"PLECX"
"BIOUG55784-D06","PLECX2157-20","GMP#21470","Arthropoda","Insecta","Hymenoptera","Braconidae","Microgastrinae","Glyptapanteles","Glyptapanteles henrytownesi","BOLD:AAD1416","Malaise trap PL12-5D",10.763,-85.334,"2017-04-27","1",654,"PLECX"
"BIOUG55765-F10","PLECX380-20","GMP#21470","Arthropoda","Insecta","Hymenoptera","Braconidae","Microgastrinae","Cotesia","Cotesia Whitfield05","BOLD:AAE9335","Malaise trap PL12-5D",10.763,-85.334,"2017-04-27","1",657,"PLECX"
"BIOUG55771-B03","PLECX895-20","GMP#21470","Arthropoda","Insecta","Hymenoptera","Braconidae","Microgastrinae","Pseudapanteles","Pseudapanteles raulsolorzanoi","BOLD:AAA6667","Malaise trap PL12-5D",10.763,-85.334,"2017-04-27","1",654,"PLECX"
"BIOUG55771-B04","PLECX896-20","GMP#21470","Arthropoda","Insecta","Hymenoptera","Braconidae","Microgastrinae","Dolichogenidea","Dolichogenidea Rodriguez144","BOLD:AAD2236","Malaise trap PL12-5D",10.763,-85.334,"2017-04-27","1",654,"PLECX"
"BIOUG55771-B12","PLECX904-20","GMP#21470","Arthropoda","Insecta","Hymenoptera","Braconidae","Microgastrinae","Pseudapanteles","Pseudapanteles raulsolorzanoi","BOLD:AAA6667","Malaise trap PL12-5D",10.763,-85.334,"2017-04-27","1",657,"PLECX"
"BIOUG55771-E01","PLECX929-20","GMP#21470","Arthropoda","Insecta","Hymenoptera","Braconidae","Microgastrinae","Diolcogaster","Diolcogaster Janzen03","BOLD:AAF5712","Malaise trap PL12-5D",10.763,-85.334,"2017-04-27","1",655,"PLECX"
"BIOUG57664-A03","PLECY2314-20","GMP#21471","Arthropoda","Insecta","Hymenoptera","Braconidae","Microgastrinae","Pseudapanteles","Pseudapanteles alvaroumanai","BOLD:AAE0922","Malaise trap PL12-5D",10.763,-85.334,"2017-05-04","1",653,"PLECY"
"BIOUG57664-F09","PLECY2380-20","GMP#21471","Arthropoda","Insecta","Hymenoptera","Braconidae","Microgastrinae","Pseudapanteles","Pseudapanteles raulsolorzanoi","BOLD:AAA6667","Malaise trap PL12-5D",10.763,-85.334,"2017-05-04","1",653,"PLECY"
"BIOUG57665-B04","PLECY2422-20","GMP#21471","Arthropoda","Insecta","Hymenoptera","Braconidae","Microgastrinae","Apanteles","Apanteles oscarchavezi","BOLD:AAN7915","Malaise trap PL12-5D",10.763,-85.334,"2017-05-04","1",656,"PLECY"
"BIOUG57665-B12","PLECY2430-20","GMP#21471","Arthropoda","Insecta","Hymenoptera","Braconidae","Microgastrinae","Pseudapanteles","Pseudapanteles alvaroumanai","BOLD:AAE0922","Malaise trap PL12-5D",10.763,-85.334,"2017-05-04","1",654,"PLECY"
"BIOUG57665-C02","PLECY2432-20","GMP#21471","Arthropoda","Insecta","Hymenoptera","Braconidae","Microgastrinae","Cotesia","Cotesia Whitfield03","BOLD:AAE9345","Malaise trap PL12-5D",10.763,-85.334,"2017-05-04","1",640,"PLECY"
"BIOUG57665-G07","PLECY2485-20","GMP#21471","Arthropoda","Insecta","Hymenoptera","Braconidae","Microgastrinae","Choeras","Choeras Malaise6850","BOLD:AEC6850","Malaise trap PL12-5D",10.763,-85.334,"2017-05-04","1",651,"PLECY"
"BIOUG57672-E06","PLECY3125-20","GMP#21471","Arthropoda","Insecta","Hymenoptera","Braconidae","Microgastrinae","Pseudapanteles","Pseudapanteles raulsolorzanoi","BOLD:AAA6667","Malaise trap PL12-5D",10.763,-85.334,"2017-05-04","1",652,"PLECY"
"BIOUG57673-A02","PLECY3168-20","GMP#21471","Arthropoda","Insecta","Hymenoptera","Braconidae","Microgastrinae","Apanteles","Apanteles oscarchavezi","BOLD:AAN7915","Malaise trap PL12-5D",10.763,-85.334,"2017-05-04","1",654,"PLECY"
"BIOUG57673-B11","PLECY3189-20","GMP#21471","Arthropoda","Insecta","Hymenoptera","Braconidae","Microgastrinae","Apanteles","Apanteles freddyquesadaiDHJ02","BOLD:AAC5219","Malaise trap PL12-5D",10.763,-85.334,"2017-05-04","1",653,"PLECY"
"BIOUG57673-C11","PLECY3201-20","GMP#21471","Arthropoda","Insecta","Hymenoptera","Braconidae","Microgastrinae","Glyptapanteles","Glyptapanteles pamitchellae","BOLD:AAA3934","Malaise trap PL12-5D",10.763,-85.334,"2017-05-04","1",654,"PLECY"
"BIOUG57673-E11","PLECY3225-20","GMP#21471","Arthropoda","Insecta","Hymenoptera","Braconidae","Microgastrinae","Pseudapanteles","Pseudapanteles raulsolorzanoi","BOLD:AAA6667","Malaise trap PL12-5D",10.763,-85.334,"2017-05-04","1",674,"PLECY"
"BIOUG57651-G12","PLECY946-20","GMP#21471","Arthropoda","Insecta","Hymenoptera","Braconidae","Microgastrinae","Glyptapanteles","Glyptapanteles pamitchellae","BOLD:AAA3934","Malaise trap PL12-5D",10.763,-85.334,"2017-05-04","1",654,"PLECY"
"BIOUG57652-B06","PLECY975-20","GMP#21471","Arthropoda","Insecta","Hymenoptera","Braconidae","Microgastrinae","Dolichogenidea","Dolichogenidea Rodriguez144","BOLD:AAD2236","Malaise trap PL12-5D",10.763,-85.334,"2017-05-04","1",654,"PLECY"
"BIOUG57689-C04","PLECZ1512-20","GMP#21472","Arthropoda","Insecta","Hymenoptera","Braconidae","Microgastrinae","Pseudapanteles","Pseudapanteles alvaroumanai","BOLD:AAE0922","Malaise trap PL12-5D",10.763,-85.334,"2017-05-11","1",653,"PLECZ"
"BIOUG57689-D05","PLECZ1525-20","GMP#21472","Arthropoda","Insecta","Hymenoptera","Braconidae","Microgastrinae","Pseudapanteles","Pseudapanteles raulsolorzanoi","BOLD:AAA6667","Malaise trap PL12-5D",10.763,-85.334,"2017-05-11","1",420,"PLECZ"
"BIOUG57689-E05","PLECZ1537-20","GMP#21472","Arthropoda","Insecta","Hymenoptera","Braconidae","Microgastrinae","Pseudapanteles","Pseudapanteles raulsolorzanoi","BOLD:AAA6667","Malaise trap PL12-5D",10.763,-85.334,"2017-05-11","1",653,"PLECZ"
"BIOUG57690-B10","PLECZ1601-20","GMP#21472","Arthropoda","Insecta","Hymenoptera","Braconidae","Microgastrinae","Cotesia","Cotesia Whitfield05","BOLD:AAE9335","Malaise trap PL12-5D",10.763,-85.334,"2017-05-11","1",654,"PLECZ"
"BIOUG57690-D10","PLECZ1625-20","GMP#21472","Arthropoda","Insecta","Hymenoptera","Braconidae","Microgastrinae","Pseudapanteles","Pseudapanteles alvaroumanai","BOLD:AAE0922","Malaise trap PL12-5D",10.763,-85.334,"2017-05-11","1",655,"PLECZ"
"BIOUG57690-G11","PLECZ1662-20","GMP#21472","Arthropoda","Insecta","Hymenoptera","Braconidae","Microgastrinae","Pseudapanteles","Pseudapanteles alvaroumanai","BOLD:AAE0922","Malaise trap PL12-5D",10.763,-85.334,"2017-05-11","1",652,"PLECZ"
"BIOUG57707-D09","PLECZ3443-20","GMP#21472","Arthropoda","Insecta","Hymenoptera","Braconidae","Microgastrinae","Glyptapanteles","Glyptapanteles Whitfield75","BOLD:AAE7080","Malaise trap PL12-5D",10.763,-85.334,"2017-05-11","1",652,"PLECZ"
"BIOUG57708-B02","PLECZ3507-20","GMP#21472","Arthropoda","Insecta","Hymenoptera","Braconidae","Microgastrinae","Pseudapanteles","Pseudapanteles raulsolorzanoi","BOLD:AAA6667","Malaise trap PL12-5D",10.763,-85.334,"2017-05-11","1",654,"PLECZ"
"BIOUG57725-H08","PLECZ5206-20","GMP#21472","Arthropoda","Insecta","Hymenoptera","Braconidae","Microgastrinae","Pseudapanteles","Pseudapanteles raulsolorzanoi","BOLD:AAA6667","Malaise trap PL12-5D",10.763,-85.334,"2017-05-11","1",654,"PLECZ"
"BIOUG57759-A11","PLEDA3401-20","GMP#21473","Arthropoda","Insecta","Hymenoptera","Braconidae","Microgastrinae","Pseudapanteles","Pseudapanteles raulsolorzanoi","BOLD:AAA6667","Malaise trap PL12-5D",10.763,-85.334,"2017-05-18","1",654,"PLEDA"
"BIOUG57759-B01","PLEDA3403-20","GMP#21473","Arthropoda","Insecta","Hymenoptera","Braconidae","Microgastrinae","Cotesia","Cotesia Whitfield05","BOLD:AAE9335","Malaise trap PL12-5D",10.763,-85.334,"2017-05-18","1",654,"PLEDA"
"BIOUG57759-D03","PLEDA3429-20","GMP#21473","Arthropoda","Insecta","Hymenoptera","Braconidae","Microgastrinae","Glyptapanteles","Glyptapanteles nataliaivanovae","BOLD:AAC5317","Malaise trap PL12-5D",10.763,-85.334,"2017-05-18","1",655,"PLEDA"
"BIOUG57759-E11","PLEDA3449-20","GMP#21473","Arthropoda","Insecta","Hymenoptera","Braconidae","Microgastrinae","Glyptapanteles","Glyptapanteles meganmiltonae","BOLD:AAI7301","Malaise trap PL12-5D",10.763,-85.334,"2017-05-18","1",640,"PLEDA"
"BIOUG57759-F08","PLEDA3458-20","GMP#21473","Arthropoda","Insecta","Hymenoptera","Braconidae","Microgastrinae","Pseudapanteles","Pseudapanteles raulsolorzanoi","BOLD:AAA6667","Malaise trap PL12-5D",10.763,-85.334,"2017-05-18","1",654,"PLEDA"
"BIOUG57759-G02","PLEDA3464-20","GMP#21473","Arthropoda","Insecta","Hymenoptera","Braconidae","Microgastrinae","Hypomicrogaster","Hypomicrogaster Malaise4140","BOLD:AEF4140","Malaise trap PL12-5D",10.763,-85.334,"2017-05-18","1",640,"PLEDA"
"BIOUG57760-A04","PLEDA3489-20","GMP#21473","Arthropoda","Insecta","Hymenoptera","Braconidae","Microgastrinae","Pseudapanteles","Pseudapanteles alvaroumanai","BOLD:AAE0922","Malaise trap PL12-5D",10.763,-85.334,"2017-05-18","1",658,"PLEDA"
"BIOUG57760-A11","PLEDA3496-20","GMP#21473","Arthropoda","Insecta","Hymenoptera","Braconidae","Microgastrinae","Pseudapanteles","Pseudapanteles raulsolorzanoi","BOLD:AAA6667","Malaise trap PL12-5D",10.763,-85.334,"2017-05-18","1",656,"PLEDA"
"BIOUG57760-F11","PLEDA3556-20","GMP#21473","Arthropoda","Insecta","Hymenoptera","Braconidae","Microgastrinae","Glyptapanteles","Glyptapanteles Malaise7938","BOLD:ADA7938","Malaise trap PL12-5D",10.763,-85.334,"2017-05-18","1",654,"PLEDA"
"BIOUG57774-H05","PLEDA4904-20","GMP#21473","Arthropoda","Insecta","Hymenoptera","Braconidae","Microgastrinae","Glyptapanteles","Glyptapanteles Whitfield75","BOLD:AAE7080","Malaise trap PL12-5D",10.763,-85.334,"2017-05-18","1",654,"PLEDA"
"BIOUG57774-H06","PLEDA4905-20","GMP#21473","Arthropoda","Insecta","Hymenoptera","Braconidae","Microgastrinae","Glyptapanteles","Glyptapanteles Whitfield75","BOLD:AAE7080","Malaise trap PL12-5D",10.763,-85.334,"2017-05-18","1",655,"PLEDA"
"BIOUG57795-G03","PLEDA6893-20","GMP#21473","Arthropoda","Insecta","Hymenoptera","Braconidae","Microgastrinae","Diolcogaster","Diolcogaster Janzen03","BOLD:AAF5712","Malaise trap PL12-5D",10.763,-85.334,"2017-05-18","1",654,"PLEDA"
"BIOUG57796-A02","PLEDA6915-20","GMP#21473","Arthropoda","Insecta","Hymenoptera","Braconidae","Microgastrinae","Glyptapanteles","Glyptapanteles shelbystedenfeldae","BOLD:AAC1266","Malaise trap PL12-5D",10.763,-85.334,"2017-05-18","1",654,"PLEDA"
"BIOUG59032-A11","PLEDB3493-20","GMP#21474","Arthropoda","Insecta","Hymenoptera","Braconidae","Microgastrinae","Glyptapanteles","Glyptapanteles bobkulai","BOLD:ACE8721","Malaise trap PL12-5D",10.763,-85.334,"2017-05-25","1",641,"PLEDB"
"BIOUG59039-F03","PLEDB4210-20","GMP#21474","Arthropoda","Insecta","Hymenoptera","Braconidae","Microgastrinae","Pseudapanteles","Pseudapanteles raulsolorzanoi","BOLD:AAA6667","Malaise trap PL12-5D",10.763,-85.334,"2017-05-25","1",655,"PLEDB"
"BIOUG59060-H03","PLEDB6229-20","GMP#21474","Arthropoda","Insecta","Hymenoptera","Braconidae","Microgastrinae","Apanteles","Apanteles Rodriguez148","BOLD:AAM5736","Malaise trap PL12-5D",10.763,-85.334,"2017-05-25","1",655,"PLEDB"
"BIOUG59061-G10","PLEDB6319-20","GMP#21474","Arthropoda","Insecta","Hymenoptera","Braconidae","Microgastrinae","Pseudapanteles","Pseudapanteles raulsolorzanoi","BOLD:AAA6667","Malaise trap PL12-5D",10.763,-85.334,"2017-05-25","1",654,"PLEDB"
"BIOUG56949-F01","PLEDB6476-20","GMP#21474","Arthropoda","Insecta","Hymenoptera","Braconidae","Microgastrinae","Diolcogaster","Diolcogaster Choi314","BOLD:AAL1022","Malaise trap PL12-5D",10.763,-85.334,"2017-05-25","1",655,"PLEDB"
"BIOUG59007-B06","PLEDB826-20","GMP#21474","Arthropoda","Insecta","Hymenoptera","Braconidae","Microgastrinae","Glyptapanteles","Glyptapanteles Malaise2049","BOLD:AEA2049","Malaise trap PL12-5D",10.763,-85.334,"2017-05-25","1",656,"PLEDB"
"BIOUG59007-E10","PLEDB866-20","GMP#21474","Arthropoda","Insecta","Hymenoptera","Braconidae","Microgastrinae","Dolichogenidea","Dolichogenidea Rodriguez144","BOLD:AAD2236","Malaise trap PL12-5D",10.763,-85.334,"2017-05-25","1",657,"PLEDB"
"BIOUG59074-C01","PLEDC1154-20","GMP#21475","Arthropoda","Insecta","Hymenoptera","Braconidae","Microgastrinae","Pseudapanteles","Pseudapanteles raulsolorzanoi","BOLD:AAA6667","Malaise trap PL12-5D",10.763,-85.334,"2017-06-01","1",653,"PLEDC"
"BIOUG59074-D08","PLEDC1173-20","GMP#21475","Arthropoda","Insecta","Hymenoptera","Braconidae","Microgastrinae","Pseudapanteles","Pseudapanteles raulsolorzanoi","BOLD:AAA6667","Malaise trap PL12-5D",10.763,-85.334,"2017-06-01","1",654,"PLEDC"
"BIOUG59074-H05","PLEDC1218-20","GMP#21475","Arthropoda","Insecta","Hymenoptera","Braconidae","Microgastrinae","Pseudapanteles","Pseudapanteles alvaroumanai","BOLD:AAE0922","Malaise trap PL12-5D",10.763,-85.334,"2017-06-01","1",651,"PLEDC"
"BIOUG59075-G10","PLEDC1306-20","GMP#21475","Arthropoda","Insecta","Hymenoptera","Braconidae","Microgastrinae","Glyptapanteles","Glyptapanteles meganmiltonae","BOLD:AAI7301","Malaise trap PL12-5D",10.763,-85.334,"2017-06-01","1",652,"PLEDC"
"BIOUG59097-B12","PLEDC3338-20","GMP#21475","Arthropoda","Insecta","Hymenoptera","Braconidae","Microgastrinae","Glyptapanteles","Glyptapanteles charlesmicheneri","BOLD:AAM5224","Malaise trap PL12-5D",10.763,-85.334,"2017-06-01","1",655,"PLEDC"
"BIOUG59617-C06","PLEDD1574-20","GMP#21476","Arthropoda","Insecta","Hymenoptera","Braconidae","Microgastrinae","Snellenius","Snellenius Malaise7619","BOLD:AEE7619","Malaise trap PL12-5D",10.763,-85.334,"2017-06-08","1",655,"PLEDD"
"BIOUG59627-E12","PLEDD2554-20","GMP#21476","Arthropoda","Insecta","Hymenoptera","Braconidae","Microgastrinae","Glyptapanteles","Glyptapanteles mikegatesi","BOLD:AAI7293","Malaise trap PL12-5D",10.763,-85.334,"2017-06-08","1",654,"PLEDD"
"BIOUG59628-A03","PLEDD2592-20","GMP#21476","Arthropoda","Insecta","Hymenoptera","Braconidae","Microgastrinae","Xanthomicrogaster","Xanthomicrogaster Janzen4621","BOLD:AEC4531","Malaise trap PL12-5D",10.763,-85.334,"2017-06-08","1",654,"PLEDD"
"BIOUG59628-F08","PLEDD2657-20","GMP#21476","Arthropoda","Insecta","Hymenoptera","Braconidae","Microgastrinae","Glyptapanteles","Glyptapanteles Whitfield75","BOLD:AAE7080","Malaise trap PL12-5D",10.763,-85.334,"2017-06-08","1",655,"PLEDD"
"BIOUG59628-H02","PLEDD2675-20","GMP#21476","Arthropoda","Insecta","Hymenoptera","Braconidae","Microgastrinae","Glyptapanteles","Glyptapanteles charlesmicheneri","BOLD:AAM5224","Malaise trap PL12-5D",10.763,-85.334,"2017-06-08","1",654,"PLEDD"
"BIOUG59603-F08","PLEDD282-20","GMP#21476","Arthropoda","Insecta","Hymenoptera","Braconidae","Microgastrinae","Glyptapanteles","Glyptapanteles Whitfield75","BOLD:AAE7080","Malaise trap PL12-5D",10.763,-85.334,"2017-06-08","1",654,"PLEDD"
"BIOUG59799-B01","PLEDE2589-20","GMP#21477","Arthropoda","Insecta","Hymenoptera","Braconidae","Microgastrinae","Pseudapanteles","Pseudapanteles raulsolorzanoi","BOLD:AAA6667","Malaise trap PL12-5D",10.763,-85.334,"2017-06-15","1",654,"PLEDE"
"BIOUG59799-D02","PLEDE2614-20","GMP#21477","Arthropoda","Insecta","Hymenoptera","Braconidae","Microgastrinae","Pseudapanteles","Pseudapanteles raulsolorzanoi","BOLD:AAA6667","Malaise trap PL12-5D",10.763,-85.334,"2017-06-15","1",655,"PLEDE"
"BIOUG60403-H06","PLEDE3046-20","GMP#21477","Arthropoda","Insecta","Hymenoptera","Braconidae","Microgastrinae","Apanteles","Apanteles Malaise7738","BOLD:AEF7738","Malaise trap PL12-5D",10.763,-85.334,"2017-06-15","1",654,"PLEDE"
"BIOUG60419-A10","PLEDF644-20","GMP#21478","Arthropoda","Insecta","Hymenoptera","Braconidae","Microgastrinae","Glyptapanteles","Glyptapanteles mikegatesi","BOLD:AAI7293","Malaise trap PL12-5D",10.763,-85.334,"2017-06-22","1",656,"PLEDF"
"BIOUG60607-A04","PLEDG1059-20","GMP#21479","Arthropoda","Insecta","Hymenoptera","Braconidae","Microgastrinae","Hypomicrogaster","Hypomicrogaster Whitfield20","BOLD:AAK3035","Malaise trap PL12-5D",10.763,-85.334,"2017-06-29","1",642,"PLEDG"
"BIOUG60605-A07","PLEDG872-20","GMP#21479","Arthropoda","Insecta","Hymenoptera","Braconidae","Microgastrinae","Xanthomicrogaster","Xanthomicrogaster Janzen4621","BOLD:AEC4531","Malaise trap PL12-5D",10.763,-85.334,"2017-06-29","1",653,"PLEDG"
"BIOUG60605-D01","PLEDG902-20","GMP#21479","Arthropoda","Insecta","Hymenoptera","Braconidae","Microgastrinae","Hypomicrogaster","Hypomicrogaster Whitfield20","BOLD:AAK3035","Malaise trap PL12-5D",10.763,-85.334,"2017-06-29","1",642,"PLEDG"
"BIOUG60605-E08","PLEDG921-20","GMP#21479","Arthropoda","Insecta","Hymenoptera","Braconidae","Microgastrinae","Hypomicrogaster","Hypomicrogaster Whitfield20","BOLD:AAK3035","Malaise trap PL12-5D",10.763,-85.334,"2017-06-29","1",640,"PLEDG"
"BIOUG59599-G07","PLEDH1222-20","GMP#21480","Arthropoda","Insecta","Hymenoptera","Braconidae","Microgastrinae","Glyptapanteles","Glyptapanteles charlesmicheneri","BOLD:AAM5224","Malaise trap PL12-5D",10.763,-85.334,"2017-07-06","1",655,"PLEDH"
"BIOUG60030-C02","PLEDI1372-20","GMP#21481","Arthropoda","Insecta","Hymenoptera","Braconidae","Microgastrinae","Glyptapanteles","Glyptapanteles paulheberti","BOLD:ACE8951","Malaise trap PL12-5D",10.763,-85.334,"2017-07-13","1",640,"PLEDI"
"BIOUG60031-A11","PLEDI1452-20","GMP#21481","Arthropoda","Insecta","Hymenoptera","Braconidae","Microgastrinae","Cotesia","Cotesia Whitfield05","BOLD:AAE9335","Malaise trap PL12-5D",10.763,-85.334,"2017-07-13","1",654,"PLEDI"
"BIOUG58794-A01","PLEDJ1197-20","GMP#21482","Arthropoda","Insecta","Hymenoptera","Braconidae","Microgastrinae","Cotesia","Cotesia Whitfield05","BOLD:AAE9335","Malaise trap PL12-5D",10.763,-85.334,"2017-07-20","1",652,"PLEDJ"
"BIOUG58794-A07","PLEDJ1203-20","GMP#21482","Arthropoda","Insecta","Hymenoptera","Braconidae","Microgastrinae","Glyptapanteles","Glyptapanteles Malaise1893","BOLD:ACB1893","Malaise trap PL12-5D",10.763,-85.334,"2017-07-20","1",653,"PLEDJ"
"BIOUG58799-D09","PLEDJ1716-20","GMP#21482","Arthropoda","Insecta","Hymenoptera","Braconidae","Microgastrinae","Glyptapanteles","Glyptapanteles Malaise1893","BOLD:ACB1893","Malaise trap PL12-5D",10.763,-85.334,"2017-07-20","1",652,"PLEDJ"
"BIOUG58799-E06","PLEDJ1725-20","GMP#21482","Arthropoda","Insecta","Hymenoptera","Braconidae","Microgastrinae","Parapanteles","Parapanteles tlineaDHJ01","BOLD:AED2446","Malaise trap PL12-5D",10.763,-85.334,"2017-07-20","1",653,"PLEDJ"
"BIOUG59665-F07","PLEDK1142-20","GMP#21483","Arthropoda","Insecta","Hymenoptera","Braconidae","Microgastrinae","Glyptapanteles","Glyptapanteles jesusugaldei","BOLD:ABX6466","Malaise trap PL12-5D",10.763,-85.334,"2017-07-27","1",654,"PLEDK"
"BIOUG59679-A08","PLEDL1210-20","GMP#21484","Arthropoda","Insecta","Hymenoptera","Braconidae","Microgastrinae","Rasivalva","Rasivalva Malaise7445","BOLD:AEB7445","Malaise trap PL12-5D",10.763,-85.334,"2017-08-03","1",654,"PLEDL"
"BIOUG57109-F01","PLEDO915-20","GMP#21487","Arthropoda","Insecta","Hymenoptera","Braconidae","Microgastrinae","Glyptapanteles","Glyptapanteles sondrawardae","BOLD:AAA3077","Malaise trap PL12-5D",10.763,-85.334,"2017-08-24","1",653,"PLEDO"
"BIOUG57123-G10","PLEDP1084-20","GMP#21488","Arthropoda","Insecta","Hymenoptera","Braconidae","Microgastrinae","Parapanteles","Parapanteles tlineaDHJ01","BOLD:AED2446","Malaise trap PL12-5D",10.763,-85.334,"2017-08-31","1",653,"PLEDP"
"BIOUG57124-B10","PLEDP1119-20","GMP#21488","Arthropoda","Insecta","Hymenoptera","Braconidae","Microgastrinae","Glyptapanteles","Glyptapanteles Janzen4588","BOLD:AEA9104","Malaise trap PL12-5D",10.763,-85.334,"2017-08-31","1",654,"PLEDP"
"BIOUG57135-A05","PLEDQ912-20","GMP#21489","Arthropoda","Insecta","Hymenoptera","Braconidae","Microgastrinae","Promicrogaster","Promicrogaster Malaise3092","BOLD:AEF3092","Malaise trap PL12-5D",10.763,-85.334,"2017-09-07","1",654,"PLEDQ"
"BIOUG57149-B06","PLEDR1163-20","GMP#21490","Arthropoda","Insecta","Hymenoptera","Braconidae","Microgastrinae","Glyptapanteles","Glyptapanteles Whitfield180","BOLD:AAC1260","Malaise trap PL12-5D",10.763,-85.334,"2017-09-14","1",651,"PLEDR"
"BIOUG57180-F06","PLEDT1353-20","GMP#21492","Arthropoda","Insecta","Hymenoptera","Braconidae","Microgastrinae","Hypomicrogaster","Hypomicrogaster malaise0484","BOLD:AEF0484","Malaise trap PL12-5D",10.763,-85.334,"2017-09-28","1",655,"PLEDT"
"BIOUG57198-F08","PLEDU1500-20","GMP#21493","Arthropoda","Insecta","Hymenoptera","Braconidae","Microgastrinae","Glyptapanteles","Glyptapanteles Whitfield129","BOLD:AGB0786","Malaise trap PL12-5D",10.763,-85.334,"2017-10-05","1",652,"PLEDU"
"BIOUG57812-B05","PLEDW586-20","GMP#21495","Arthropoda","Insecta","Hymenoptera","Braconidae","Microgastrinae","Glyptapanteles","Glyptapanteles sondrawardae","BOLD:AAA3077","Malaise trap PL12-5D",10.763,-85.334,"2017-10-19","1",655,"PLEDW"
"BIOUG57829-A05","PLEDY631-20","GMP#21497","Arthropoda","Insecta","Hymenoptera","Braconidae","Microgastrinae","Cotesia","Cotesia Whitfield196","BOLD:AAJ5618","Malaise trap PL12-5D",10.763,-85.334,"2017-11-02","1",654,"PLEDY"
"BIOUG57839-G01","PLEDZ849-20","GMP#21498","Arthropoda","Insecta","Hymenoptera","Braconidae","Microgastrinae","Dolichogenidea","Dolichogenidea Janzen94","BOLD:AAE8602","Malaise trap PL12-5D",10.763,-85.334,"2017-11-09","1",654,"PLEDZ"
"BIOUG64155-F12","PLEEF146-21","GMP#28255","Arthropoda","Insecta","Hymenoptera","Braconidae","Microgastrinae","Pseudapanteles","Pseudapanteles raulsolorzanoi","BOLD:AAA6667","Malaise trap PL12-8G",10.761,-85.335,"2019-12-19","1",662,"PLEEF"
"BIOUG64155-G01","PLEEF147-21","GMP#28255","Arthropoda","Insecta","Hymenoptera","Braconidae","Microgastrinae","Glyptapanteles","Glyptapanteles Whitfield139","BOLD:AAY0767","Malaise trap PL12-8G",10.761,-85.335,"2019-12-19","1",656,"PLEEF"
"BIOUG64163-C08","PLEEJ169-21","GMP#28259","Arthropoda","Insecta","Hymenoptera","Braconidae","Microgastrinae","Pseudapanteles","Pseudapanteles alvaroumanai","BOLD:AAE0922","Malaise trap PL12-8G",10.761,-85.335,"2020-01-16","1",661,"PLEEJ"
"BIOUG59832-C06","PLEEP251-21","GMP#28265","Arthropoda","Insecta","Hymenoptera","Braconidae","Microgastrinae","Apanteles","Apanteles Malaise9568","BOLD:ADA9568","Malaise trap PL12-8G",10.761,-85.335,"2020-02-27","1",653,"PLEEP"
"BIOUG59832-C12","PLEEP257-21","GMP#28265","Arthropoda","Insecta","Hymenoptera","Braconidae","Microgastrinae","Dolichogenidea","Dolichogenidea Janzen5847","BOLD:AAM5847","Malaise trap PL12-8G",10.761,-85.335,"2020-02-27","1",656,"PLEEP"
"BIOUG59834-E12","PLEEQ066-21","GMP#28266","Arthropoda","Insecta","Hymenoptera","Braconidae","Microgastrinae","Glyptapanteles","Glyptapanteles pamitchellae","BOLD:AAA3934","Malaise trap PL12-8G",10.761,-85.335,"2020-03-05","1",801,"PLEEQ"
"BIOUG59834-G05","PLEEQ083-21","GMP#28266","Arthropoda","Insecta","Hymenoptera","Braconidae","Microgastrinae","Dolichogenidea","Dolichogenidea Janzen5847","BOLD:AAM5847","Malaise trap PL12-8G",10.761,-85.335,"2020-03-05","1",653,"PLEEQ"
"BIOUG59835-B04","PLEEQ117-21","GMP#28266","Arthropoda","Insecta","Hymenoptera","Braconidae","Microgastrinae","Hypomicrogaster","Hypomicrogaster Janzen160","BOLD:AAM5150","Malaise trap PL12-8G",10.761,-85.335,"2020-03-05","1",652,"PLEEQ"
"BIOUG59835-B07","PLEEQ120-21","GMP#28266","Arthropoda","Insecta","Hymenoptera","Braconidae","Microgastrinae","Hypomicrogaster","Hypomicrogaster Janzen160","BOLD:AAM5150","Malaise trap PL12-8G",10.761,-85.335,"2020-03-05","1",649,"PLEEQ"
"BIOUG59837-C10","PLEES098-21","GMP#28268","Arthropoda","Insecta","Hymenoptera","Braconidae","Microgastrinae","Glyptapanteles","Glyptapanteles pamitchellae","BOLD:AAA3934","Malaise trap PL12-8G",10.761,-85.335,"2020-03-19","1",655,"PLEES"
"BIOUG59837-D05","PLEES105-21","GMP#28268","Arthropoda","Insecta","Hymenoptera","Braconidae","Microgastrinae","Hypomicrogaster","Hypomicrogaster Janzen160","BOLD:AAM5150","Malaise trap PL12-8G",10.761,-85.335,"2020-03-19","1",654,"PLEES"
"BIOUG64619-G06","PLEEV196-21","GMP#28271","Arthropoda","Insecta","Hymenoptera","Braconidae","Microgastrinae","Pseudapanteles","Pseudapanteles alvaroumanai","BOLD:AAE0922","Malaise trap PL12-8G",10.761,-85.335,"2020-04-09","1",657,"PLEEV"
"BIOUG64619-H02","PLEEV204-21","GMP#28271","Arthropoda","Insecta","Hymenoptera","Braconidae","Microgastrinae","Glyptapanteles","Glyptapanteles Malaise2689","BOLD:AEH2689","Malaise trap PL12-8G",10.761,-85.335,"2020-04-09","1",654,"PLEEV"
"BIOUG64625-B06","PLEEX189-21","GMP#28273","Arthropoda","Insecta","Hymenoptera","Braconidae","Microgastrinae","Pseudapanteles","Pseudapanteles Malaise3040","BOLD:ADB3040","Malaise trap PL12-8G",10.761,-85.335,"2020-04-30","1",653,"PLEEX"
"BIOUG64632-C04","PLEFC043-21","GMP#28278","Arthropoda","Insecta","Hymenoptera","Braconidae","Microgastrinae","Pseudapanteles","Pseudapanteles raulsolorzanoi","BOLD:AAA6667","Malaise trap PL12-8G",10.761,-85.335,"2020-06-04","1",655,"PLEFC"
"BIOUG73975-D12","PLEFY024-21","GMP#34557","Arthropoda","Insecta","Hymenoptera","Braconidae","Microgastrinae","Pseudapanteles","Pseudapanteles raulsolorzanoi","BOLD:AAA6667","Malaise trap PL12-8G",10.761,-85.335,"2020-11-05","1",652,"PLEFY"
"BIOUG49022-D12","PLFAB858-19","GMP#07095","Arthropoda","Insecta","Hymenoptera","Braconidae","Microgastrinae","Apanteles","Apanteles raulacevedoi","BOLD:ABX5812","Malaise trap PL12-5B",10.763,-85.334,"2014-11-27","1",655,"PLFAB"
"BIOUG49146-A10","PLFAF671-19","GMP#07082","Arthropoda","Insecta","Hymenoptera","Braconidae","Microgastrinae","Glyptapanteles","Glyptapanteles pamitchellae","BOLD:AAA3934","Malaise trap PL12-5B",10.763,-85.334,"2014-12-25","1",654,"PLFAF"
"BIOUG49167-H07","PLFAG756-19","GMP#07083","Arthropoda","Insecta","Hymenoptera","Braconidae","Microgastrinae","Dolichogenidea","Dolichogenidea Janzen57","BOLD:AAM5842","Malaise trap PL12-5B",10.763,-85.334,"2015-01-01","1",653,"PLFAG"
"BIOUG49224-D11","PLFAH774-19","GMP#06448","Arthropoda","Insecta","Hymenoptera","Braconidae","Microgastrinae","Glyptapanteles","Glyptapanteles Malaise2049","BOLD:AEA2049","Malaise trap PL12-5B",10.763,-85.334,"2015-01-08","1",654,"PLFAH"
"BIOUG49263-G05","PLFAI679-19","GMP#06449","Arthropoda","Insecta","Hymenoptera","Braconidae","Microgastrinae","Diolcogaster","Diolcogaster Choi77","BOLD:AAB9863","Malaise trap PL12-5B",10.763,-85.334,"2015-01-15","1",656,"PLFAI"
"BIOUG49263-G08","PLFAI682-19","GMP#06449","Arthropoda","Insecta","Hymenoptera","Braconidae","Microgastrinae","Apanteles","Apanteles Rodriguez148","BOLD:AAM5736","Malaise trap PL12-5B",10.763,-85.334,"2015-01-15","1",655,"PLFAI"
"BIOUG49264-E04","PLFAI749-19","GMP#06449","Arthropoda","Insecta","Hymenoptera","Braconidae","Microgastrinae","Glyptapanteles","Glyptapanteles Whitfield90","BOLD:AAY1040","Malaise trap PL12-5B",10.763,-85.334,"2015-01-15","1",654,"PLFAI"
"BIOUG49237-D12","PLFAK441-19","GMP#06451","Arthropoda","Insecta","Hymenoptera","Braconidae","Microgastrinae","Pseudapanteles","Pseudapanteles alvaroumanai","BOLD:AAE0922","Malaise trap PL12-5B",10.763,-85.334,"2015-01-29","1",652,"PLFAK"
"BIOUG49280-E10","PLFAN414-19","GMP#06454","Arthropoda","Insecta","Hymenoptera","Braconidae","Microgastrinae","Pseudapanteles","Pseudapanteles alvaroumanai","BOLD:AAE0922","Malaise trap PL12-5B",10.763,-85.334,"2015-02-19","1",652,"PLFAN"
"BIOUG49284-D09","PLFAP285-19","GMP#06456","Arthropoda","Insecta","Hymenoptera","Braconidae","Microgastrinae","Glyptapanteles","Glyptapanteles pamitchellae","BOLD:AAA3934","Malaise trap PL12-5B",10.763,-85.334,"2015-03-05","1",654,"PLFAP"
"BIOUG49558-H02","PLFAY496-19","GMP#06465","Arthropoda","Insecta","Hymenoptera","Braconidae","Microgastrinae","Apanteles","Apanteles Malaise2941","BOLD:ADB2941","Malaise trap PL12-5B",10.763,-85.334,"2015-05-07","1",657,"PLFAY"
"BIOUG49583-A02","PLFAZ534-19","GMP#06466","Arthropoda","Insecta","Hymenoptera","Braconidae","Microgastrinae","Apanteles","Apanteles Malaise2941","BOLD:ADB2941","Malaise trap PL12-5B",10.763,-85.334,"2015-05-14","1",657,"PLFAZ"
"BIOUG50848-B04","PLFBB577-19","GMP#06468","Arthropoda","Insecta","Hymenoptera","Braconidae","Microgastrinae","Apanteles","Apanteles Malaise2941","BOLD:ADB2941","Malaise trap PL12-5B",10.763,-85.334,"2015-05-28","1",656,"PLFBB"
"BIOUG50564-C10","PLFBC447-19","GMP#06469","Arthropoda","Insecta","Hymenoptera","Braconidae","Microgastrinae","Hypomicrogaster","Hypomicrogaster samarshalli","BOLD:AAF7670","Malaise trap PL12-5B",10.763,-85.334,"2015-06-04","1",655,"PLFBC"
"BIOUG50435-C02","PLFBD150-19","GMP#06470","Arthropoda","Insecta","Hymenoptera","Braconidae","Microgastrinae","Parapanteles","Parapanteles tlineaDHJ01","BOLD:AED2446","Malaise trap PL12-5B",10.763,-85.334,"2015-06-11","1",655,"PLFBD"
"BIOUG50435-H09","PLFBD217-19","GMP#06470","Arthropoda","Insecta","Hymenoptera","Braconidae","Microgastrinae","Parapanteles","Parapanteles tlineaDHJ01","BOLD:AED2446","Malaise trap PL12-5B",10.763,-85.334,"2015-06-11","1",654,"PLFBD"
"BIOUG50767-D05","PLFBE575-19","GMP#06471","Arthropoda","Insecta","Hymenoptera","Braconidae","Microgastrinae","Parapanteles","Parapanteles tlineaDHJ01","BOLD:AED2446","Malaise trap PL12-5B",10.763,-85.334,"2015-06-18","1",654,"PLFBE"
"BIOUG50837-B11","PLFBF291-19","GMP#06472","Arthropoda","Insecta","Hymenoptera","Braconidae","Microgastrinae","Pseudapanteles","Pseudapanteles alvaroumanai","BOLD:AAE0922","Malaise trap PL12-5B",10.763,-85.334,"2015-06-25","1",654,"PLFBF"
"BIOUG50934-G09","PLFBJ450-19","GMP#06476","Arthropoda","Insecta","Hymenoptera","Braconidae","Microgastrinae","Parapanteles","Parapanteles tlineaDHJ01","BOLD:AED2446","Malaise trap PL12-5B",10.763,-85.334,"2015-07-23","1",654,"PLFBJ"
"BIOUG51004-A10","PLFBL133-19","GMP#06477","Arthropoda","Insecta","Hymenoptera","Braconidae","Microgastrinae","Dolichogenidea","Dolichogenidea Malaise9679","BOLD:ADA9679","Malaise trap PL12-5B",10.763,-85.334,"2015-08-06","1",654,"PLFBL"
"BIOUG50549-D11","PLFBP238-19","GMP#06482","Arthropoda","Insecta","Hymenoptera","Braconidae","Microgastrinae","Glyptapanteles","Glyptapanteles sondrawardae","BOLD:AAA3077","Malaise trap PL12-5B",10.763,-85.334,"2015-09-03","1",651,"PLFBP"
"BIOUG50605-G06","PLFBR179-19","GMP#06484","Arthropoda","Insecta","Hymenoptera","Braconidae","Microgastrinae","Dolichogenidea","Dolichogenidea Malaise9679","BOLD:ADA9679","Malaise trap PL12-5B",10.763,-85.334,"2015-09-17","1",655,"PLFBR"
"BIOUG50988-D02","PLFBT928-19","GMP#06486","Arthropoda","Insecta","Hymenoptera","Braconidae","Microgastrinae","Cotesia","Cotesia Whitfield31","BOLD:AAA7143","Malaise trap PL12-5B",10.763,-85.334,"2015-10-01","1",654,"PLFBT"
"BIOUG51016-F10","PLFBX051-19","GMP#06489","Arthropoda","Insecta","Hymenoptera","Braconidae","Microgastrinae","Rasivalva","Rasivalva Malaise7445","BOLD:AEB7445","Malaise trap PL12-5B",10.763,-85.334,"2015-10-29","1",654,"PLFBX"
"BIOUG58576-D03","PLFCA2471-20","GMP#21499","Arthropoda","Insecta","Hymenoptera","Braconidae","Microgastrinae","Rasivalva","Rasivalva Malaise7445","BOLD:AEB7445","Malaise trap PL12-5E",10.763,-85.334,"2017-11-16","1",640,"PLFCA"
"BIOUG58586-A10","PLFCB775-20","GMP#21500","Arthropoda","Insecta","Hymenoptera","Braconidae","Microgastrinae","Dolichogenidea","Dolichogenidea Janzen57","BOLD:AAM5842","Malaise trap PL12-5E",10.763,-85.334,"2017-11-23","1",655,"PLFCB"
"BIOUG58586-A12","PLFCB777-20","GMP#21500","Arthropoda","Insecta","Hymenoptera","Braconidae","Microgastrinae","Dolichogenidea","Dolichogenidea Janzen94","BOLD:AAE8602","Malaise trap PL12-5E",10.763,-85.334,"2017-11-23","1",655,"PLFCB"
"BIOUG58586-B10","PLFCB787-20","GMP#21500","Arthropoda","Insecta","Hymenoptera","Braconidae","Microgastrinae","Apanteles","Apanteles juancarrilloi","BOLD:AAC8420","Malaise trap PL12-5E",10.763,-85.334,"2017-11-23","1",654,"PLFCB"
"BIOUG58586-F07","PLFCB832-20","GMP#21500","Arthropoda","Insecta","Hymenoptera","Braconidae","Microgastrinae","Pseudapanteles","Pseudapanteles alvaroumanai","BOLD:AAE0922","Malaise trap PL12-5E",10.763,-85.334,"2017-11-23","1",656,"PLFCB"
"BIOUG58959-B12","PLFCC736-20","GMP#21501","Arthropoda","Insecta","Hymenoptera","Braconidae","Microgastrinae","Apanteles","Apanteles carolinacanoae","BOLD:AAE2842","Malaise trap PL12-5E",10.763,-85.334,"2017-11-30","1",654,"PLFCC"
"BIOUG58959-C11","PLFCC747-20","GMP#21501","Arthropoda","Insecta","Hymenoptera","Braconidae","Microgastrinae","Glyptapanteles","Glyptapanteles Malaise8087","BOLD:AAN8087","Malaise trap PL12-5E",10.763,-85.334,"2017-11-30","1",653,"PLFCC"
"BIOUG58961-A11","PLFCC913-20","GMP#21501","Arthropoda","Insecta","Hymenoptera","Braconidae","Microgastrinae","Apanteles","Apanteles Malaise2052","BOLD:AAV2052","Malaise trap PL12-5E",10.763,-85.334,"2017-11-30","1",655,"PLFCC"
"BIOUG58965-A04","PLFCD422-20","GMP#21502","Arthropoda","Insecta","Hymenoptera","Braconidae","Microgastrinae","Dolichogenidea","Dolichogenidea Janzen94","BOLD:AAE8602","Malaise trap PL12-5E",10.763,-85.334,"2017-12-07","1",655,"PLFCD"
"BIOUG58965-C07","PLFCD449-20","GMP#21502","Arthropoda","Insecta","Hymenoptera","Braconidae","Microgastrinae","Dolichogenidea","Dolichogenidea Rodriguez144","BOLD:AAD2236","Malaise trap PL12-5E",10.763,-85.334,"2017-12-07","1",651,"PLFCD"
"BIOUG58976-E12","PLFCE1022-20","GMP#21503","Arthropoda","Insecta","Hymenoptera","Braconidae","Microgastrinae","Glyptapanteles","Glyptapanteles robbinthorpiDHJ01","BOLD:AAM5230","Malaise trap PL12-5E",10.763,-85.334,"2017-12-14","1",654,"PLFCE"
"BIOUG58976-G10","PLFCE1044-20","GMP#21503","Arthropoda","Insecta","Hymenoptera","Braconidae","Microgastrinae","Glyptapanteles","Glyptapanteles Whitfield285","BOLD:AAM1075","Malaise trap PL12-5E",10.763,-85.334,"2017-12-14","1",653,"PLFCE"
"BIOUG58987-C12","PLFCF821-20","GMP#21504","Arthropoda","Insecta","Hymenoptera","Braconidae","Microgastrinae","Dolichogenidea","Dolichogenidea malaise0710","BOLD:ADB0710","Malaise trap PL12-5E",10.763,-85.334,"2017-12-21","1",654,"PLFCF"
"BIOUG58987-G12","PLFCF869-20","GMP#21504","Arthropoda","Insecta","Hymenoptera","Braconidae","Microgastrinae","Diolcogaster","Diolcogaster Choi77","BOLD:AAB9863","Malaise trap PL12-5E",10.763,-85.334,"2017-12-21","1",653,"PLFCF"
"BIOUG58987-H11","PLFCF880-20","GMP#21504","Arthropoda","Insecta","Hymenoptera","Braconidae","Microgastrinae","Hypomicrogaster","Hypomicrogaster OVRGDHJ06","BOLD:ABX5732","Malaise trap PL12-5E",10.763,-85.334,"2017-12-21","1",653,"PLFCF"
"BIOUG58988-E01","PLFCF929-20","GMP#21504","Arthropoda","Insecta","Hymenoptera","Braconidae","Microgastrinae","Apanteles","Apanteles bernyapui","BOLD:AAB7636","Malaise trap PL12-5E",10.763,-85.334,"2017-12-21","1",657,"PLFCF"
"BIOUG58988-G03","PLFCF955-20","GMP#21504","Arthropoda","Insecta","Hymenoptera","Braconidae","Microgastrinae","Pseudapanteles","Pseudapanteles Malaise8549","BOLD:ACB8549","Malaise trap PL12-5E",10.763,-85.334,"2017-12-21","1",653,"PLFCF"
"BIOUG58988-G04","PLFCF956-20","GMP#21504","Arthropoda","Insecta","Hymenoptera","Braconidae","Microgastrinae","Glyptapanteles","Glyptapanteles malaise0378","BOLD:AEF0378","Malaise trap PL12-5E",10.763,-85.334,"2017-12-21","1",653,"PLFCF"
"BIOUG58988-G07","PLFCF959-20","GMP#21504","Arthropoda","Insecta","Hymenoptera","Braconidae","Microgastrinae","Glyptapanteles","Glyptapanteles Malaise8087","BOLD:AAN8087","Malaise trap PL12-5E",10.763,-85.334,"2017-12-21","1",652,"PLFCF"
"BIOUG58997-E09","PLFCG649-20","GMP#21505","Arthropoda","Insecta","Hymenoptera","Braconidae","Microgastrinae","Apanteles","Apanteles carlosrodriguezi","BOLD:AAE6754","Malaise trap PL12-5E",10.763,-85.334,"2017-12-28","1",654,"PLFCG"
"BIOUG58998-A10","PLFCG697-20","GMP#21505","Arthropoda","Insecta","Hymenoptera","Braconidae","Microgastrinae","Cotesia","Cotesia Whitfield82","BOLD:AAI9077","Malaise trap PL12-5E",10.763,-85.334,"2017-12-28","1",655,"PLFCG"
"BIOUG60120-G10","PLFCI770-20","GMP#21507","Arthropoda","Insecta","Hymenoptera","Braconidae","Microgastrinae","Glyptapanteles","Glyptapanteles Malaise8087","BOLD:AAN8087","Malaise trap PL12-5E",10.763,-85.334,"2018-01-11","1",653,"PLFCI"
"BIOUG60135-B05","PLFCJ1100-20","GMP#21508","Arthropoda","Insecta","Hymenoptera","Braconidae","Microgastrinae","Dolichogenidea","Dolichogenidea Janzen97","BOLD:ABA3469","Malaise trap PL12-5E",10.763,-85.334,"2018-01-18","1",654,"PLFCJ"
"BIOUG60135-G06","PLFCJ1161-20","GMP#21508","Arthropoda","Insecta","Hymenoptera","Braconidae","Microgastrinae","Glyptapanteles","Glyptapanteles pamitchellae","BOLD:AAA3934","Malaise trap PL12-5E",10.763,-85.334,"2018-01-18","1",654,"PLFCJ"
"BIOUG60135-H09","PLFCJ1176-20","GMP#21508","Arthropoda","Insecta","Hymenoptera","Braconidae","Microgastrinae","Dolichogenidea","Dolichogenidea Rodriguez144","BOLD:AAD2236","Malaise trap PL12-5E",10.763,-85.334,"2018-01-18","1",655,"PLFCJ"
"BIOUG60136-D03","PLFCJ1217-20","GMP#21508","Arthropoda","Insecta","Hymenoptera","Braconidae","Microgastrinae","Dolichogenidea","Dolichogenidea Rodriguez144","BOLD:AAD2236","Malaise trap PL12-5E",10.763,-85.334,"2018-01-18","1",654,"PLFCJ"
"BIOUG60136-D05","PLFCJ1219-20","GMP#21508","Arthropoda","Insecta","Hymenoptera","Braconidae","Microgastrinae","Dolichogenidea","Dolichogenidea Rodriguez144","BOLD:AAD2236","Malaise trap PL12-5E",10.763,-85.334,"2018-01-18","1",655,"PLFCJ"
"BIOUG60155-B04","PLFCK1444-20","GMP#21509","Arthropoda","Insecta","Hymenoptera","Braconidae","Microgastrinae","Dolichogenidea","Dolichogenidea Rodriguez144","BOLD:AAD2236","Malaise trap PL12-5E",10.763,-85.334,"2018-01-25","1",654,"PLFCK"
"BIOUG60167-A01","PLFCM689-20","GMP#21511","Arthropoda","Insecta","Hymenoptera","Braconidae","Microgastrinae","Dolichogenidea","Dolichogenidea Janzen57","BOLD:AAM5842","Malaise trap PL12-5E",10.763,-85.334,"2018-02-08","1",654,"PLFCM"
"BIOUG60167-H08","PLFCM780-20","GMP#21511","Arthropoda","Insecta","Hymenoptera","Braconidae","Microgastrinae","Dolichogenidea","Dolichogenidea Rodriguez144","BOLD:AAD2236","Malaise trap PL12-5E",10.763,-85.334,"2018-02-08","1",655,"PLFCM"
"BIOUG60184-D01","PLFCN1192-20","GMP#21512","Arthropoda","Insecta","Hymenoptera","Braconidae","Microgastrinae","Pseudapanteles","Pseudapanteles Malaise3040","BOLD:ADB3040","Malaise trap PL12-5E",10.763,-85.334,"2018-02-15","1",652,"PLFCN"
"BIOUG60180-D05","PLFCN816-20","GMP#21512","Arthropoda","Insecta","Hymenoptera","Braconidae","Microgastrinae","Glyptapanteles","Glyptapanteles Malaise8087","BOLD:AAN8087","Malaise trap PL12-5E",10.763,-85.334,"2018-02-15","1",655,"PLFCN"
"BIOUG60193-C08","PLFCO785-20","GMP#21513","Arthropoda","Insecta","Hymenoptera","Braconidae","Microgastrinae","Dolichogenidea","Dolichogenidea Janzen5847","BOLD:AAM5847","Malaise trap PL12-5E",10.763,-85.334,"2018-02-22","1",654,"PLFCO"
"BIOUG60904-C12","PLFCP628-20","GMP#21514","Arthropoda","Insecta","Hymenoptera","Braconidae","Microgastrinae","Promicrogaster","Promicrogaster Malaise3092","BOLD:AEF3092","Malaise trap PL12-5E",10.763,-85.334,"2018-03-01","1",654,"PLFCP"
"BIOUG60905-E11","PLFCP746-20","GMP#21514","Arthropoda","Insecta","Hymenoptera","Braconidae","Microgastrinae","Apanteles","Apanteles Malaise9568","BOLD:ADA9568","Malaise trap PL12-5E",10.763,-85.334,"2018-03-01","1",654,"PLFCP"
"BIOUG60502-E10","PLFCY676-20","GMP#21523","Arthropoda","Insecta","Hymenoptera","Braconidae","Microgastrinae","Pseudapanteles","Pseudapanteles alvaroumanai","BOLD:AAE0922","Malaise trap PL12-5E",10.763,-85.334,"2018-05-03","1",653,"PLFCY"
"BIOUG59290-A02","PLFCZ568-20","GMP#21524","Arthropoda","Insecta","Hymenoptera","Braconidae","Microgastrinae","Apanteles","Apanteles freddyquesadaiDHJ02","BOLD:AAC5219","Malaise trap PL12-5E",10.763,-85.334,"2018-05-10","1",653,"PLFCZ"
"BIOUG60462-B05","PLFDA1174-20","GMP#21525","Arthropoda","Insecta","Hymenoptera","Braconidae","Microgastrinae","Glyptapanteles","Glyptapanteles sondrawardae","BOLD:AAA3077","Malaise trap PL12-5E",10.763,-85.334,"2018-05-17","1",654,"PLFDA"
"BIOUG60462-E03","PLFDA1208-20","GMP#21525","Arthropoda","Insecta","Hymenoptera","Braconidae","Microgastrinae","Glyptapanteles","Glyptapanteles Malaise9101","BOLD:AEG9101","Malaise trap PL12-5E",10.763,-85.334,"2018-05-17","1",652,"PLFDA"
"BIOUG60474-F09","PLFDB1115-20","GMP#21526","Arthropoda","Insecta","Hymenoptera","Braconidae","Microgastrinae","Pseudapanteles","Pseudapanteles raulsolorzanoi","BOLD:AAA6667","Malaise trap PL12-5E",10.763,-85.334,"2018-05-24","1",659,"PLFDB"
"BIOUG60481-G10","PLFDB1793-20","GMP#21526","Arthropoda","Insecta","Hymenoptera","Braconidae","Microgastrinae","Glyptapanteles","Glyptapanteles Whitfield90","BOLD:AAY1040","Malaise trap PL12-5E",10.763,-85.334,"2018-05-24","1",654,"PLFDB"
"BIOUG59906-D09","PLFDC143-20","GMP#21527","Arthropoda","Insecta","Hymenoptera","Braconidae","Microgastrinae","Diolcogaster","Diolcogaster Choi314","BOLD:AAL1022","Malaise trap PL12-5E",10.763,-85.334,"2018-05-31","1",655,"PLFDC"
"BIOUG60390-C07","PLFDC468-20","GMP#21527","Arthropoda","Insecta","Hymenoptera","Braconidae","Microgastrinae","Glyptapanteles","Glyptapanteles Whitfield75","BOLD:AAE7080","Malaise trap PL12-5E",10.763,-85.334,"2018-05-31","1",655,"PLFDC"
"BIOUG60391-D12","PLFDC580-20","GMP#21527","Arthropoda","Insecta","Hymenoptera","Braconidae","Microgastrinae","Apanteles","Apanteles Janzen0422","BOLD:AAW0422","Malaise trap PL12-5E",10.763,-85.334,"2018-05-31","1",655,"PLFDC"
"BIOUG61026-C08","PLFDE1532-20","GMP#21529","Arthropoda","Insecta","Hymenoptera","Braconidae","Microgastrinae","Glyptapanteles","Glyptapanteles Whitfield75","BOLD:AAE7080","Malaise trap PL12-5E",10.763,-85.334,"2018-06-14","1",655,"PLFDE"
"BIOUG61041-E02","PLFDF1311-20","GMP#21530","Arthropoda","Insecta","Hymenoptera","Braconidae","Microgastrinae","Pseudapanteles","Pseudapanteles alvaroumanai","BOLD:AAE0922","Malaise trap PL12-5E",10.763,-85.334,"2018-06-21","1",652,"PLFDF"
"BIOUG61041-E11","PLFDF1320-20","GMP#21530","Arthropoda","Insecta","Hymenoptera","Braconidae","Microgastrinae","Dolichogenidea","Dolichogenidea Malaise4342","BOLD:AEF4342","Malaise trap PL12-5E",10.763,-85.334,"2018-06-21","1",640,"PLFDF"
"BIOUG61041-F08","PLFDF1329-20","GMP#21530","Arthropoda","Insecta","Hymenoptera","Braconidae","Microgastrinae","Glyptapanteles","Glyptapanteles Whitfield75","BOLD:AAE7080","Malaise trap PL12-5E",10.763,-85.334,"2018-06-21","1",654,"PLFDF"
"BIOUG60214-A12","PLFDG1917-20","GMP#21531","Arthropoda","Insecta","Hymenoptera","Braconidae","Microgastrinae","Pseudapanteles","Pseudapanteles alvaroumanai","BOLD:AAE0922","Malaise trap PL12-5E",10.763,-85.334,"2018-06-28","1",652,"PLFDG"
"BIOUG60288-H06","PLFDL1617-20","GMP#21536","Arthropoda","Insecta","Hymenoptera","Braconidae","Microgastrinae","Parapanteles","Parapanteles tlineaDHJ01","BOLD:AED2446","Malaise trap PL12-5E",10.763,-85.334,"2018-08-02","1",653,"PLFDL"
"BIOUG60993-F07","PLFDV1777-20","GMP#21546","Arthropoda","Insecta","Hymenoptera","Braconidae","Microgastrinae","Glyptapanteles","Glyptapanteles tanyadapkeyae","BOLD:AAL3681","Malaise trap PL12-5E",10.763,-85.334,"2018-10-11","1",654,"PLFDV"
"BIOUG61211-B04","PLFDW1486-20","GMP#21547","Arthropoda","Insecta","Hymenoptera","Braconidae","Microgastrinae","Rasivalva","Rasivalva Malaise7445","BOLD:AEB7445","Malaise trap PL12-5E",10.763,-85.334,"2018-10-18","1",651,"PLFDW"
"BIOUG61211-D01","PLFDW1507-20","GMP#21547","Arthropoda","Insecta","Hymenoptera","Braconidae","Microgastrinae","Rhygoplitis","Rhygoplitis Whitfield01","BOLD:AAC0735","Malaise trap PL12-5E",10.763,-85.334,"2018-10-18","1",653,"PLFDW"
"BIOUG62265-E04","PLFEA416-21","GMP#28159","Arthropoda","Insecta","Hymenoptera","Braconidae","Microgastrinae","Promicrogaster","Promicrogaster sebastiancambroneroi","BOLD:AAM5741","Malaise trap PL12-9G",10.76,-85.334,"2019-11-14","1",654,"PLFEA"
"BIOUG64103-C07","PLFEE353-21","GMP#28163","Arthropoda","Insecta","Hymenoptera","Braconidae","Microgastrinae","Glyptapanteles","Glyptapanteles Malaise8087","BOLD:AAN8087","Malaise trap PL12-9G",10.76,-85.334,"2019-12-12","1",654,"PLFEE"
"BIOUG64103-D01","PLFEE359-21","GMP#28163","Arthropoda","Insecta","Hymenoptera","Braconidae","Microgastrinae","Pseudapanteles","Pseudapanteles alvaroumanai","BOLD:AAE0922","Malaise trap PL12-9G",10.76,-85.334,"2019-12-12","1",653,"PLFEE"
"BIOUG64108-D08","PLFEF411-21","GMP#28164","Arthropoda","Insecta","Hymenoptera","Braconidae","Microgastrinae","Glyptapanteles","Glyptapanteles Malaise9358","BOLD:AEC9358","Malaise trap PL12-9G",10.76,-85.334,"2019-12-19","1",648,"PLFEF"
"BIOUG64114-F04","PLFEG444-21","GMP#28165","Arthropoda","Insecta","Hymenoptera","Braconidae","Microgastrinae","Pseudapanteles","Pseudapanteles alvaroumanai","BOLD:AAE0922","Malaise trap PL12-9G",10.76,-85.334,"2019-12-26","1",651,"PLFEG"
"BIOUG64115-A09","PLFEG484-21","GMP#28165","Arthropoda","Insecta","Hymenoptera","Braconidae","Microgastrinae","Cotesia","Cotesia Whitfield82","BOLD:AAI9077","Malaise trap PL12-9G",10.76,-85.334,"2019-12-26","1",656,"PLFEG"
"BIOUG64115-B08","PLFEG495-21","GMP#28165","Arthropoda","Insecta","Hymenoptera","Braconidae","Microgastrinae","Pseudapanteles","Pseudapanteles alvaroumanai","BOLD:AAE0922","Malaise trap PL12-9G",10.76,-85.334,"2019-12-26","1",651,"PLFEG"
"BIOUG64115-B12","PLFEG499-21","GMP#28165","Arthropoda","Insecta","Hymenoptera","Braconidae","Microgastrinae","Dolichogenidea","Dolichogenidea Rodriguez144","BOLD:AAD2236","Malaise trap PL12-9G",10.76,-85.334,"2019-12-26","1",651,"PLFEG"
"BIOUG64126-A01","PLFEI318-21","GMP#28167","Arthropoda","Insecta","Hymenoptera","Braconidae","Microgastrinae","Pseudapanteles","Pseudapanteles alvaroumanai","BOLD:AAE0922","Malaise trap PL12-9G",10.76,-85.334,"2020-01-09","1",654,"PLFEI"
"BIOUG64126-A08","PLFEI325-21","GMP#28167","Arthropoda","Insecta","Hymenoptera","Braconidae","Microgastrinae","Pseudapanteles","Pseudapanteles alvaroumanai","BOLD:AAE0922","Malaise trap PL12-9G",10.76,-85.334,"2020-01-09","1",653,"PLFEI"
"BIOUG64126-A11","PLFEI328-21","GMP#28167","Arthropoda","Insecta","Hymenoptera","Braconidae","Microgastrinae","Apanteles","Apanteles Malaise9568","BOLD:ADA9568","Malaise trap PL12-9G",10.76,-85.334,"2020-01-09","1",658,"PLFEI"
"BIOUG64126-B07","PLFEI336-21","GMP#28167","Arthropoda","Insecta","Hymenoptera","Braconidae","Microgastrinae","Pseudapanteles","Pseudapanteles raulsolorzanoi","BOLD:AAA6667","Malaise trap PL12-9G",10.76,-85.334,"2020-01-09","1",654,"PLFEI"
"BIOUG64126-D01","PLFEI354-21","GMP#28167","Arthropoda","Insecta","Hymenoptera","Braconidae","Microgastrinae","Pseudapanteles","Pseudapanteles alvaroumanai","BOLD:AAE0922","Malaise trap PL12-9G",10.76,-85.334,"2020-01-09","1",654,"PLFEI"
"BIOUG64130-A05","PLFEJ182-21","GMP#28168","Arthropoda","Insecta","Hymenoptera","Braconidae","Microgastrinae","Pseudapanteles","Pseudapanteles alvaroumanai","BOLD:AAE0922","Malaise trap PL12-9G",10.76,-85.334,"2020-01-16","1",656,"PLFEJ"
"BIOUG64130-B09","PLFEJ198-21","GMP#28168","Arthropoda","Insecta","Hymenoptera","Braconidae","Microgastrinae","Dolichogenidea","Dolichogenidea Janzen57","BOLD:AAM5842","Malaise trap PL12-9G",10.76,-85.334,"2020-01-16","1",654,"PLFEJ"
"BIOUG64130-C01","PLFEJ202-21","GMP#28168","Arthropoda","Insecta","Hymenoptera","Braconidae","Microgastrinae","Glyptapanteles","Glyptapanteles pamitchellae","BOLD:AAA3934","Malaise trap PL12-9G",10.76,-85.334,"2020-01-16","1",654,"PLFEJ"
"BIOUG63606-E04","PLFEK161-21","GMP#28169","Arthropoda","Insecta","Hymenoptera","Braconidae","Microgastrinae","Glyptapanteles","Glyptapanteles pamitchellae","BOLD:AAA3934","Malaise trap PL12-9G",10.76,-85.334,"2020-01-23","1",654,"PLFEK"
"BIOUG63606-E08","PLFEK165-21","GMP#28169","Arthropoda","Insecta","Hymenoptera","Braconidae","Microgastrinae","Pseudapanteles","Pseudapanteles alvaroumanai","BOLD:AAE0922","Malaise trap PL12-9G",10.76,-85.334,"2020-01-23","1",655,"PLFEK"
"BIOUG63606-F09","PLFEK178-21","GMP#28169","Arthropoda","Insecta","Hymenoptera","Braconidae","Microgastrinae","Pseudapanteles","Pseudapanteles alvaroumanai","BOLD:AAE0922","Malaise trap PL12-9G",10.76,-85.334,"2020-01-23","1",652,"PLFEK"
"BIOUG63606-G10","PLFEK191-21","GMP#28169","Arthropoda","Insecta","Hymenoptera","Braconidae","Microgastrinae","Pseudapanteles","Pseudapanteles alvaroumanai","BOLD:AAE0922","Malaise trap PL12-9G",10.76,-85.334,"2020-01-23","1",656,"PLFEK"
"BIOUG63606-H05","PLFEK198-21","GMP#28169","Arthropoda","Insecta","Hymenoptera","Braconidae","Microgastrinae","Pseudapanteles","Pseudapanteles alvaroumanai","BOLD:AAE0922","Malaise trap PL12-9G",10.76,-85.334,"2020-01-23","1",654,"PLFEK"
"BIOUG63607-A03","PLFEK207-21","GMP#28169","Arthropoda","Insecta","Hymenoptera","Braconidae","Microgastrinae","Dolichogenidea","Dolichogenidea Janzen97","BOLD:ABA3469","Malaise trap PL12-9G",10.76,-85.334,"2020-01-23","1",654,"PLFEK"
"BIOUG63607-A07","PLFEK211-21","GMP#28169","Arthropoda","Insecta","Hymenoptera","Braconidae","Microgastrinae","Pseudapanteles","Pseudapanteles alvaroumanai","BOLD:AAE0922","Malaise trap PL12-9G",10.76,-85.334,"2020-01-23","1",655,"PLFEK"
"BIOUG63612-C09","PLFEL281-21","GMP#28170","Arthropoda","Insecta","Hymenoptera","Braconidae","Microgastrinae","Pseudapanteles","Pseudapanteles alvaroumanai","BOLD:AAE0922","Malaise trap PL12-9G",10.76,-85.334,"2020-01-30","1",656,"PLFEL"
"BIOUG63612-H06","PLFEL338-21","GMP#28170","Arthropoda","Insecta","Hymenoptera","Braconidae","Microgastrinae","Pseudapanteles","Pseudapanteles alvaroumanai","BOLD:AAE0922","Malaise trap PL12-9G",10.76,-85.334,"2020-01-30","1",655,"PLFEL"
"BIOUG63612-H10","PLFEL342-21","GMP#28170","Arthropoda","Insecta","Hymenoptera","Braconidae","Microgastrinae","Pseudapanteles","Pseudapanteles alvaroumanai","BOLD:AAE0922","Malaise trap PL12-9G",10.76,-85.334,"2020-01-30","1",655,"PLFEL"
"BIOUG63616-A06","PLFEM196-21","GMP#28171","Arthropoda","Insecta","Hymenoptera","Braconidae","Microgastrinae","Pseudapanteles","Pseudapanteles alvaroumanai","BOLD:AAE0922","Malaise trap PL12-9G",10.76,-85.334,"2020-02-06","1",654,"PLFEM"
"BIOUG63616-A10","PLFEM200-21","GMP#28171","Arthropoda","Insecta","Hymenoptera","Braconidae","Microgastrinae","Pseudapanteles","Pseudapanteles alvaroumanai","BOLD:AAE0922","Malaise trap PL12-9G",10.76,-85.334,"2020-02-06","1",654,"PLFEM"
"BIOUG63616-A11","PLFEM201-21","GMP#28171","Arthropoda","Insecta","Hymenoptera","Braconidae","Microgastrinae","Apanteles","Apanteles Malaise9656","BOLD:ADA9656","Malaise trap PL12-9G",10.76,-85.334,"2020-02-06","1",656,"PLFEM"
"BIOUG63616-D01","PLFEM227-21","GMP#28171","Arthropoda","Insecta","Hymenoptera","Braconidae","Microgastrinae","Apanteles","Apanteles oscarchavezi","BOLD:AAN7915","Malaise trap PL12-9G",10.76,-85.334,"2020-02-06","1",657,"PLFEM"
"BIOUG63616-E11","PLFEM249-21","GMP#28171","Arthropoda","Insecta","Hymenoptera","Braconidae","Microgastrinae","Pseudapanteles","Pseudapanteles alvaroumanai","BOLD:AAE0922","Malaise trap PL12-9G",10.76,-85.334,"2020-02-06","1",658,"PLFEM"
"BIOUG63622-C07","PLFEN353-21","GMP#28172","Arthropoda","Insecta","Hymenoptera","Braconidae","Microgastrinae","Pseudapanteles","Pseudapanteles alvaroumanai","BOLD:AAE0922","Malaise trap PL12-9G",10.76,-85.334,"2020-02-13","1",654,"PLFEN"
"BIOUG63622-E01","PLFEN371-21","GMP#28172","Arthropoda","Insecta","Hymenoptera","Braconidae","Microgastrinae","Pseudapanteles","Pseudapanteles alvaroumanai","BOLD:AAE0922","Malaise trap PL12-9G",10.76,-85.334,"2020-02-13","1",652,"PLFEN"
"BIOUG63623-E08","PLFEO071-21","GMP#28173","Arthropoda","Insecta","Hymenoptera","Braconidae","Microgastrinae","Glyptapanteles","Glyptapanteles pamitchellae","BOLD:AAA3934","Malaise trap PL12-9G",10.76,-85.334,"2020-02-20","1",654,"PLFEO"
"BIOUG63623-F03","PLFEO078-21","GMP#28173","Arthropoda","Insecta","Hymenoptera","Braconidae","Microgastrinae","Pseudapanteles","Pseudapanteles Malaise3040","BOLD:ADB3040","Malaise trap PL12-9G",10.76,-85.334,"2020-02-20","1",654,"PLFEO"
"BIOUG63623-F04","PLFEO079-21","GMP#28173","Arthropoda","Insecta","Hymenoptera","Braconidae","Microgastrinae","Glyptapanteles","Glyptapanteles pamitchellae","BOLD:AAA3934","Malaise trap PL12-9G",10.76,-85.334,"2020-02-20","1",655,"PLFEO"
"BIOUG63623-F05","PLFEO080-21","GMP#28173","Arthropoda","Insecta","Hymenoptera","Braconidae","Microgastrinae","Pseudapanteles","Pseudapanteles alvaroumanai","BOLD:AAE0922","Malaise trap PL12-9G",10.76,-85.334,"2020-02-20","1",655,"PLFEO"
"BIOUG63629-B07","PLFEQ198-21","GMP#28175","Arthropoda","Insecta","Hymenoptera","Braconidae","Microgastrinae","Apanteles","Apanteles Malaise9568","BOLD:ADA9568","Malaise trap PL12-9G",10.76,-85.334,"2020-03-05","1",654,"PLFEQ"
"BIOUG63629-C01","PLFEQ204-21","GMP#28175","Arthropoda","Insecta","Hymenoptera","Braconidae","Microgastrinae","Apanteles","Apanteles Malaise9568","BOLD:ADA9568","Malaise trap PL12-9G",10.76,-85.334,"2020-03-05","1",654,"PLFEQ"
"BIOUG63629-C08","PLFEQ211-21","GMP#28175","Arthropoda","Insecta","Hymenoptera","Braconidae","Microgastrinae","Apanteles","Apanteles Malaise9568","BOLD:ADA9568","Malaise trap PL12-9G",10.76,-85.334,"2020-03-05","1",655,"PLFEQ"
"BIOUG63629-C10","PLFEQ213-21","GMP#28175","Arthropoda","Insecta","Hymenoptera","Braconidae","Microgastrinae","Apanteles","Apanteles Malaise9568","BOLD:ADA9568","Malaise trap PL12-9G",10.76,-85.334,"2020-03-05","1",659,"PLFEQ"
"BIOUG63629-C11","PLFEQ214-21","GMP#28175","Arthropoda","Insecta","Hymenoptera","Braconidae","Microgastrinae","Pseudapanteles","Pseudapanteles raulsolorzanoi","BOLD:AAA6667","Malaise trap PL12-9G",10.76,-85.334,"2020-03-05","1",654,"PLFEQ"
"BIOUG63629-E02","PLFEQ229-21","GMP#28175","Arthropoda","Insecta","Hymenoptera","Braconidae","Microgastrinae","Dolichogenidea","Dolichogenidea Janzen5847","BOLD:AAM5847","Malaise trap PL12-9G",10.76,-85.334,"2020-03-05","1",655,"PLFEQ"
"BIOUG63629-E04","PLFEQ231-21","GMP#28175","Arthropoda","Insecta","Hymenoptera","Braconidae","Microgastrinae","Pseudapanteles","Pseudapanteles alvaroumanai","BOLD:AAE0922","Malaise trap PL12-9G",10.76,-85.334,"2020-03-05","1",653,"PLFEQ"
"BIOUG63629-E09","PLFEQ236-21","GMP#28175","Arthropoda","Insecta","Hymenoptera","Braconidae","Microgastrinae","Pseudapanteles","Pseudapanteles alvaroumanai","BOLD:AAE0922","Malaise trap PL12-9G",10.76,-85.334,"2020-03-05","1",653,"PLFEQ"
"BIOUG63632-H06","PLFER123-21","GMP#28176","Arthropoda","Insecta","Hymenoptera","Braconidae","Microgastrinae","Apanteles","Apanteles Malaise9568","BOLD:ADA9568","Malaise trap PL12-9G",10.76,-85.334,"2020-03-12","1",653,"PLFER"
"BIOUG63633-A04","PLFER132-21","GMP#28176","Arthropoda","Insecta","Hymenoptera","Braconidae","Microgastrinae","Dolichogenidea","Dolichogenidea Rodriguez144","BOLD:AAD2236","Malaise trap PL12-9G",10.76,-85.334,"2020-03-12","1",653,"PLFER"
"BIOUG63633-A05","PLFER133-21","GMP#28176","Arthropoda","Insecta","Hymenoptera","Braconidae","Microgastrinae","Apanteles","Apanteles Malaise9656","BOLD:ADA9656","Malaise trap PL12-9G",10.76,-85.334,"2020-03-12","1",654,"PLFER"
"BIOUG63633-B11","PLFER151-21","GMP#28176","Arthropoda","Insecta","Hymenoptera","Braconidae","Microgastrinae","Pseudapanteles","Pseudapanteles alvaroumanai","BOLD:AAE0922","Malaise trap PL12-9G",10.76,-85.334,"2020-03-12","1",656,"PLFER"
"BIOUG63633-C02","PLFER154-21","GMP#28176","Arthropoda","Insecta","Hymenoptera","Braconidae","Microgastrinae","Apanteles","Apanteles Malaise9568","BOLD:ADA9568","Malaise trap PL12-9G",10.76,-85.334,"2020-03-12","1",652,"PLFER"
"BIOUG63633-C11","PLFER163-21","GMP#28176","Arthropoda","Insecta","Hymenoptera","Braconidae","Microgastrinae","Pseudapanteles","Pseudapanteles Malaise3040","BOLD:ADB3040","Malaise trap PL12-9G",10.76,-85.334,"2020-03-12","1",654,"PLFER"
"BIOUG63638-A09","PLFES233-21","GMP#28177","Arthropoda","Insecta","Hymenoptera","Braconidae","Microgastrinae","Pseudapanteles","Pseudapanteles alvaroumanai","BOLD:AAE0922","Malaise trap PL12-9G",10.76,-85.334,"2020-03-19","1",655,"PLFES"
"BIOUG63638-D01","PLFES261-21","GMP#28177","Arthropoda","Insecta","Hymenoptera","Braconidae","Microgastrinae","Glyptapanteles","Glyptapanteles pamitchellae","BOLD:AAA3934","Malaise trap PL12-9G",10.76,-85.334,"2020-03-19","1",654,"PLFES"
"BIOUG63643-B05","PLFET340-21","GMP#28178","Arthropoda","Insecta","Hymenoptera","Braconidae","Microgastrinae","Pseudapanteles","Pseudapanteles Malaise3040","BOLD:ADB3040","Malaise trap PL12-9G",10.76,-85.334,"2020-03-26","1",654,"PLFET"
"BIOUG63650-F11","PLFEV343-21","GMP#28180","Arthropoda","Insecta","Hymenoptera","Braconidae","Microgastrinae","Pseudapanteles","Pseudapanteles alvaroumanai","BOLD:AAE0922","Malaise trap PL12-9G",10.76,-85.334,"2020-04-09","1",640,"PLFEV"
"BIOUG63651-A01","PLFEV368-21","GMP#28180","Arthropoda","Insecta","Hymenoptera","Braconidae","Microgastrinae","Pseudapanteles","Pseudapanteles alvaroumanai","BOLD:AAE0922","Malaise trap PL12-9G",10.76,-85.334,"2020-04-09","1",654,"PLFEV"
"BIOUG63651-D12","PLFEV415-21","GMP#28180","Arthropoda","Insecta","Hymenoptera","Braconidae","Microgastrinae","Pseudapanteles","Pseudapanteles alvaroumanai","BOLD:AAE0922","Malaise trap PL12-9G",10.76,-85.334,"2020-04-09","1",654,"PLFEV"
"BIOUG63653-H10","PLFEV651-21","GMP#28180","Arthropoda","Insecta","Hymenoptera","Braconidae","Microgastrinae","Pseudapanteles","Pseudapanteles alvaroumanai","BOLD:AAE0922","Malaise trap PL12-9G",10.76,-85.334,"2020-04-09","1",654,"PLFEV"
"BIOUG62287-D01","PLFEW370-21","GMP#28181","Arthropoda","Insecta","Hymenoptera","Braconidae","Microgastrinae","Pseudapanteles","Pseudapanteles alvaroumanai","BOLD:AAE0922","Malaise trap PL12-9G",10.76,-85.334,"2020-04-23","1",655,"PLFEW"
"BIOUG62287-D12","PLFEW381-21","GMP#28181","Arthropoda","Insecta","Hymenoptera","Braconidae","Microgastrinae","Pseudapanteles","Pseudapanteles alvaroumanai","BOLD:AAE0922","Malaise trap PL12-9G",10.76,-85.334,"2020-04-23","1",654,"PLFEW"
"BIOUG62287-E01","PLFEW382-21","GMP#28181","Arthropoda","Insecta","Hymenoptera","Braconidae","Microgastrinae","Pseudapanteles","Pseudapanteles alvaroumanai","BOLD:AAE0922","Malaise trap PL12-9G",10.76,-85.334,"2020-04-23","1",647,"PLFEW"
"BIOUG62291-A01","PLFEX274-21","GMP#28182","Arthropoda","Insecta","Hymenoptera","Braconidae","Microgastrinae","Glyptapanteles","Glyptapanteles pamitchellae","BOLD:AAA3934","Malaise trap PL12-9G",10.76,-85.334,"2020-04-30","1",659,"PLFEX"
"BIOUG62291-B02","PLFEX287-21","GMP#28182","Arthropoda","Insecta","Hymenoptera","Braconidae","Microgastrinae","Pseudapanteles","Pseudapanteles alvaroumanai","BOLD:AAE0922","Malaise trap PL12-9G",10.76,-85.334,"2020-04-30","1",652,"PLFEX"
"BIOUG62293-F12","PLFEY170-21","GMP#28183","Arthropoda","Insecta","Hymenoptera","Braconidae","Microgastrinae","Dolichogenidea","Dolichogenidea Malaise9679","BOLD:ADA9679","Malaise trap PL12-9G",10.76,-85.334,"2020-05-07","1",651,"PLFEY"
"BIOUG62294-B01","PLFEY206-21","GMP#28183","Arthropoda","Insecta","Hymenoptera","Braconidae","Microgastrinae","Dolichogenidea","Dolichogenidea Malaise9679","BOLD:ADA9679","Malaise trap PL12-9G",10.76,-85.334,"2020-05-07","1",654,"PLFEY"
"BIOUG64611-B02","PLFFB731-21","GMP#28186","Arthropoda","Insecta","Hymenoptera","Braconidae","Microgastrinae","Pseudapanteles","Pseudapanteles raulsolorzanoi","BOLD:AAA6667","Malaise trap PL12-9G",10.76,-85.334,"2020-05-28","1",650,"PLFFB"
"BIOUG64611-H11","PLFFB812-21","GMP#28186","Arthropoda","Insecta","Hymenoptera","Braconidae","Microgastrinae","Pseudapanteles","Pseudapanteles raulsolorzanoi","BOLD:AAA6667","Malaise trap PL12-9G",10.76,-85.334,"2020-05-28","1",655,"PLFFB"
"BIOUG64612-E06","PLFFB866-21","GMP#28186","Arthropoda","Insecta","Hymenoptera","Braconidae","Microgastrinae","Pseudapanteles","Pseudapanteles raulsolorzanoi","BOLD:AAA6667","Malaise trap PL12-9G",10.76,-85.334,"2020-05-28","1",654,"PLFFB"
"BIOUG63686-A09","PLFFD1101-21","GMP#28188","Arthropoda","Insecta","Hymenoptera","Braconidae","Microgastrinae","Pseudapanteles","Pseudapanteles alvaroumanai","BOLD:AAE0922","Malaise trap PL12-9G",10.76,-85.334,"2020-06-11","1",655,"PLFFD"
"BIOUG63686-B03","PLFFD1107-21","GMP#28188","Arthropoda","Insecta","Hymenoptera","Braconidae","Microgastrinae","Pseudapanteles","Pseudapanteles raulsolorzanoi","BOLD:AAA6667","Malaise trap PL12-9G",10.76,-85.334,"2020-06-11","1",655,"PLFFD"
"BIOUG64314-H11","PLFFI043-21","GMP#29096","Arthropoda","Insecta","Hymenoptera","Braconidae","Microgastrinae","Dolichogenidea","Dolichogenidea Malaisee3740","BOLD:AEI3740","Malaise trap PL12-9G",10.76,-85.334,"2020-07-16","1",655,"PLFFI"
"BIOUG64323-G06","PLFFJ312-21","GMP#29097","Arthropoda","Insecta","Hymenoptera","Braconidae","Microgastrinae","Parapanteles","Parapanteles tlineaDHJ01","BOLD:AED2446","Malaise trap PL12-9G",10.76,-85.334,"2020-07-23","1",654,"PLFFJ"
"BIOUG64330-B04","PLFFK431-21","GMP#29098","Arthropoda","Insecta","Hymenoptera","Braconidae","Microgastrinae","Rasivalva","Rasivalva Malaise7445","BOLD:AEB7445","Malaise trap PL12-9G",10.76,-85.334,"2020-07-30","1",653,"PLFFK"
"BIOUG64330-C04","PLFFK443-21","GMP#29098","Arthropoda","Insecta","Hymenoptera","Braconidae","Microgastrinae","Rasivalva","Rasivalva Malaise7445","BOLD:AEB7445","Malaise trap PL12-9G",10.76,-85.334,"2020-07-30","1",654,"PLFFK"
"BIOUG64330-C06","PLFFK445-21","GMP#29098","Arthropoda","Insecta","Hymenoptera","Braconidae","Microgastrinae","Pseudapanteles","Pseudapanteles alvaroumanai","BOLD:AAE0922","Malaise trap PL12-9G",10.76,-85.334,"2020-07-30","1",654,"PLFFK"
"BIOUG64338-H01","PLFFL693-21","GMP#29099","Arthropoda","Insecta","Hymenoptera","Braconidae","Microgastrinae","Apanteles","Apanteles Malaise7955","BOLD:ADB7955","Malaise trap PL12-9G",10.76,-85.334,"2020-08-06","1",656,"PLFFL"
"BIOUG64919-F04","PLFFP500-21","GMP#29103","Arthropoda","Insecta","Hymenoptera","Braconidae","Microgastrinae","Pseudapanteles","Pseudapanteles raulsolorzanoi","BOLD:AAA6667","Malaise trap PL12-9G",10.76,-85.334,"2020-09-03","1",653,"PLFFP"
"BIOUG64937-F03","PLFFT113-21","GMP#29107","Arthropoda","Insecta","Hymenoptera","Braconidae","Microgastrinae","Hypomicrogaster","Hypomicrogaster Janzen48","BOLD:ACE8845","Malaise trap PL12-9G",10.76,-85.334,"2020-10-01","1",641,"PLFFT"
"BIOUG51343-G05","PLGAC234-19","GMP#19941","Arthropoda","Insecta","Hymenoptera","Braconidae","Microgastrinae","Pseudapanteles","Pseudapanteles Malaise3040","BOLD:ADB3040","Malaise trap PL12-8A",10.761,-85.335,"2013-12-05","1",651,"PLGAC"
"BIOUG51357-G07","PLGAI292-19","GMP#19947","Arthropoda","Insecta","Hymenoptera","Braconidae","Microgastrinae","Hypomicrogaster","Hypomicrogaster Janzen160","BOLD:AAM5150","Malaise trap PL12-8A",10.761,-85.335,"2014-01-16","1",653,"PLGAI"
"BIOUG51392-B01","PLGAK217-19","GMP#19949","Arthropoda","Insecta","Hymenoptera","Braconidae","Microgastrinae","Dolichogenidea","Dolichogenidea Janzen5847","BOLD:AAM5847","Malaise trap PL12-8A",10.761,-85.335,"2014-01-30","1",654,"PLGAK"
"BIOUG51361-A07","PLGAN187-19","GMP#19952","Arthropoda","Insecta","Hymenoptera","Braconidae","Microgastrinae","Hypomicrogaster","Hypomicrogaster Janzen160","BOLD:AAM5150","Malaise trap PL12-8A",10.761,-85.335,"2014-02-20","1",652,"PLGAN"
"BIOUG51361-B02","PLGAN194-19","GMP#19952","Arthropoda","Insecta","Hymenoptera","Braconidae","Microgastrinae","Dolichogenidea","Dolichogenidea Janzen5847","BOLD:AAM5847","Malaise trap PL12-8A",10.761,-85.335,"2014-02-20","1",652,"PLGAN"
"BIOUG51361-B11","PLGAN203-19","GMP#19952","Arthropoda","Insecta","Hymenoptera","Braconidae","Microgastrinae","Dolichogenidea","Dolichogenidea Janzen5847","BOLD:AEB8464","Malaise trap PL12-8A",10.761,-85.335,"2014-02-20","1",655,"PLGAN"
"BIOUG51361-C03","PLGAN207-19","GMP#19952","Arthropoda","Insecta","Hymenoptera","Braconidae","Microgastrinae","Dolichogenidea","Dolichogenidea Janzen5847","BOLD:AAM5847","Malaise trap PL12-8A",10.761,-85.335,"2014-02-20","1",653,"PLGAN"
"BIOUG51387-G10","PLGAP197-19","GMP#19954","Arthropoda","Insecta","Hymenoptera","Braconidae","Microgastrinae","Apanteles","Apanteles Malaise9568","BOLD:ADA9568","Malaise trap PL12-8A",10.761,-85.335,"2014-03-06","1",653,"PLGAP"
"BIOUG51375-C02","PLGAR038-19","GMP#19956","Arthropoda","Insecta","Hymenoptera","Braconidae","Microgastrinae","Pseudapanteles","Pseudapanteles Malaise3040","BOLD:ADB3040","Malaise trap PL12-8A",10.761,-85.335,"2014-03-20","1",655,"PLGAR"
"BIOUG51433-H02","PLGAT132-19","GMP#19958","Arthropoda","Insecta","Hymenoptera","Braconidae","Microgastrinae","Glyptapanteles","Glyptapanteles Whitfield189","BOLD:AAI7285","Malaise trap PL12-8A",10.761,-85.335,"2014-04-03","1",652,"PLGAT"
"BIOUG51441-E11","PLGAU260-19","GMP#19959","Arthropoda","Insecta","Hymenoptera","Braconidae","Microgastrinae","Pseudapanteles","Pseudapanteles raulsolorzanoi","BOLD:AAA6667","Malaise trap PL12-8A",10.761,-85.335,"2014-04-10","1",651,"PLGAU"
"BIOUG51439-D06","PLGAV267-19","GMP#19960","Arthropoda","Insecta","Hymenoptera","Braconidae","Microgastrinae","Pseudapanteles","Pseudapanteles Malaise3040","BOLD:ADB3040","Malaise trap PL12-8A",10.761,-85.335,"2014-04-17","1",653,"PLGAV"
"BIOUG51431-C04","PLGAW264-19","GMP#19961","Arthropoda","Insecta","Hymenoptera","Braconidae","Microgastrinae","Pseudapanteles","Pseudapanteles Malaise3040","BOLD:ADB3040","Malaise trap PL12-8A",10.761,-85.335,"2014-04-24","1",659,"PLGAW"
"BIOUG51444-A03","PLGAZ156-19","GMP#19964","Arthropoda","Insecta","Hymenoptera","Braconidae","Microgastrinae","Apanteles","Apanteles Malaise2941","BOLD:ADB2941","Malaise trap PL12-8A",10.761,-85.335,"2014-05-15","1",654,"PLGAZ"
"BIOUG51444-A08","PLGAZ161-19","GMP#19964","Arthropoda","Insecta","Hymenoptera","Braconidae","Microgastrinae","Glyptapanteles","Glyptapanteles pamitchellae","BOLD:AAA3934","Malaise trap PL12-8A",10.761,-85.335,"2014-05-15","1",653,"PLGAZ"
"BIOUG51543-G03","PLGBA071-19","GMP#19965","Arthropoda","Insecta","Hymenoptera","Braconidae","Microgastrinae","Apanteles","Apanteles Malaise8654","BOLD:AEB8654","Malaise trap PL12-8A",10.761,-85.335,"2014-05-22","1",655,"PLGBA"
"BIOUG51545-B04","PLGBA202-19","GMP#19965","Arthropoda","Insecta","Hymenoptera","Braconidae","Microgastrinae","Hypomicrogaster","Hypomicrogaster samarshalli","BOLD:AAF7670","Malaise trap PL12-8A",10.761,-85.335,"2014-05-22","1",652,"PLGBA"
"BIOUG51457-H09","PLGBM142-19","GMP#19977","Arthropoda","Insecta","Hymenoptera","Braconidae","Microgastrinae","Apanteles","Apanteles Malaise2941","BOLD:ADB2941","Malaise trap PL12-8A",10.761,-85.335,"2014-08-14","1",654,"PLGBM"
"BIOUG57974-F01","PLGCB168-20","GMP#20096","Arthropoda","Insecta","Hymenoptera","Braconidae","Microgastrinae","Dolichogenidea","Dolichogenidea malaise0693","BOLD:AEF0693","Malaise trap PL12-8D",10.761,-85.335,"2016-11-24","1",654,"PLGCB"
"BIOUG57977-D06","PLGCC193-20","GMP#20097","Arthropoda","Insecta","Hymenoptera","Braconidae","Microgastrinae","Glyptapanteles","Glyptapanteles Malaise2049","BOLD:AEA2049","Malaise trap PL12-8D",10.761,-85.335,"2016-12-01","1",654,"PLGCC"
"BIOUG57979-H08","PLGCD195-20","GMP#20098","Arthropoda","Insecta","Hymenoptera","Braconidae","Microgastrinae","Glyptapanteles","Glyptapanteles Malaise2049","BOLD:AEA2049","Malaise trap PL12-8D",10.761,-85.335,"2016-12-08","1",654,"PLGCD"
"BIOUG57982-F03","PLGCE189-20","GMP#20099","Arthropoda","Insecta","Hymenoptera","Braconidae","Microgastrinae","Glyptapanteles","Glyptapanteles Malaise2049","BOLD:AEA2049","Malaise trap PL12-8D",10.761,-85.335,"2016-12-15","1",640,"PLGCE"
"BIOUG57982-G06","PLGCE204-20","GMP#20099","Arthropoda","Insecta","Hymenoptera","Braconidae","Microgastrinae","Glyptapanteles","Glyptapanteles Malaise2049","BOLD:AEA2049","Malaise trap PL12-8D",10.761,-85.335,"2016-12-15","1",655,"PLGCE"
"BIOUG57986-C01","PLGCF256-20","GMP#20100","Arthropoda","Insecta","Hymenoptera","Braconidae","Microgastrinae","Glyptapanteles","Glyptapanteles Malaise2049","BOLD:AEA2049","Malaise trap PL12-8D",10.761,-85.335,"2016-12-22","1",654,"PLGCF"
"BIOUG57986-D12","PLGCF279-20","GMP#20100","Arthropoda","Insecta","Hymenoptera","Braconidae","Microgastrinae","Glyptapanteles","Glyptapanteles Malaise2049","BOLD:AEA2049","Malaise trap PL12-8D",10.761,-85.335,"2016-12-22","1",654,"PLGCF"
"BIOUG57986-E08","PLGCF287-20","GMP#20100","Arthropoda","Insecta","Hymenoptera","Braconidae","Microgastrinae","Glyptapanteles","Glyptapanteles Malaise2049","BOLD:AEA2049","Malaise trap PL12-8D",10.761,-85.335,"2016-12-22","1",655,"PLGCF"
"BIOUG57986-F10","PLGCF301-20","GMP#20100","Arthropoda","Insecta","Hymenoptera","Braconidae","Microgastrinae","Pseudapanteles","Pseudapanteles raulsolorzanoi","BOLD:AAA6667","Malaise trap PL12-8D",10.761,-85.335,"2016-12-22","1",655,"PLGCF"
"BIOUG56664-C07","PLGCG165-20","GMP#20101","Arthropoda","Insecta","Hymenoptera","Braconidae","Microgastrinae","Glyptapanteles","Glyptapanteles Malaise2049","BOLD:AEA2049","Malaise trap PL12-8D",10.761,-85.335,"2016-12-29","1",655,"PLGCG"
"BIOUG56668-H03","PLGCH189-20","GMP#20102","Arthropoda","Insecta","Hymenoptera","Braconidae","Microgastrinae","Glyptapanteles","Glyptapanteles Malaise7938","BOLD:ADA7938","Malaise trap PL12-8D",10.761,-85.335,"2017-01-05","1",657,"PLGCH"
"BIOUG55377-F09","PLGCI043-20","GMP#20103","Arthropoda","Insecta","Hymenoptera","Braconidae","Microgastrinae","Glyptapanteles","Glyptapanteles Malaise7938","BOLD:ADA7938","Malaise trap PL12-8D",10.761,-85.335,"2017-01-12","1",656,"PLGCI"
"BIOUG56674-G06","PLGCI252-20","GMP#20103","Arthropoda","Insecta","Hymenoptera","Braconidae","Microgastrinae","Distatrix","Distatrix Malaise9572","BOLD:AAZ9572","Malaise trap PL12-8D",10.761,-85.335,"2017-01-12","1",654,"PLGCI"
"BIOUG56678-E03","PLGCJ212-20","GMP#20104","Arthropoda","Insecta","Hymenoptera","Braconidae","Microgastrinae","Glyptapanteles","Glyptapanteles sondrawardae","BOLD:AAA3077","Malaise trap PL12-8D",10.761,-85.335,"2017-01-19","1",653,"PLGCJ"
"BIOUG56682-G12","PLGCK080-20","GMP#20105","Arthropoda","Insecta","Hymenoptera","Braconidae","Microgastrinae","Glyptapanteles","Glyptapanteles sondrawardae","BOLD:AAA3077","Malaise trap PL12-8D",10.761,-85.335,"2017-01-26","1",654,"PLGCK"
"BIOUG56687-F03","PLGCL239-20","GMP#20106","Arthropoda","Insecta","Hymenoptera","Braconidae","Microgastrinae","Pseudapanteles","Pseudapanteles alvaroumanai","BOLD:AAE0922","Malaise trap PL12-8D",10.761,-85.335,"2017-02-02","1",654,"PLGCL"
"BIOUG56692-E08","PLGCM191-20","GMP#20107","Arthropoda","Insecta","Hymenoptera","Braconidae","Microgastrinae","Pseudapanteles","Pseudapanteles alvaroumanai","BOLD:AAE0922","Malaise trap PL12-8D",10.761,-85.335,"2017-02-09","1",654,"PLGCM"
"BIOUG57405-B09","PLGCP210-20","GMP#20110","Arthropoda","Insecta","Hymenoptera","Braconidae","Microgastrinae","Pseudapanteles","Pseudapanteles raulsolorzanoi","BOLD:AAA6667","Malaise trap PL12-8D",10.761,-85.335,"2017-03-02","1",658,"PLGCP"
"BIOUG57405-C11","PLGCP224-20","GMP#20110","Arthropoda","Insecta","Hymenoptera","Braconidae","Microgastrinae","Pseudapanteles","Pseudapanteles alvaroumanai","BOLD:AAE0922","Malaise trap PL12-8D",10.761,-85.335,"2017-03-02","1",656,"PLGCP"
"BIOUG57412-C03","PLGCR248-20","GMP#20112","Arthropoda","Insecta","Hymenoptera","Braconidae","Microgastrinae","Dolichogenidea","Dolichogenidea Malaise2167","BOLD:AEF2167","Malaise trap PL12-8D",10.761,-85.335,"2017-03-16","1",657,"PLGCR"
"BIOUG56160-D10","PLGCS301-20","GMP#20113","Arthropoda","Insecta","Hymenoptera","Braconidae","Microgastrinae","Pseudapanteles","Pseudapanteles alvaroumanai","BOLD:AAE0922","Malaise trap PL12-8D",10.761,-85.335,"2017-03-23","1",653,"PLGCS"
"BIOUG56163-A04","PLGCT195-20","GMP#20114","Arthropoda","Insecta","Hymenoptera","Braconidae","Microgastrinae","Pseudapanteles","Pseudapanteles alvaroumanai","BOLD:AAE0922","Malaise trap PL12-8D",10.761,-85.335,"2017-03-30","1",655,"PLGCT"
"BIOUG56163-A05","PLGCT196-20","GMP#20114","Arthropoda","Insecta","Hymenoptera","Braconidae","Microgastrinae","Pseudapanteles","Pseudapanteles alvaroumanai","BOLD:AAE0922","Malaise trap PL12-8D",10.761,-85.335,"2017-03-30","1",654,"PLGCT"
"BIOUG56163-A07","PLGCT198-20","GMP#20114","Arthropoda","Insecta","Hymenoptera","Braconidae","Microgastrinae","Glyptapanteles","Glyptapanteles pamitchellae","BOLD:AAA3934","Malaise trap PL12-8D",10.761,-85.335,"2017-03-30","1",655,"PLGCT"
"BIOUG56163-A08","PLGCT199-20","GMP#20114","Arthropoda","Insecta","Hymenoptera","Braconidae","Microgastrinae","Pseudapanteles","Pseudapanteles alvaroumanai","BOLD:AAE0922","Malaise trap PL12-8D",10.761,-85.335,"2017-03-30","1",656,"PLGCT"
"BIOUG56163-A09","PLGCT200-20","GMP#20114","Arthropoda","Insecta","Hymenoptera","Braconidae","Microgastrinae","Glyptapanteles","Glyptapanteles pamitchellae","BOLD:AAA3934","Malaise trap PL12-8D",10.761,-85.335,"2017-03-30","1",654,"PLGCT"
"BIOUG56163-A12","PLGCT203-20","GMP#20114","Arthropoda","Insecta","Hymenoptera","Braconidae","Microgastrinae","Glyptapanteles","Glyptapanteles pamitchellae","BOLD:AAA3934","Malaise trap PL12-8D",10.761,-85.335,"2017-03-30","1",656,"PLGCT"
"BIOUG56163-B04","PLGCT207-20","GMP#20114","Arthropoda","Insecta","Hymenoptera","Braconidae","Microgastrinae","Pseudapanteles","Pseudapanteles alvaroumanai","BOLD:AAE0922","Malaise trap PL12-8D",10.761,-85.335,"2017-03-30","1",652,"PLGCT"
"BIOUG56163-B05","PLGCT208-20","GMP#20114","Arthropoda","Insecta","Hymenoptera","Braconidae","Microgastrinae","Pseudapanteles","Pseudapanteles raulsolorzanoi","BOLD:AAA6667","Malaise trap PL12-8D",10.761,-85.335,"2017-03-30","1",655,"PLGCT"
"BIOUG56163-B08","PLGCT211-20","GMP#20114","Arthropoda","Insecta","Hymenoptera","Braconidae","Microgastrinae","Pseudapanteles","Pseudapanteles alvaroumanai","BOLD:AAE0922","Malaise trap PL12-8D",10.761,-85.335,"2017-03-30","1",654,"PLGCT"
"BIOUG56165-F06","PLGCU143-20","GMP#20115","Arthropoda","Insecta","Hymenoptera","Braconidae","Microgastrinae","Pseudapanteles","Pseudapanteles alvaroumanai","BOLD:AAE0922","Malaise trap PL12-8D",10.761,-85.335,"2017-04-06","1",654,"PLGCU"
"BIOUG56165-F10","PLGCU147-20","GMP#20115","Arthropoda","Insecta","Hymenoptera","Braconidae","Microgastrinae","Pseudapanteles","Pseudapanteles Malaise3040","BOLD:ADB3040","Malaise trap PL12-8D",10.761,-85.335,"2017-04-06","1",655,"PLGCU"
"BIOUG56165-H01","PLGCU162-20","GMP#20115","Arthropoda","Insecta","Hymenoptera","Braconidae","Microgastrinae","Pseudapanteles","Pseudapanteles Malaise3040","BOLD:ADB3040","Malaise trap PL12-8D",10.761,-85.335,"2017-04-06","1",654,"PLGCU"
"BIOUG56170-F12","PLGCV309-20","GMP#20116","Arthropoda","Insecta","Hymenoptera","Braconidae","Microgastrinae","Pseudapanteles","Pseudapanteles alvaroumanai","BOLD:AAE0922","Malaise trap PL12-8D",10.761,-85.335,"2017-04-13","1",656,"PLGCV"
"BIOUG56170-G06","PLGCV315-20","GMP#20116","Arthropoda","Insecta","Hymenoptera","Braconidae","Microgastrinae","Pseudapanteles","Pseudapanteles alvaroumanai","BOLD:AAE0922","Malaise trap PL12-8D",10.761,-85.335,"2017-04-13","1",654,"PLGCV"
"BIOUG56177-C12","PLGCX269-20","GMP#20118","Arthropoda","Insecta","Hymenoptera","Braconidae","Microgastrinae","Glyptapanteles","Glyptapanteles pamitchellae","BOLD:AAA3934","Malaise trap PL12-8D",10.761,-85.335,"2017-04-27","1",654,"PLGCX"
"BIOUG56177-F10","PLGCX303-20","GMP#20118","Arthropoda","Insecta","Hymenoptera","Braconidae","Microgastrinae","Apanteles","Apanteles Malaise2941","BOLD:ADB2941","Malaise trap PL12-8D",10.761,-85.335,"2017-04-27","1",652,"PLGCX"
"BIOUG56177-G05","PLGCX310-20","GMP#20118","Arthropoda","Insecta","Hymenoptera","Braconidae","Microgastrinae","Apanteles","Apanteles oscarchavezi","BOLD:AAN7915","Malaise trap PL12-8D",10.761,-85.335,"2017-04-27","1",652,"PLGCX"
"BIOUG56181-G12","PLGCY327-20","GMP#20119","Arthropoda","Insecta","Hymenoptera","Braconidae","Microgastrinae","Glyptapanteles","Glyptapanteles pamitchellae","BOLD:AAA3934","Malaise trap PL12-8D",10.761,-85.335,"2017-05-04","1",654,"PLGCY"
"BIOUG56189-A03","PLGCZ563-20","GMP#20120","Arthropoda","Insecta","Hymenoptera","Braconidae","Microgastrinae","Glyptapanteles","Glyptapanteles pamitchellae","BOLD:AAA3934","Malaise trap PL12-8D",10.761,-85.335,"2017-05-11","1",654,"PLGCZ"
"BIOUG56189-B05","PLGCZ577-20","GMP#20120","Arthropoda","Insecta","Hymenoptera","Braconidae","Microgastrinae","Glyptapanteles","Glyptapanteles pamitchellae","BOLD:AAA3934","Malaise trap PL12-8D",10.761,-85.335,"2017-05-11","1",654,"PLGCZ"
"BIOUG56189-C10","PLGCZ594-20","GMP#20120","Arthropoda","Insecta","Hymenoptera","Braconidae","Microgastrinae","Pseudapanteles","Pseudapanteles raulsolorzanoi","BOLD:AAA6667","Malaise trap PL12-8D",10.761,-85.335,"2017-05-11","1",654,"PLGCZ"
"BIOUG56197-C09","PLGDA615-20","GMP#20121","Arthropoda","Insecta","Hymenoptera","Braconidae","Microgastrinae","Parapanteles","Parapanteles tlineaDHJ01","BOLD:AED2446","Malaise trap PL12-8D",10.761,-85.335,"2017-05-18","1",654,"PLGDA"
"BIOUG56198-C04","PLGDA705-20","GMP#20121","Arthropoda","Insecta","Hymenoptera","Braconidae","Microgastrinae","Glyptapanteles","Glyptapanteles daveroubiki","BOLD:AAY0743","Malaise trap PL12-8D",10.761,-85.335,"2017-05-18","1",682,"PLGDA"
"BIOUG58711-G01","PLGDB782-20","GMP#20122","Arthropoda","Insecta","Hymenoptera","Braconidae","Microgastrinae","Pseudapanteles","Pseudapanteles raulsolorzanoi","BOLD:AAA6667","Malaise trap PL12-8D",10.761,-85.335,"2017-05-25","1",656,"PLGDB"
"BIOUG58711-G03","PLGDB784-20","GMP#20122","Arthropoda","Insecta","Hymenoptera","Braconidae","Microgastrinae","Glyptapanteles","Glyptapanteles pamitchellae","BOLD:AAA3934","Malaise trap PL12-8D",10.761,-85.335,"2017-05-25","1",655,"PLGDB"
"BIOUG57501-G12","PLGDJ170-20","GMP#20130","Arthropoda","Insecta","Hymenoptera","Braconidae","Microgastrinae","Glyptapanteles","Glyptapanteles daveschindeli","BOLD:AAF8182","Malaise trap PL12-8D",10.761,-85.335,"2017-07-20","1",655,"PLGDJ"
"BIOUG60683-B06","PLHAG1555-20","GMP#21461","Arthropoda","Insecta","Hymenoptera","Braconidae","Microgastrinae","Apanteles","Apanteles oscarchavezi","BOLD:AAN7915","Malaise trap PL12-5D",10.763,-85.334,"2017-02-23","1",653,"PLHAG"
"BIOUG60683-C09","PLHAG1570-20","GMP#21461","Arthropoda","Insecta","Hymenoptera","Braconidae","Microgastrinae","Apanteles","Apanteles oscarchavezi","BOLD:AAN7915","Malaise trap PL12-5D",10.763,-85.334,"2017-02-23","1",651,"PLHAG"
"BIOUG60683-F02","PLHAG1599-20","GMP#21461","Arthropoda","Insecta","Hymenoptera","Braconidae","Microgastrinae","Apanteles","Apanteles oscarchavezi","BOLD:AAN7915","Malaise trap PL12-5D",10.763,-85.334,"2017-02-23","1",654,"PLHAG"
"BIOUG60684-D05","PLHAG1673-20","GMP#21461","Arthropoda","Insecta","Hymenoptera","Braconidae","Microgastrinae","Dolichogenidea","Dolichogenidea malaise0710","BOLD:ADB0710","Malaise trap PL12-5D",10.763,-85.334,"2017-02-23","1",657,"PLHAG"
"BIOUG60685-G08","PLHAG1807-20","GMP#21461","Arthropoda","Insecta","Hymenoptera","Braconidae","Microgastrinae","Pseudapanteles","Pseudapanteles alvaroumanai","BOLD:AAE0922","Malaise trap PL12-5D",10.763,-85.334,"2017-02-23","1",654,"PLHAG"
"BIOUG60685-H01","PLHAG1812-20","GMP#21461","Arthropoda","Insecta","Hymenoptera","Braconidae","Microgastrinae","Pseudapanteles","Pseudapanteles alvaroumanai","BOLD:AAE0922","Malaise trap PL12-5D",10.763,-85.334,"2017-02-23","1",654,"PLHAG"
"BIOUG60685-H06","PLHAG1817-20","GMP#21461","Arthropoda","Insecta","Hymenoptera","Braconidae","Microgastrinae","Pseudapanteles","Pseudapanteles alvaroumanai","BOLD:AAE0922","Malaise trap PL12-5D",10.763,-85.334,"2017-02-23","1",654,"PLHAG"
"BIOUG60686-D09","PLHAG1867-20","GMP#21461","Arthropoda","Insecta","Hymenoptera","Braconidae","Microgastrinae","Pseudapanteles","Pseudapanteles alvaroumanai","BOLD:AAE0922","Malaise trap PL12-5D",10.763,-85.334,"2017-02-23","1",654,"PLHAG"
"BIOUG60687-E07","PLHAG1972-20","GMP#21461","Arthropoda","Insecta","Hymenoptera","Braconidae","Microgastrinae","Pseudapanteles","Pseudapanteles Malaise3040","BOLD:ADB3040","Malaise trap PL12-5D",10.763,-85.334,"2017-02-23","1",654,"PLHAG"
"BIOUG60670-F06","PLHAG200-20","GMP#21461","Arthropoda","Insecta","Hymenoptera","Braconidae","Microgastrinae","Pseudapanteles","Pseudapanteles alvaroumanai","BOLD:AAE0922","Malaise trap PL12-5D",10.763,-85.334,"2017-02-23","1",678,"PLHAG"
"BIOUG60670-G02","PLHAG208-20","GMP#21461","Arthropoda","Insecta","Hymenoptera","Braconidae","Microgastrinae","Glyptapanteles","Glyptapanteles Malaise8087","BOLD:AAN8087","Malaise trap PL12-5D",10.763,-85.334,"2017-02-23","1",656,"PLHAG"
"BIOUG60670-G06","PLHAG212-20","GMP#21461","Arthropoda","Insecta","Hymenoptera","Braconidae","Microgastrinae","Glyptapanteles","Glyptapanteles Malaise8087","BOLD:AAN8087","Malaise trap PL12-5D",10.763,-85.334,"2017-02-23","1",653,"PLHAG"
"BIOUG60691-G06","PLHAG2375-20","GMP#21461","Arthropoda","Insecta","Hymenoptera","Braconidae","Microgastrinae","Glyptapanteles","Glyptapanteles Malaise8087","BOLD:AAN8087","Malaise trap PL12-5D",10.763,-85.334,"2017-02-23","1",654,"PLHAG"
"BIOUG60691-G11","PLHAG2380-20","GMP#21461","Arthropoda","Insecta","Hymenoptera","Braconidae","Microgastrinae","Glyptapanteles","Glyptapanteles bobkulai","BOLD:ACE8721","Malaise trap PL12-5D",10.763,-85.334,"2017-02-23","1",645,"PLHAG"
"BIOUG51646-H05","PLHAS101-19","GMP#20214","Arthropoda","Insecta","Hymenoptera","Braconidae","Microgastrinae","Rhygoplitis","Rhygoplitis Whitfield01","BOLD:AAC0735","Malaise trap PL12-2B",10.763,-85.335,"2015-03-26","1",656,"PLHAS"
"BIOUG56438-F11","PLHAX499-20","GMP#20831","Arthropoda","Insecta","Hymenoptera","Braconidae","Microgastrinae","Glyptapanteles","Glyptapanteles Malaise2049","BOLD:AEA2049","Malaise trap PL12-6D",10.764,-85.333,"2017-01-05","1",655,"PLXAH"
"BIOUG56438-F12","PLHAX500-20","GMP#20831","Arthropoda","Insecta","Hymenoptera","Braconidae","Microgastrinae","Glyptapanteles","Glyptapanteles Malaise7938","BOLD:ADA7938","Malaise trap PL12-6D",10.764,-85.333,"2017-01-05","1",655,"PLXAH"
"BIOUG56438-G05","PLHAX505-20","GMP#20831","Arthropoda","Insecta","Hymenoptera","Braconidae","Microgastrinae","Glyptapanteles","Glyptapanteles Malaise7938","BOLD:ADA7938","Malaise trap PL12-6D",10.764,-85.333,"2017-01-05","1",654,"PLXAH"
"BIOUG56438-G06","PLHAX506-20","GMP#20831","Arthropoda","Insecta","Hymenoptera","Braconidae","Microgastrinae","Glyptapanteles","Glyptapanteles victoriapookae","BOLD:AAI7271","Malaise trap PL12-6D",10.764,-85.333,"2017-01-05","1",654,"PLXAH"
"BIOUG56438-G08","PLHAX508-20","GMP#20831","Arthropoda","Insecta","Hymenoptera","Braconidae","Microgastrinae","Pseudapanteles","Pseudapanteles raulsolorzanoi","BOLD:AAA6667","Malaise trap PL12-6D",10.764,-85.333,"2017-01-05","1",655,"PLXAH"
"BIOUG56438-G09","PLHAX509-20","GMP#20831","Arthropoda","Insecta","Hymenoptera","Braconidae","Microgastrinae","Dolichogenidea","Dolichogenidea Rodriguez144","BOLD:AAD2236","Malaise trap PL12-6D",10.764,-85.333,"2017-01-05","1",654,"PLXAH"
"BIOUG51467-F01","PLHAY176-19","GMP#20220","Arthropoda","Insecta","Hymenoptera","Braconidae","Microgastrinae","Glyptapanteles","Glyptapanteles pamitchellae","BOLD:AAA3934","Malaise trap PL12-2B",10.763,-85.335,"2015-05-07","1",653,"PLHAY"
"BIOUG51665-A06","PLHBA063-19","GMP#20222","Arthropoda","Insecta","Hymenoptera","Braconidae","Microgastrinae","Glyptapanteles","Glyptapanteles sondrawardae","BOLD:AAA3077","Malaise trap PL12-2B",10.763,-85.335,"2015-05-21","1",652,"PLHBA"
"BIOUG51681-F02","PLHBB191-19","GMP#20223","Arthropoda","Insecta","Hymenoptera","Braconidae","Microgastrinae","Parapanteles","Parapanteles tlineaDHJ01","BOLD:AED2446","Malaise trap PL12-2B",10.763,-85.335,"2015-05-28","1",653,"PLHBB"
"BIOUG51695-D09","PLHBC496-19","GMP#20224","Arthropoda","Insecta","Hymenoptera","Braconidae","Microgastrinae","Apanteles","Apanteles Malaise2941","BOLD:ADB2941","Malaise trap PL12-2B",10.763,-85.335,"2015-06-04","1",654,"PLHBC"
"BIOUG51698-D04","PLHBS417-19","GMP#20240","Arthropoda","Insecta","Hymenoptera","Braconidae","Microgastrinae","Cotesia","Cotesia Whitfield31","BOLD:AAA7143","Malaise trap PL12-2B",10.763,-85.335,"2015-09-24","1",653,"PLHBS"
"BIOUG57219-C06","PLHCX126-20","GMP#20323","Arthropoda","Insecta","Hymenoptera","Braconidae","Microgastrinae","Cotesia","Cotesia Whitfield05","BOLD:AAE9335","Malaise trap PL12-2D",10.763,-85.335,"2017-04-27","1",655,"PLHCX"
"BIOUG56661-E06","PLHDF029-20","GMP#20331","Arthropoda","Insecta","Hymenoptera","Braconidae","Microgastrinae","Pseudapanteles","Pseudapanteles raulsolorzanoi","BOLD:AAA6667","Malaise trap PL12-2D",10.763,-85.335,"2017-06-22","1",654,"PLHDF"
"BIOUG56495-E01","PLHDM013-20","GMP#20338","Arthropoda","Insecta","Hymenoptera","Braconidae","Microgastrinae","Parapanteles","Parapanteles tlineaDHJ01","BOLD:AED2446","Malaise trap PL12-2D",10.763,-85.335,"2017-08-10","1",654,"PLHDM"
"BIOUG56500-E06","PLHDW001-20","GMP#20348","Arthropoda","Insecta","Hymenoptera","Braconidae","Microgastrinae","Pseudapanteles","Pseudapanteles raulsolorzanoi","BOLD:AAA6667","Malaise trap PL12-2D",10.763,-85.335,"2017-10-19","1",656,"PLHDW"
"BIOUG51822-A01","PLIAG161-20","GMP#20414","Arthropoda","Insecta","Hymenoptera","Braconidae","Microgastrinae","Apanteles","Apanteles oscarchavezi","BOLD:AAN7915","Malaise trap PL12-7B",10.761,-85.335,"2015-01-01","1",652,"PLIAG"
"BIOUG52112-E09","PLIAJ721-20","GMP#20000","Arthropoda","Insecta","Hymenoptera","Braconidae","Microgastrinae","Pseudapanteles","Pseudapanteles alvaroumanai","BOLD:AAE0922","Malaise trap PL12-8B",10.761,-85.335,"2015-01-22","1",657,"PLJAJ"
"BIOUG51825-A04","PLIAK284-20","GMP#20418","Arthropoda","Insecta","Hymenoptera","Braconidae","Microgastrinae","Glyptapanteles","Glyptapanteles pamitchellae","BOLD:AAA3934","Malaise trap PL12-7B",10.761,-85.335,"2015-01-29","1",651,"PLIAK"
"BIOUG51825-A12","PLIAK292-20","GMP#20418","Arthropoda","Insecta","Hymenoptera","Braconidae","Microgastrinae","Glyptapanteles","Glyptapanteles pamitchellae","BOLD:AAA3934","Malaise trap PL12-7B",10.761,-85.335,"2015-01-29","1",651,"PLIAK"
"BIOUG51862-B02","PLIAP178-20","GMP#20423","Arthropoda","Insecta","Hymenoptera","Braconidae","Microgastrinae","Apanteles","Apanteles oscarchavezi","BOLD:AAN7915","Malaise trap PL12-7B",10.761,-85.335,"2015-03-05","1",640,"PLIAP"
"BIOUG51882-H09","PLIAT276-20","GMP#20427","Arthropoda","Insecta","Hymenoptera","Braconidae","Microgastrinae","Apanteles","Apanteles eduardoramirezi","BOLD:AAA4554","Malaise trap PL12-7B",10.761,-85.335,"2015-04-02","1",655,"PLIAT"
"BIOUG51883-B08","PLIAU017-20","GMP#20428","Arthropoda","Insecta","Hymenoptera","Braconidae","Microgastrinae","Apanteles","Apanteles Malaise9656","BOLD:ADA9656","Malaise trap PL12-7B",10.761,-85.335,"2015-04-09","1",655,"PLIAU"
"BIOUG51883-B11","PLIAU020-20","GMP#20428","Arthropoda","Insecta","Hymenoptera","Braconidae","Microgastrinae","Apanteles","Apanteles Malaise9656","BOLD:ADA9656","Malaise trap PL12-7B",10.761,-85.335,"2015-04-09","1",652,"PLIAU"
"BIOUG51918-E02","PLIBB156-20","GMP#20435","Arthropoda","Insecta","Hymenoptera","Braconidae","Microgastrinae","Glyptapanteles","Glyptapanteles Malaise3857","BOLD:AEC3857","Malaise trap PL12-7B",10.761,-85.335,"2015-05-28","1",652,"PLIBB"
"BIOUG51918-E03","PLIBB157-20","GMP#20435","Arthropoda","Insecta","Hymenoptera","Braconidae","Microgastrinae","Apanteles","Apanteles Malaise9656","BOLD:ADA9656","Malaise trap PL12-7B",10.761,-85.335,"2015-05-28","1",655,"PLIBB"
"BIOUG58741-D03","PLICF166-20","GMP#20569","Arthropoda","Insecta","Hymenoptera","Braconidae","Microgastrinae","Apanteles","Apanteles Malaise2052","BOLD:AAV2052","Malaise trap PL12-7E",10.761,-85.335,"2017-12-21","1",654,"PLICF"
"BIOUG58741-F04","PLICF191-20","GMP#20569","Arthropoda","Insecta","Hymenoptera","Braconidae","Microgastrinae","Cotesia","Cotesia Whitfield82","BOLD:AAI9077","Malaise trap PL12-7E",10.761,-85.335,"2017-12-21","1",654,"PLICF"
"BIOUG57599-B12","PLICG241-20","GMP#20570","Arthropoda","Insecta","Hymenoptera","Braconidae","Microgastrinae","Dolichogenidea","Dolichogenidea Rodriguez144","BOLD:AAD2236","Malaise trap PL12-7E",10.761,-85.335,"2017-12-28","1",653,"PLICG"
"BIOUG59105-G06","PLICI449-20","GMP#20572","Arthropoda","Insecta","Hymenoptera","Braconidae","Microgastrinae","Dolichogenidea","Dolichogenidea Janzen5847","BOLD:AAM5847","Malaise trap PL12-7E",10.761,-85.335,"2018-01-11","1",652,"PLICI"
"BIOUG59117-E04","PLICK706-20","GMP#20574","Arthropoda","Insecta","Hymenoptera","Braconidae","Microgastrinae","Glyptapanteles","Glyptapanteles Malaise7935","BOLD:AAN7935","Malaise trap PL12-7E",10.761,-85.335,"2018-01-25","1",655,"PLICK"
"BIOUG58746-E05","PLICM478-20","GMP#20576","Arthropoda","Insecta","Hymenoptera","Braconidae","Microgastrinae","Glyptapanteles","Glyptapanteles Malaise7935","BOLD:AAN7935","Malaise trap PL12-7E",10.761,-85.335,"2018-02-08","1",652,"PLICM"
"BIOUG58374-D06","PLICY264-20","GMP#20588","Arthropoda","Insecta","Hymenoptera","Braconidae","Microgastrinae","Glyptapanteles","Glyptapanteles Whitfield91","BOLD:ACL4468","Malaise trap PL12-7E",10.761,-85.335,"2018-05-03","1",651,"PLICY"
"BIOUG58374-H02","PLICZ037-20","GMP#20589","Arthropoda","Insecta","Hymenoptera","Braconidae","Microgastrinae","Pseudapanteles","Pseudapanteles alvaroumanai","BOLD:AAE0922","Malaise trap PL12-7E",10.761,-85.335,"2018-05-10","1",654,"PLICZ"
"BIOUG58381-B12","PLIDA341-20","GMP#20590","Arthropoda","Insecta","Hymenoptera","Braconidae","Microgastrinae","Glyptapanteles","Glyptapanteles Whitfield91","BOLD:ACL4468","Malaise trap PL12-7E",10.761,-85.335,"2018-05-17","1",654,"PLIDA"
"BIOUG58388-C06","PLIDC348-20","GMP#20592","Arthropoda","Insecta","Hymenoptera","Braconidae","Microgastrinae","Glyptapanteles","Glyptapanteles Whitfield75","BOLD:AAE7080","Malaise trap PL12-7E",10.761,-85.335,"2018-05-31","1",680,"PLIDC"
"BIOUG58388-E02","PLIDC368-20","GMP#20592","Arthropoda","Insecta","Hymenoptera","Braconidae","Microgastrinae","Glyptapanteles","Glyptapanteles Whitfield75","BOLD:AAE7080","Malaise trap PL12-7E",10.761,-85.335,"2018-05-31","1",654,"PLIDC"
"BIOUG59526-F01","PLIDZ170-20","GMP#20615","Arthropoda","Insecta","Hymenoptera","Braconidae","Microgastrinae","Glyptapanteles","Glyptapanteles pamitchellae","BOLD:AAA3934","Malaise trap PL12-7E",10.761,-85.335,"2018-11-08","1",654,"PLIDZ"
"BIOUG65333-F04","PLIZA192-21","GMP#28221","Arthropoda","Insecta","Hymenoptera","Braconidae","Microgastrinae","Diolcogaster","Diolcogaster Malaise1824","BOLD:AEJ1824","Malaise trap PL12-5G",10.763,-85.334,"2019-11-28","1",654,"PLIZA"
"BIOUG52059-H08","PLJAC1363-20","GMP#19993","Arthropoda","Insecta","Hymenoptera","Braconidae","Microgastrinae","Promicrogaster","Promicrogaster pablouzagaiDHJ02","BOLD:AAC9678","Malaise trap PL12-8B",10.761,-85.335,"2014-12-04","1",654,"PLJAC"
"BIOUG52026-G10","PLJAE514-20","GMP#19995","Arthropoda","Insecta","Hymenoptera","Braconidae","Microgastrinae","Glyptapanteles","Glyptapanteles jesusugaldei","BOLD:ABX6466","Malaise trap PL12-8B",10.761,-85.335,"2014-12-18","1",655,"PLJAE"
"BIOUG52026-H07","PLJAE523-20","GMP#19995","Arthropoda","Insecta","Hymenoptera","Braconidae","Microgastrinae","Glyptapanteles","Glyptapanteles pamitchellae","BOLD:AAA3934","Malaise trap PL12-8B",10.761,-85.335,"2014-12-18","1",653,"PLJAE"
"BIOUG52039-C04","PLJAK341-20","GMP#20001","Arthropoda","Insecta","Hymenoptera","Braconidae","Microgastrinae","Pseudapanteles","Pseudapanteles alvaroumanai","BOLD:AAE0922","Malaise trap PL12-8B",10.761,-85.335,"2015-01-29","1",656,"PLJAK"
"BIOUG52039-C07","PLJAK344-20","GMP#20001","Arthropoda","Insecta","Hymenoptera","Braconidae","Microgastrinae","Pseudapanteles","Pseudapanteles raulsolorzanoi","BOLD:AAA6667","Malaise trap PL12-8B",10.761,-85.335,"2015-01-29","1",654,"PLJAK"
"BIOUG52078-D07","PLJAN160-20","GMP#20004","Arthropoda","Insecta","Hymenoptera","Braconidae","Microgastrinae","Glyptapanteles","Glyptapanteles pamitchellae","BOLD:AAA3934","Malaise trap PL12-8B",10.761,-85.335,"2015-02-19","1",655,"PLJAN"
"BIOUG52034-E05","PLJAO189-20","GMP#20005","Arthropoda","Insecta","Hymenoptera","Braconidae","Microgastrinae","Glyptapanteles","Glyptapanteles pamitchellae","BOLD:AAA3934","Malaise trap PL12-8B",10.761,-85.335,"2015-02-26","1",655,"PLJAO"
"BIOUG52135-C01","PLJAP230-20","GMP#20006","Arthropoda","Insecta","Hymenoptera","Braconidae","Microgastrinae","Glyptapanteles","Glyptapanteles pamitchellae","BOLD:AAA3934","Malaise trap PL12-8B",10.761,-85.335,"2015-03-05","1",653,"PLJAP"
"BIOUG52174-G10","PLJAQ285-20","GMP#20007","Arthropoda","Insecta","Hymenoptera","Braconidae","Microgastrinae","Apanteles","Apanteles Malaise2941","BOLD:ADB2941","Malaise trap PL12-8B",10.761,-85.335,"2015-03-12","1",655,"PLJAQ"
"BIOUG51936-D09","PLJAR220-20","GMP#20008","Arthropoda","Insecta","Hymenoptera","Braconidae","Microgastrinae","Glyptapanteles","Glyptapanteles Whitfield121","BOLD:AAM5231","Malaise trap PL12-8B",10.761,-85.335,"2015-03-19","1",654,"PLJAR"
"BIOUG52080-H01","PLJAS113-20","GMP#20009","Arthropoda","Insecta","Hymenoptera","Braconidae","Microgastrinae","Pseudapanteles","Pseudapanteles alvaroumanai","BOLD:AAE0922","Malaise trap PL12-8B",10.761,-85.335,"2015-03-26","1",641,"PLJAS"
"BIOUG52081-A03","PLJAS126-20","GMP#20009","Arthropoda","Insecta","Hymenoptera","Braconidae","Microgastrinae","Pseudapanteles","Pseudapanteles alvaroumanai","BOLD:AAE0922","Malaise trap PL12-8B",10.761,-85.335,"2015-03-26","1",651,"PLJAS"
"BIOUG52066-H09","PLJAT342-20","GMP#20010","Arthropoda","Insecta","Hymenoptera","Braconidae","Microgastrinae","Pseudapanteles","Pseudapanteles alvaroumanai","BOLD:AAE0922","Malaise trap PL12-8B",10.761,-85.335,"2015-04-02","1",652,"PLJAT"
"BIOUG52138-F06","PLJAU278-20","GMP#20011","Arthropoda","Insecta","Hymenoptera","Braconidae","Microgastrinae","Glyptapanteles","Glyptapanteles pamitchellae","BOLD:AAA3934","Malaise trap PL12-8B",10.761,-85.335,"2015-04-09","1",655,"PLJAU"
"BIOUG52068-G10","PLJAW100-20","GMP#20013","Arthropoda","Insecta","Hymenoptera","Braconidae","Microgastrinae","Pseudapanteles","Pseudapanteles alvaroumanai","BOLD:AAE0922","Malaise trap PL12-8B",10.761,-85.335,"2015-04-23","1",654,"PLJAW"
"BIOUG52070-D07","PLJAW251-20","GMP#20013","Arthropoda","Insecta","Hymenoptera","Braconidae","Microgastrinae","Glyptapanteles","Glyptapanteles pamitchellae","BOLD:AAA3934","Malaise trap PL12-8B",10.761,-85.335,"2015-04-23","1",652,"PLJAW"
"BIOUG52070-E04","PLJAW260-20","GMP#20013","Arthropoda","Insecta","Hymenoptera","Braconidae","Microgastrinae","Pseudapanteles","Pseudapanteles alvaroumanai","BOLD:AAE0922","Malaise trap PL12-8B",10.761,-85.335,"2015-04-23","1",654,"PLJAW"
"BIOUG52070-F07","PLJAW275-20","GMP#20013","Arthropoda","Insecta","Hymenoptera","Braconidae","Microgastrinae","Glyptapanteles","Glyptapanteles Malaise5829","BOLD:AEA5829","Malaise trap PL12-8B",10.761,-85.335,"2015-04-23","1",652,"PLJAW"
"BIOUG52224-C06","PLJBZ280-20","GMP#20042","Arthropoda","Insecta","Hymenoptera","Braconidae","Microgastrinae","Pseudapanteles","Pseudapanteles raulsolorzanoi","BOLD:AAA6667","Malaise trap PL12-8B",10.761,-85.335,"2015-11-12","1",653,"PLJBZ"
"BIOUG59763-B11","PLJCE110-20","GMP#20151","Arthropoda","Insecta","Hymenoptera","Braconidae","Microgastrinae","Glyptapanteles","Glyptapanteles mikesharkeyi","BOLD:AAA2794","Malaise trap PL12-8E",10.761,-85.335,"2017-12-14","1",655,"PLJCE"
"BIOUG59769-D10","PLJCI030-20","GMP#20155","Arthropoda","Insecta","Hymenoptera","Braconidae","Microgastrinae","Dolichogenidea","Dolichogenidea Janzen5847","BOLD:AAM5847","Malaise trap PL12-8E",10.761,-85.335,"2018-01-11","1",652,"PLJCI"
"BIOUG60617-E05","PLJCO093-20","GMP#20161","Arthropoda","Insecta","Hymenoptera","Braconidae","Microgastrinae","Dolichogenidea","Dolichogenidea Janzen5847","BOLD:AAM5847","Malaise trap PL12-8E",10.761,-85.335,"2018-02-22","1",652,"PLJCO"
"BIOUG60621-D04","PLJCR078-20","GMP#20164","Arthropoda","Insecta","Hymenoptera","Braconidae","Microgastrinae","Cotesia","Cotesia Whitfield05","BOLD:AAE9335","Malaise trap PL12-8E",10.761,-85.335,"2018-03-15","1",654,"PLJCR"
"BIOUG59174-A12","PLJDC176-20","GMP#20175","Arthropoda","Insecta","Hymenoptera","Braconidae","Microgastrinae","Glyptapanteles","Glyptapanteles pamitchellae","BOLD:AAA3934","Malaise trap PL12-8E",10.761,-85.335,"2018-05-31","1",655,"PLJDC"
"BIOUG52168-F09","PLKBV121-20","GMP#20619","Arthropoda","Insecta","Hymenoptera","Braconidae","Microgastrinae","Pseudapanteles","Pseudapanteles raulsolorzanoi","BOLD:AAA6667","Malaise trap PL12-9B",10.76,-85.334,"2015-10-15","1",654,"PLKBV"
"BIOUG52276-B06","PLKBX399-20","GMP#20621","Arthropoda","Insecta","Hymenoptera","Braconidae","Microgastrinae","Pseudapanteles","Pseudapanteles Malaise3040","BOLD:ADB3040","Malaise trap PL12-9B",10.76,-85.334,"2015-10-29","1",654,"PLKBX"
"BIOUG52044-C01","PLKBY422-20","GMP#20622","Arthropoda","Insecta","Hymenoptera","Braconidae","Microgastrinae","Apanteles","Apanteles Malaise9656","BOLD:ADA9656","Malaise trap PL12-9B",10.76,-85.334,"2015-11-05","1",655,"PLKBY"
"BIOUG52044-C09","PLKBY430-20","GMP#20622","Arthropoda","Insecta","Hymenoptera","Braconidae","Microgastrinae","Pseudapanteles","Pseudapanteles raulsolorzanoi","BOLD:AAA6667","Malaise trap PL12-9B",10.76,-85.334,"2015-11-05","1",656,"PLKBY"
"BIOUG58914-E07","PLKCE539-20","GMP#20732","Arthropoda","Insecta","Hymenoptera","Braconidae","Microgastrinae","Dolichogenidea","Dolichogenidea Rodriguez144","BOLD:AAD2236","Malaise trap PL12-9E",10.76,-85.334,"2017-12-14","1",655,"PLKCE"
"BIOUG58926-E09","PLKCG587-20","GMP#20734","Arthropoda","Insecta","Hymenoptera","Braconidae","Microgastrinae","Dolichogenidea","Dolichogenidea malaise0710","BOLD:ADB0710","Malaise trap PL12-9E",10.76,-85.334,"2017-12-28","1",666,"PLKCG"
"BIOUG59149-A09","PLKCI534-20","GMP#20736","Arthropoda","Insecta","Hymenoptera","Braconidae","Microgastrinae","Dolichogenidea","Dolichogenidea Malaise7307","BOLD:AEF7307","Malaise trap PL12-9E",10.76,-85.334,"2018-01-11","1",640,"PLKCI"
"BIOUG59163-B02","PLKCL379-20","GMP#20739","Arthropoda","Insecta","Hymenoptera","Braconidae","Microgastrinae","Dolichogenidea","Dolichogenidea Janzen5847","BOLD:AAM5847","Malaise trap PL12-9E",10.76,-85.334,"2018-02-01","1",654,"PLKCL"
"BIOUG59167-G03","PLKCM445-20","GMP#20740","Arthropoda","Insecta","Hymenoptera","Braconidae","Microgastrinae","Dolichogenidea","Dolichogenidea Janzen5847","BOLD:AAM5847","Malaise trap PL12-9E",10.76,-85.334,"2018-02-08","1",642,"PLKCM"
"BIOUG59171-H11","PLKCN397-20","GMP#20741","Arthropoda","Insecta","Hymenoptera","Braconidae","Microgastrinae","Dolichogenidea","Dolichogenidea Janzen5847","BOLD:AAM5847","Malaise trap PL12-9E",10.76,-85.334,"2018-02-15","1",654,"PLKCN"
"BIOUG59222-F01","PLKCO364-20","GMP#20742","Arthropoda","Insecta","Hymenoptera","Braconidae","Microgastrinae","Apanteles","Apanteles Malaise9568","BOLD:ADA9568","Malaise trap PL12-9E",10.76,-85.334,"2018-02-22","1",652,"PLKCO"
"BIOUG59251-A09","PLKCW422-20","GMP#20750","Arthropoda","Insecta","Hymenoptera","Braconidae","Microgastrinae","Apanteles","Apanteles Malaise9656","BOLD:ADA9656","Malaise trap PL12-9E",10.76,-85.334,"2018-04-19","1",652,"PLKCW"
"BIOUG59251-B08","PLKCW433-20","GMP#20750","Arthropoda","Insecta","Hymenoptera","Braconidae","Microgastrinae","Apanteles","Apanteles Malaise9656","BOLD:ADA9656","Malaise trap PL12-9E",10.76,-85.334,"2018-04-19","1",655,"PLKCW"
"BIOUG59720-A11","PLKDC213-20","GMP#20756","Arthropoda","Insecta","Hymenoptera","Braconidae","Microgastrinae","Pseudapanteles","Pseudapanteles raulsolorzanoi","BOLD:AAA6667","Malaise trap PL12-9E",10.76,-85.334,"2018-05-31","1",654,"PLKDC"
"BIOUG59730-G02","PLKDD486-20","GMP#20757","Arthropoda","Insecta","Hymenoptera","Braconidae","Microgastrinae","Pseudapanteles","Pseudapanteles raulsolorzanoi","BOLD:AAA6667","Malaise trap PL12-9E",10.76,-85.334,"2018-06-07","1",655,"PLKDD"
"BIOUG59735-G01","PLKDE383-20","GMP#20758","Arthropoda","Insecta","Hymenoptera","Braconidae","Microgastrinae","Pseudapanteles","Pseudapanteles alvaroumanai","BOLD:AAE0922","Malaise trap PL12-9E",10.76,-85.334,"2018-06-14","1",652,"PLKDE"
"BIOUG59744-C08","PLKDG385-20","GMP#20760","Arthropoda","Insecta","Hymenoptera","Braconidae","Microgastrinae","Glyptapanteles","Glyptapanteles sondrawardae","BOLD:AAA3077","Malaise trap PL12-9E",10.76,-85.334,"2018-06-28","1",654,"PLKDG"
"BIOUG59746-E07","PLKDH170-20","GMP#20761","Arthropoda","Insecta","Hymenoptera","Braconidae","Microgastrinae","Apanteles","Apanteles Malaise9656","BOLD:ADA9656","Malaise trap PL12-9E",10.76,-85.334,"2018-07-05","1",654,"PLKDH"
"BIOUG59746-E10","PLKDH173-20","GMP#20761","Arthropoda","Insecta","Hymenoptera","Braconidae","Microgastrinae","Apanteles","Apanteles Malaise2941","BOLD:ADB2941","Malaise trap PL12-9E",10.76,-85.334,"2018-07-05","1",651,"PLKDH"
"BIOUG59755-B06","PLKDJ352-20","GMP#20763","Arthropoda","Insecta","Hymenoptera","Braconidae","Microgastrinae","Apanteles","Apanteles Malaise2941","BOLD:ADB2941","Malaise trap PL12-9E",10.76,-85.334,"2018-07-19","1",654,"PLKDJ"
"BIOUG59756-F09","PLKDK137-20","GMP#20764","Arthropoda","Insecta","Hymenoptera","Braconidae","Microgastrinae","Dolichogenidea","Dolichogenidea Malaise9679","BOLD:ADA9679","Malaise trap PL12-9E",10.76,-85.334,"2018-07-26","1",654,"PLKDK"
"BIOUG58937-F03","PLKDN240-20","GMP#20767","Arthropoda","Insecta","Hymenoptera","Braconidae","Microgastrinae","Diolcogaster","Diolcogaster Choi94","BOLD:AAD9754","Malaise trap PL12-9E",10.76,-85.334,"2018-08-16","1",654,"PLKDN"
"BIOUG58937-G03","PLKDN252-20","GMP#20767","Arthropoda","Insecta","Hymenoptera","Braconidae","Microgastrinae","Diolcogaster","Diolcogaster Choi94","BOLD:AAD9754","Malaise trap PL12-9E",10.76,-85.334,"2018-08-16","1",447,"PLKDN"
"BIOUG58945-A08","PLKDQ155-20","GMP#20770","Arthropoda","Insecta","Hymenoptera","Braconidae","Microgastrinae","Pseudapanteles","Pseudapanteles Malaise3040","BOLD:ADB3040","Malaise trap PL12-9E",10.76,-85.334,"2018-09-06","1",651,"PLKDQ"
"BIOUG59322-E08","PLKDU141-20","GMP#23000","Arthropoda","Insecta","Hymenoptera","Braconidae","Microgastrinae","Apanteles","Apanteles Malaise2941","BOLD:ADB2941","Malaise trap PL12-9E",10.76,-85.334,"2018-10-04","1",654,"PLKDU"
"BIOUG52346-B02","PLLAA815-20","GMP#21394","Arthropoda","Insecta","Hymenoptera","Braconidae","Microgastrinae","Cotesia","Cotesia Whitfield200","BOLD:AEC9816","Malaise trap PL12-3C",10.763,-85.334,"2015-11-19","1",640,"PLLAA"
"BIOUG52346-B10","PLLAA823-20","GMP#21394","Arthropoda","Insecta","Hymenoptera","Braconidae","Microgastrinae","Apanteles","Apanteles bernyapui","BOLD:AAB7636","Malaise trap PL12-3C",10.763,-85.334,"2015-11-19","1",651,"PLLAA"
"BIOUG52346-B12","PLLAA825-20","GMP#21394","Arthropoda","Insecta","Hymenoptera","Braconidae","Microgastrinae","Apanteles","Apanteles bernyapui","BOLD:AAB7636","Malaise trap PL12-3C",10.763,-85.334,"2015-11-19","1",642,"PLLAA"
"BIOUG51511-A01","PLLAB665-20","GMP#21240","Arthropoda","Insecta","Hymenoptera","Braconidae","Microgastrinae","Glyptapanteles","Glyptapanteles Malaise8087","BOLD:AAN8087","Malaise trap PL12-3C",10.763,-85.334,"2015-11-26","1",654,"PLLAB"
"BIOUG51511-A10","PLLAB674-20","GMP#21240","Arthropoda","Insecta","Hymenoptera","Braconidae","Microgastrinae","Glyptapanteles","Glyptapanteles Whitfield123","BOLD:AAT8855","Malaise trap PL12-3C",10.763,-85.334,"2015-11-26","1",652,"PLLAB"
"BIOUG51511-B01","PLLAB677-20","GMP#21240","Arthropoda","Insecta","Hymenoptera","Braconidae","Microgastrinae","Glyptapanteles","Glyptapanteles Whitfield123","BOLD:AAT8855","Malaise trap PL12-3C",10.763,-85.334,"2015-11-26","1",654,"PLLAB"
"BIOUG51511-C06","PLLAB694-20","GMP#21240","Arthropoda","Insecta","Hymenoptera","Braconidae","Microgastrinae","Glyptapanteles","Glyptapanteles Whitfield123","BOLD:AAT8855","Malaise trap PL12-3C",10.763,-85.334,"2015-11-26","1",653,"PLLAB"
"BIOUG51511-E08","PLLAB720-20","GMP#21240","Arthropoda","Insecta","Hymenoptera","Braconidae","Microgastrinae","Dolichogenidea","Dolichogenidea Malaise5057","BOLD:ADB5057","Malaise trap PL12-3C",10.763,-85.334,"2015-11-26","1",652,"PLLAB"
"BIOUG52364-B10","PLLAE432-20","GMP#21243","Arthropoda","Insecta","Hymenoptera","Braconidae","Microgastrinae","Glyptapanteles","Glyptapanteles Whitfield123","BOLD:AAT8855","Malaise trap PL12-3C",10.763,-85.334,"2015-12-17","1",652,"PLLAE"
"BIOUG52379-A07","PLLAE762-20","GMP#21243","Arthropoda","Insecta","Hymenoptera","Braconidae","Microgastrinae","Apanteles","Apanteles bernyapui","BOLD:AAB7636","Malaise trap PL12-3C",10.763,-85.334,"2015-12-17","1",654,"PLLAE"
"BIOUG52379-D05","PLLAE796-20","GMP#21243","Arthropoda","Insecta","Hymenoptera","Braconidae","Microgastrinae","Glyptapanteles","Glyptapanteles Whitfield123","BOLD:AAT8855","Malaise trap PL12-3C",10.763,-85.334,"2015-12-17","1",656,"PLLAE"
"BIOUG52379-E08","PLLAE811-20","GMP#21243","Arthropoda","Insecta","Hymenoptera","Braconidae","Microgastrinae","Glyptapanteles","Glyptapanteles Whitfield123","BOLD:AAT8855","Malaise trap PL12-3C",10.763,-85.334,"2015-12-17","1",653,"PLLAE"
"BIOUG52380-B08","PLLAE870-20","GMP#21243","Arthropoda","Insecta","Hymenoptera","Braconidae","Microgastrinae","Glyptapanteles","Glyptapanteles Whitfield123","BOLD:AAT8855","Malaise trap PL12-3C",10.763,-85.334,"2015-12-17","1",642,"PLLAE"
"BIOUG52426-G06","PLLAG1827-20","GMP#21245","Arthropoda","Insecta","Hymenoptera","Braconidae","Microgastrinae","Apanteles","Apanteles oscarchavezi","BOLD:AAN7915","Malaise trap PL12-3C",10.763,-85.334,"2015-12-31","1",651,"PLLAG"
"BIOUG52426-H02","PLLAG1835-20","GMP#21245","Arthropoda","Insecta","Hymenoptera","Braconidae","Microgastrinae","Apanteles","Apanteles oscarchavezi","BOLD:AAN7915","Malaise trap PL12-3C",10.763,-85.334,"2015-12-31","1",652,"PLLAG"
"BIOUG52427-C03","PLLAG1871-20","GMP#21245","Arthropoda","Insecta","Hymenoptera","Braconidae","Microgastrinae","Apanteles","Apanteles juanlopezi","BOLD:AAX2065","Malaise trap PL12-3C",10.763,-85.334,"2015-12-31","1",654,"PLLAG"
"BIOUG52427-C12","PLLAG1880-20","GMP#21245","Arthropoda","Insecta","Hymenoptera","Braconidae","Microgastrinae","Glyptapanteles","Glyptapanteles Malaise8087","BOLD:AAN8087","Malaise trap PL12-3C",10.763,-85.334,"2015-12-31","1",653,"PLLAG"
"BIOUG52427-D10","PLLAG1890-20","GMP#21245","Arthropoda","Insecta","Hymenoptera","Braconidae","Microgastrinae","Glyptapanteles","Glyptapanteles Malaise2009","BOLD:ADB2009","Malaise trap PL12-3C",10.763,-85.334,"2015-12-31","1",640,"PLLAG"
"BIOUG52427-E10","PLLAG1902-20","GMP#21245","Arthropoda","Insecta","Hymenoptera","Braconidae","Microgastrinae","Diolcogaster","Diolcogaster Choi84","BOLD:AAB0594","Malaise trap PL12-3C",10.763,-85.334,"2015-12-31","1",651,"PLLAG"
"BIOUG52427-F09","PLLAG1913-20","GMP#21245","Arthropoda","Insecta","Hymenoptera","Braconidae","Microgastrinae","Glyptapanteles","Glyptapanteles Malaise2009","BOLD:ADB2009","Malaise trap PL12-3C",10.763,-85.334,"2015-12-31","1",652,"PLLAG"
"BIOUG52428-B01","PLLAG1952-20","GMP#21245","Arthropoda","Insecta","Hymenoptera","Braconidae","Microgastrinae","Glyptapanteles","Glyptapanteles Malaise8087","BOLD:AAN8087","Malaise trap PL12-3C",10.763,-85.334,"2015-12-31","1",459,"PLLAG"
"BIOUG52428-C01","PLLAG1964-20","GMP#21245","Arthropoda","Insecta","Hymenoptera","Braconidae","Microgastrinae","Apanteles","Apanteles Malaise6802","BOLD:AEC6802","Malaise trap PL12-3C",10.763,-85.334,"2015-12-31","1",655,"PLLAG"
"BIOUG52428-E04","PLLAG1991-20","GMP#21245","Arthropoda","Insecta","Hymenoptera","Braconidae","Microgastrinae","Glyptapanteles","Glyptapanteles pamitchellae","BOLD:AAA3934","Malaise trap PL12-3C",10.763,-85.334,"2015-12-31","1",656,"PLLAG"
"BIOUG52428-E06","PLLAG1993-20","GMP#21245","Arthropoda","Insecta","Hymenoptera","Braconidae","Microgastrinae","Cotesia","Cotesia Whitfield82","BOLD:AAI9077","Malaise trap PL12-3C",10.763,-85.334,"2015-12-31","1",654,"PLLAG"
"BIOUG52311-A03","PLLAJ1037-20","GMP#21247","Arthropoda","Insecta","Hymenoptera","Braconidae","Microgastrinae","Diolcogaster","Diolcogaster Janzen03","BOLD:AAF5712","Malaise trap PL12-3C",10.763,-85.334,"2016-01-21","1",652,"PLLAJ"
"BIOUG52311-A10","PLLAJ1044-20","GMP#21247","Arthropoda","Insecta","Hymenoptera","Braconidae","Microgastrinae","Dolichogenidea","Dolichogenidea Janzen5847","BOLD:AAM5847","Malaise trap PL12-3C",10.763,-85.334,"2016-01-21","1",655,"PLLAJ"
"BIOUG52311-B03","PLLAJ1049-20","GMP#21247","Arthropoda","Insecta","Hymenoptera","Braconidae","Microgastrinae","Apanteles","Apanteles Malaise9568","BOLD:ADA9568","Malaise trap PL12-3C",10.763,-85.334,"2016-01-21","1",655,"PLLAJ"
"BIOUG52311-B05","PLLAJ1051-20","GMP#21247","Arthropoda","Insecta","Hymenoptera","Braconidae","Microgastrinae","Dolichogenidea","Dolichogenidea Janzen5847","BOLD:AAM5847","Malaise trap PL12-3C",10.763,-85.334,"2016-01-21","1",657,"PLLAJ"
"BIOUG52311-D02","PLLAJ1072-20","GMP#21247","Arthropoda","Insecta","Hymenoptera","Braconidae","Microgastrinae","Apanteles","Apanteles Malaise9568","BOLD:ADA9568","Malaise trap PL12-3C",10.763,-85.334,"2016-01-21","1",652,"PLLAJ"
"BIOUG52311-H04","PLLAJ1122-20","GMP#21247","Arthropoda","Insecta","Hymenoptera","Braconidae","Microgastrinae","Dolichogenidea","Dolichogenidea Janzen5847","BOLD:AAM5847","Malaise trap PL12-3C",10.763,-85.334,"2016-01-21","1",654,"PLLAJ"
"BIOUG52311-H11","PLLAJ1129-20","GMP#21247","Arthropoda","Insecta","Hymenoptera","Braconidae","Microgastrinae","Diolcogaster","Diolcogaster Janzen03","BOLD:AAF5712","Malaise trap PL12-3C",10.763,-85.334,"2016-01-21","1",653,"PLLAJ"
"BIOUG52312-A06","PLLAJ1135-20","GMP#21247","Arthropoda","Insecta","Hymenoptera","Braconidae","Microgastrinae","Rhygoplitis","Rhygoplitis Whitfield01","BOLD:AAC0735","Malaise trap PL12-3C",10.763,-85.334,"2016-01-21","1",662,"PLLAJ"
"BIOUG52312-C02","PLLAJ1155-20","GMP#21247","Arthropoda","Insecta","Hymenoptera","Braconidae","Microgastrinae","Dolichogenidea","Dolichogenidea Janzen5847","BOLD:AAM5847","Malaise trap PL12-3C",10.763,-85.334,"2016-01-21","1",653,"PLLAJ"
"BIOUG52312-D03","PLLAJ1168-20","GMP#21247","Arthropoda","Insecta","Hymenoptera","Braconidae","Microgastrinae","Diolcogaster","Diolcogaster Janzen03","BOLD:AAF5712","Malaise trap PL12-3C",10.763,-85.334,"2016-01-21","1",653,"PLLAJ"
"BIOUG52312-D04","PLLAJ1169-20","GMP#21247","Arthropoda","Insecta","Hymenoptera","Braconidae","Microgastrinae","Apanteles","Apanteles bernyapui","BOLD:AAB7636","Malaise trap PL12-3C",10.763,-85.334,"2016-01-21","1",653,"PLLAJ"
"BIOUG52312-G07","PLLAJ1208-20","GMP#21247","Arthropoda","Insecta","Hymenoptera","Braconidae","Microgastrinae","Apanteles","Apanteles Malaise9656","BOLD:ADA9656","Malaise trap PL12-3C",10.763,-85.334,"2016-01-21","1",653,"PLLAJ"
"BIOUG52312-H11","PLLAJ1224-20","GMP#21247","Arthropoda","Insecta","Hymenoptera","Braconidae","Microgastrinae","Diolcogaster","Diolcogaster Janzen03","BOLD:AAF5712","Malaise trap PL12-3C",10.763,-85.334,"2016-01-21","1",655,"PLLAJ"
"BIOUG52313-B09","PLLAJ1245-20","GMP#21247","Arthropoda","Insecta","Hymenoptera","Braconidae","Microgastrinae","Apanteles","Apanteles Malaise9568","BOLD:ADA9568","Malaise trap PL12-3C",10.763,-85.334,"2016-01-21","1",655,"PLLAJ"
"BIOUG52313-C01","PLLAJ1249-20","GMP#21247","Arthropoda","Insecta","Hymenoptera","Braconidae","Microgastrinae","Diolcogaster","Diolcogaster Janzen03","BOLD:AAF5712","Malaise trap PL12-3C",10.763,-85.334,"2016-01-21","1",652,"PLLAJ"
"BIOUG52313-E12","PLLAJ1284-20","GMP#21247","Arthropoda","Insecta","Hymenoptera","Braconidae","Microgastrinae","Dolichogenidea","Dolichogenidea Janzen5847","BOLD:AAM5847","Malaise trap PL12-3C",10.763,-85.334,"2016-01-21","1",653,"PLLAJ"
"BIOUG52278-F08","PLLAL241-20","GMP#21249","Arthropoda","Insecta","Hymenoptera","Braconidae","Microgastrinae","Pseudapanteles","Pseudapanteles raulsolorzanoi","BOLD:AAA6667","Malaise trap PL12-3C",10.763,-85.334,"2016-02-04","1",653,"PLLAL"
"BIOUG52331-A02","PLLAL460-20","GMP#21249","Arthropoda","Insecta","Hymenoptera","Braconidae","Microgastrinae","Diolcogaster","Diolcogaster Choi5983","BOLD:AAM5983","Malaise trap PL12-3C",10.763,-85.334,"2016-02-04","1",651,"PLLAL"
"BIOUG52331-E01","PLLAL507-20","GMP#21249","Arthropoda","Insecta","Hymenoptera","Braconidae","Microgastrinae","Diolcogaster","Diolcogaster Janzen03","BOLD:AAF5712","Malaise trap PL12-3C",10.763,-85.334,"2016-02-04","1",655,"PLLAL"
"BIOUG53206-G09","PLLAM477-20","GMP#21250","Arthropoda","Insecta","Hymenoptera","Braconidae","Microgastrinae","Glyptapanteles","Glyptapanteles jesusugaldei","BOLD:ABX6466","Malaise trap PL12-3C",10.763,-85.334,"2016-02-11","1",653,"PLLAM"
"BIOUG53207-F05","PLLAM556-20","GMP#21250","Arthropoda","Insecta","Hymenoptera","Braconidae","Microgastrinae","Diolcogaster","Diolcogaster Janzen03","BOLD:AAF5712","Malaise trap PL12-3C",10.763,-85.334,"2016-02-11","1",654,"PLLAM"
"BIOUG52431-H07","PLLAN628-20","GMP#21251","Arthropoda","Insecta","Hymenoptera","Braconidae","Microgastrinae","Dolichogenidea","Dolichogenidea Rodriguez195","BOLD:AAM5088","Malaise trap PL12-3C",10.763,-85.334,"2016-02-18","1",652,"PLLAN"
"BIOUG52094-E08","PLLAO506-20","GMP#21252","Arthropoda","Insecta","Hymenoptera","Braconidae","Microgastrinae","Dolichogenidea","Dolichogenidea Janzen5847","BOLD:AAM5847","Malaise trap PL12-3C",10.763,-85.334,"2016-02-25","1",658,"PLLAO"
"BIOUG52094-E10","PLLAO508-20","GMP#21252","Arthropoda","Insecta","Hymenoptera","Braconidae","Microgastrinae","Dolichogenidea","Dolichogenidea Janzen5847","BOLD:AAM5847","Malaise trap PL12-3C",10.763,-85.334,"2016-02-25","1",655,"PLLAO"
"BIOUG52094-F06","PLLAO516-20","GMP#21252","Arthropoda","Insecta","Hymenoptera","Braconidae","Microgastrinae","Dolichogenidea","Dolichogenidea Janzen5847","BOLD:AAM5847","Malaise trap PL12-3C",10.763,-85.334,"2016-02-25","1",654,"PLLAO"
"BIOUG52094-F08","PLLAO518-20","GMP#21252","Arthropoda","Insecta","Hymenoptera","Braconidae","Microgastrinae","Dolichogenidea","Dolichogenidea Janzen117","BOLD:AAD9699","Malaise trap PL12-3C",10.763,-85.334,"2016-02-25","1",654,"PLLAO"
"BIOUG52303-F11","PLLAP557-20","GMP#21253","Arthropoda","Insecta","Hymenoptera","Braconidae","Microgastrinae","Apanteles","Apanteles Malaise9568","BOLD:ADA9568","Malaise trap PL12-3C",10.763,-85.334,"2016-03-03","1",655,"PLLAP"
"BIOUG52334-G12","PLLAQ324-20","GMP#21254","Arthropoda","Insecta","Hymenoptera","Braconidae","Microgastrinae","Dolichogenidea","Dolichogenidea Janzen5847","BOLD:AAM5847","Malaise trap PL12-3C",10.763,-85.334,"2016-03-10","1",640,"PLLAQ"
"BIOUG52336-A04","PLLAQ434-20","GMP#21254","Arthropoda","Insecta","Hymenoptera","Braconidae","Microgastrinae","Dolichogenidea","Dolichogenidea Janzen5847","BOLD:AAM5847","Malaise trap PL12-3C",10.763,-85.334,"2016-03-10","1",640,"PLLAQ"
"BIOUG52368-A12","PLLAR651-20","GMP#21255","Arthropoda","Insecta","Hymenoptera","Braconidae","Microgastrinae","Dolichogenidea","Dolichogenidea Janzen5847","BOLD:AAM5847","Malaise trap PL12-3C",10.763,-85.334,"2016-03-17","1",655,"PLLAR"
"BIOUG52292-F01","PLLAS574-20","GMP#21256","Arthropoda","Insecta","Hymenoptera","Braconidae","Microgastrinae","Pseudapanteles","Pseudapanteles alvaroumanai","BOLD:AAE0922","Malaise trap PL12-3C",10.763,-85.334,"2016-03-24","1",652,"PLLAS"
"BIOUG52292-H10","PLLAS607-20","GMP#21256","Arthropoda","Insecta","Hymenoptera","Braconidae","Microgastrinae","Pseudapanteles","Pseudapanteles soniapicadoae","BOLD:AAX8739","Malaise trap PL12-3C",10.763,-85.334,"2016-03-24","1",652,"PLLAS"
"BIOUG52308-H10","PLLAT313-20","GMP#21257","Arthropoda","Insecta","Hymenoptera","Braconidae","Microgastrinae","Apanteles","Apanteles Malaise9656","BOLD:ADA9656","Malaise trap PL12-3C",10.763,-85.334,"2016-03-31","1",656,"PLLAT"
"BIOUG52309-A08","PLLAT322-20","GMP#21257","Arthropoda","Insecta","Hymenoptera","Braconidae","Microgastrinae","Apanteles","Apanteles eduardoramirezi","BOLD:AAA4554","Malaise trap PL12-3C",10.763,-85.334,"2016-03-31","1",657,"PLLAT"
"BIOUG52352-G07","PLLAV288-20","GMP#21259","Arthropoda","Insecta","Hymenoptera","Braconidae","Microgastrinae","Apanteles","Apanteles Malaise9656","BOLD:ADA9656","Malaise trap PL12-3C",10.763,-85.334,"2016-04-14","1",652,"PLLAV"
"BIOUG52825-A04","PLLAW1253-20","GMP#21260","Arthropoda","Insecta","Hymenoptera","Braconidae","Microgastrinae","Pseudapanteles","Pseudapanteles alvaroumanai","BOLD:AAE0922","Malaise trap PL12-3C",10.763,-85.334,"2016-04-21","1",652,"PLLAW"
"BIOUG52849-B12","PLLAX1124-20","GMP#21261","Arthropoda","Insecta","Hymenoptera","Braconidae","Microgastrinae","Diolcogaster","Diolcogaster Choi65","BOLD:AAE8429","Malaise trap PL12-3C",10.763,-85.334,"2016-04-28","1",651,"PLLAX"
"BIOUG52816-F05","PLLAX500-20","GMP#21261","Arthropoda","Insecta","Hymenoptera","Braconidae","Microgastrinae","Pseudapanteles","Pseudapanteles alvaroumanai","BOLD:AAE0922","Malaise trap PL12-3C",10.763,-85.334,"2016-04-28","1",651,"PLLAX"
"BIOUG52406-C05","PLLAY1144-20","GMP#21262","Arthropoda","Insecta","Hymenoptera","Braconidae","Microgastrinae","Pseudapanteles","Pseudapanteles alvaroumanai","BOLD:AAE0922","Malaise trap PL12-3C",10.763,-85.334,"2016-05-05","1",653,"PLLAY"
"BIOUG52399-A10","PLLAY460-20","GMP#21262","Arthropoda","Insecta","Hymenoptera","Braconidae","Microgastrinae","Pseudapanteles","Pseudapanteles raulsolorzanoi","BOLD:AAA6667","Malaise trap PL12-3C",10.763,-85.334,"2016-05-05","1",655,"PLLAY"
"BIOUG52399-B05","PLLAY467-20","GMP#21262","Arthropoda","Insecta","Hymenoptera","Braconidae","Microgastrinae","Glyptapanteles","Glyptapanteles henrytownesi","BOLD:AAD1416","Malaise trap PL12-3C",10.763,-85.334,"2016-05-05","1",652,"PLLAY"
"BIOUG52399-C09","PLLAY483-20","GMP#21262","Arthropoda","Insecta","Hymenoptera","Braconidae","Microgastrinae","Pseudapanteles","Pseudapanteles alvaroumanai","BOLD:AAE0922","Malaise trap PL12-3C",10.763,-85.334,"2016-05-05","1",652,"PLLAY"
"BIOUG52399-D09","PLLAY495-20","GMP#21262","Arthropoda","Insecta","Hymenoptera","Braconidae","Microgastrinae","Apanteles","Apanteles Malaise2941","BOLD:ADB2941","Malaise trap PL12-3C",10.763,-85.334,"2016-05-05","1",653,"PLLAY"
"BIOUG52399-H07","PLLAY541-20","GMP#21262","Arthropoda","Insecta","Hymenoptera","Braconidae","Microgastrinae","Glyptapanteles","Glyptapanteles shelbystedenfeldae","BOLD:AAC1266","Malaise trap PL12-3C",10.763,-85.334,"2016-05-05","1",653,"PLLAY"
"BIOUG52401-C08","PLLAY672-20","GMP#21262","Arthropoda","Insecta","Hymenoptera","Braconidae","Microgastrinae","Choeras","Choeras malaise0267","BOLD:AED0267","Malaise trap PL12-3C",10.763,-85.334,"2016-05-05","1",652,"PLLAY"
"BIOUG52401-D10","PLLAY686-20","GMP#21262","Arthropoda","Insecta","Hymenoptera","Braconidae","Microgastrinae","Pseudapanteles","Pseudapanteles raulsolorzanoi","BOLD:AAA6667","Malaise trap PL12-3C",10.763,-85.334,"2016-05-05","1",655,"PLLAY"
"BIOUG52401-E07","PLLAY695-20","GMP#21262","Arthropoda","Insecta","Hymenoptera","Braconidae","Microgastrinae","Choeras","Choeras Malaise6850","BOLD:AEC6850","Malaise trap PL12-3C",10.763,-85.334,"2016-05-05","1",652,"PLLAY"
"BIOUG52403-H07","PLLAY921-20","GMP#21262","Arthropoda","Insecta","Hymenoptera","Braconidae","Microgastrinae","Apanteles","Apanteles eduardoramirezi","BOLD:AAA4554","Malaise trap PL12-3C",10.763,-85.334,"2016-05-05","1",652,"PLLAY"
"BIOUG52526-B03","PLLAZ1957-20","GMP#21263","Arthropoda","Insecta","Hymenoptera","Braconidae","Microgastrinae","Pseudapanteles","Pseudapanteles alvaroumanai","BOLD:AAE0922","Malaise trap PL12-3C",10.763,-85.334,"2016-05-12","1",656,"PLLAZ"
"BIOUG52533-A12","PLLAZ2619-20","GMP#21263","Arthropoda","Insecta","Hymenoptera","Braconidae","Microgastrinae","Parapanteles","Parapanteles Whitfield300","BOLD:AAK1628","Malaise trap PL12-3C",10.763,-85.334,"2016-05-12","1",655,"PLLAZ"
"BIOUG52588-F01","PLLAZ3752-20","GMP#21263","Arthropoda","Insecta","Hymenoptera","Braconidae","Microgastrinae","Apanteles","Apanteles Whitfield305","BOLD:AAK1646","Malaise trap PL12-3C",10.763,-85.334,"2016-05-12","1",640,"PLLAZ"
"BIOUG52742-A02","PLLAZ4173-20","GMP#21263","Arthropoda","Insecta","Hymenoptera","Braconidae","Microgastrinae","Pseudapanteles","Pseudapanteles Malaise3040","BOLD:ADB3040","Malaise trap PL12-3C",10.763,-85.334,"2016-05-12","1",652,"PLLAZ"
"BIOUG52742-A04","PLLAZ4175-20","GMP#21263","Arthropoda","Insecta","Hymenoptera","Braconidae","Microgastrinae","Pseudapanteles","Pseudapanteles alvaroumanai","BOLD:AAE0922","Malaise trap PL12-3C",10.763,-85.334,"2016-05-12","1",651,"PLLAZ"
"BIOUG52452-C09","PLLAZ777-20","GMP#21263","Arthropoda","Insecta","Hymenoptera","Braconidae","Microgastrinae","Pseudapanteles","Pseudapanteles raulsolorzanoi","BOLD:AAA6667","Malaise trap PL12-3C",10.763,-85.334,"2016-05-12","1",655,"PLLAZ"
"BIOUG52452-H10","PLLAZ838-20","GMP#21263","Arthropoda","Insecta","Hymenoptera","Braconidae","Microgastrinae","Pseudapanteles","Pseudapanteles alvaroumanai","BOLD:AAE0922","Malaise trap PL12-3C",10.763,-85.334,"2016-05-12","1",652,"PLLAZ"
"BIOUG52330-A01","PLLBA1167-20","GMP#21264","Arthropoda","Insecta","Hymenoptera","Braconidae","Microgastrinae","Pseudapanteles","Pseudapanteles alvaroumanai","BOLD:AAE0922","Malaise trap PL12-3C",10.763,-85.334,"2016-05-19","1",655,"PLLBA"
"BIOUG52330-E09","PLLBA1223-20","GMP#21264","Arthropoda","Insecta","Hymenoptera","Braconidae","Microgastrinae","Dolichogenidea","Dolichogenidea Rodriguez195","BOLD:AAM5088","Malaise trap PL12-3C",10.763,-85.334,"2016-05-19","1",653,"PLLBA"
"BIOUG52330-H06","PLLBA1256-20","GMP#21264","Arthropoda","Insecta","Hymenoptera","Braconidae","Microgastrinae","Apanteles","Apanteles eduardoramirezi","BOLD:AAA4554","Malaise trap PL12-3C",10.763,-85.334,"2016-05-19","1",656,"PLLBA"
"BIOUG52490-F05","PLLBA1326-20","GMP#21264","Arthropoda","Insecta","Hymenoptera","Braconidae","Microgastrinae","Pseudapanteles","Pseudapanteles raulsolorzanoi","BOLD:AAA6667","Malaise trap PL12-3C",10.763,-85.334,"2016-05-19","1",653,"PLLBA"
"BIOUG52491-C02","PLLBA1382-20","GMP#21264","Arthropoda","Insecta","Hymenoptera","Braconidae","Microgastrinae","Pseudapanteles","Pseudapanteles Malaise3040","BOLD:ADB3040","Malaise trap PL12-3C",10.763,-85.334,"2016-05-19","1",654,"PLLBA"
"BIOUG52492-B10","PLLBA1473-20","GMP#21264","Arthropoda","Insecta","Hymenoptera","Braconidae","Microgastrinae","Pseudapanteles","Pseudapanteles alvaroumanai","BOLD:AAE0922","Malaise trap PL12-3C",10.763,-85.334,"2016-05-19","1",656,"PLLBA"
"BIOUG52492-C11","PLLBA1486-20","GMP#21264","Arthropoda","Insecta","Hymenoptera","Braconidae","Microgastrinae","Diolcogaster","Diolcogaster Choi119","BOLD:AEC5126","Malaise trap PL12-3C",10.763,-85.334,"2016-05-19","1",653,"PLLBA"
"BIOUG52492-F02","PLLBA1513-20","GMP#21264","Arthropoda","Insecta","Hymenoptera","Braconidae","Microgastrinae","Pseudapanteles","Pseudapanteles alvaroumanai","BOLD:AAE0922","Malaise trap PL12-3C",10.763,-85.334,"2016-05-19","1",653,"PLLBA"
"BIOUG52492-F05","PLLBA1516-20","GMP#21264","Arthropoda","Insecta","Hymenoptera","Braconidae","Microgastrinae","Apanteles","Apanteles Malaise2941","BOLD:ADB2941","Malaise trap PL12-3C",10.763,-85.334,"2016-05-19","1",655,"PLLBA"
"BIOUG52564-C07","PLLBB1112-20","GMP#21265","Arthropoda","Insecta","Hymenoptera","Braconidae","Microgastrinae","Hypomicrogaster","Hypomicrogaster Whitfield39","BOLD:AAI7795","Malaise trap PL12-3C",10.763,-85.334,"2016-05-26","1",653,"PLLBB"
"BIOUG52564-H01","PLLBB1166-20","GMP#21265","Arthropoda","Insecta","Hymenoptera","Braconidae","Microgastrinae","Pseudapanteles","Pseudapanteles alvaroumanai","BOLD:AAE0922","Malaise trap PL12-3C",10.763,-85.334,"2016-05-26","1",653,"PLLBB"
"BIOUG52564-H10","PLLBB1175-20","GMP#21265","Arthropoda","Insecta","Hymenoptera","Braconidae","Microgastrinae","Pseudapanteles","Pseudapanteles alvaroumanai","BOLD:AAE0922","Malaise trap PL12-3C",10.763,-85.334,"2016-05-26","1",654,"PLLBB"
"BIOUG52566-D11","PLLBB1318-20","GMP#21265","Arthropoda","Insecta","Hymenoptera","Braconidae","Microgastrinae","Pseudapanteles","Pseudapanteles Malaise3040","BOLD:ADB3040","Malaise trap PL12-3C",10.763,-85.334,"2016-05-26","1",640,"PLLBB"
"BIOUG52437-A07","PLLBB423-20","GMP#21265","Arthropoda","Insecta","Hymenoptera","Braconidae","Microgastrinae","Glyptapanteles","Glyptapanteles mikegatesi","BOLD:AAI7293","Malaise trap PL12-3C",10.763,-85.334,"2016-05-26","1",655,"PLLBB"
"BIOUG52437-G04","PLLBB492-20","GMP#21265","Arthropoda","Insecta","Hymenoptera","Braconidae","Microgastrinae","Parapanteles","Parapanteles Whitfield300","BOLD:AAK1628","Malaise trap PL12-3C",10.763,-85.334,"2016-05-26","1",653,"PLLBB"
"BIOUG52560-D02","PLLBB739-20","GMP#21265","Arthropoda","Insecta","Hymenoptera","Braconidae","Microgastrinae","Apanteles","Apanteles Malaise9656","BOLD:ADA9656","Malaise trap PL12-3C",10.763,-85.334,"2016-05-26","1",652,"PLLBB"
"BIOUG52560-F06","PLLBB767-20","GMP#21265","Arthropoda","Insecta","Hymenoptera","Braconidae","Microgastrinae","Pseudapanteles","Pseudapanteles alvaroumanai","BOLD:AAE0922","Malaise trap PL12-3C",10.763,-85.334,"2016-05-26","1",654,"PLLBB"
"BIOUG52468-E11","PLLBC011-20","GMP#21266","Arthropoda","Insecta","Hymenoptera","Braconidae","Microgastrinae","Pseudapanteles","Pseudapanteles alvaroumanai","BOLD:AAE0922","Malaise trap PL12-3C",10.763,-85.334,"2016-06-02","1",656,"PLLBC"
"BIOUG52596-A11","PLLBC1388-20","GMP#21266","Arthropoda","Insecta","Hymenoptera","Braconidae","Microgastrinae","Pseudapanteles","Pseudapanteles Malaise3040","BOLD:ADB3040","Malaise trap PL12-3C",10.763,-85.334,"2016-06-02","1",652,"PLLBC"
"BIOUG52597-B05","PLLBC1489-20","GMP#21266","Arthropoda","Insecta","Hymenoptera","Braconidae","Microgastrinae","Apanteles","Apanteles Malaise9488","BOLD:AEC9488","Malaise trap PL12-3C",10.763,-85.334,"2016-06-02","1",653,"PLLBC"
"BIOUG52597-B10","PLLBC1494-20","GMP#21266","Arthropoda","Insecta","Hymenoptera","Braconidae","Microgastrinae","Dolichogenidea","Dolichogenidea Janzen5847","BOLD:AAM5847","Malaise trap PL12-3C",10.763,-85.334,"2016-06-02","1",655,"PLLBC"
"BIOUG52597-F10","PLLBC1542-20","GMP#21266","Arthropoda","Insecta","Hymenoptera","Braconidae","Microgastrinae","Pseudapanteles","Pseudapanteles alvaroumanai","BOLD:AAE0922","Malaise trap PL12-3C",10.763,-85.334,"2016-06-02","1",653,"PLLBC"
"BIOUG52598-A08","PLLBC1575-20","GMP#21266","Arthropoda","Insecta","Hymenoptera","Braconidae","Microgastrinae","Promicrogaster","Promicrogaster Malaise9455","BOLD:AEC9455","Malaise trap PL12-3C",10.763,-85.334,"2016-06-02","1",652,"PLLBC"
"BIOUG52602-D08","PLLBC2212-20","GMP#21266","Arthropoda","Insecta","Hymenoptera","Braconidae","Microgastrinae","Pseudapanteles","Pseudapanteles alvaroumanai","BOLD:AAE0922","Malaise trap PL12-3C",10.763,-85.334,"2016-06-02","1",654,"PLLBC"
"BIOUG52872-A01","PLLBD3896-20","GMP#21267","Arthropoda","Insecta","Hymenoptera","Braconidae","Microgastrinae","Pseudapanteles","Pseudapanteles alvaroumanai","BOLD:AAE0922","Malaise trap PL12-3C",10.763,-85.334,"2016-06-09","1",653,"PLLBD"
"BIOUG52872-A12","PLLBD3907-20","GMP#21267","Arthropoda","Insecta","Hymenoptera","Braconidae","Microgastrinae","Parapanteles","Parapanteles Whitfield300","BOLD:AAK1628","Malaise trap PL12-3C",10.763,-85.334,"2016-06-09","1",653,"PLLBD"
"BIOUG52872-B03","PLLBD3910-20","GMP#21267","Arthropoda","Insecta","Hymenoptera","Braconidae","Microgastrinae","Pseudapanteles","Pseudapanteles alvaroumanai","BOLD:AAE0922","Malaise trap PL12-3C",10.763,-85.334,"2016-06-09","1",654,"PLLBD"
"BIOUG52935-A06","PLLBD4376-20","GMP#21267","Arthropoda","Insecta","Hymenoptera","Braconidae","Microgastrinae","Apanteles","Apanteles Malaise2941","BOLD:ADB2941","Malaise trap PL12-3C",10.763,-85.334,"2016-06-09","1",656,"PLLBD"
"BIOUG53028-G08","PLLBD5210-20","GMP#21267","Arthropoda","Insecta","Hymenoptera","Braconidae","Microgastrinae","Glyptapanteles","Glyptapanteles Malaise5829","BOLD:AEA5829","Malaise trap PL12-3C",10.763,-85.334,"2016-06-09","1",655,"PLLBD"
"BIOUG53222-B07","PLLBE3059-20","GMP#21268","Arthropoda","Insecta","Hymenoptera","Braconidae","Microgastrinae","Apanteles","Apanteles Malaise6781","BOLD:AEC6781","Malaise trap PL12-3C",10.763,-85.334,"2016-06-16","1",654,"PLLBE"
"BIOUG52667-B06","PLLBF5393-20","GMP#21269","Arthropoda","Insecta","Hymenoptera","Braconidae","Microgastrinae","Diolcogaster","Diolcogaster Choi314","BOLD:AAL1022","Malaise trap PL12-3C",10.763,-85.334,"2016-06-23","1",652,"PLLBF"
"BIOUG52667-B07","PLLBF5394-20","GMP#21269","Arthropoda","Insecta","Hymenoptera","Braconidae","Microgastrinae","Snellenius","Snellenius gerardoherrerai","BOLD:AAD3623","Malaise trap PL12-3C",10.763,-85.334,"2016-06-23","1",652,"PLLBF"
"BIOUG52667-E10","PLLBF5433-20","GMP#21269","Arthropoda","Insecta","Hymenoptera","Braconidae","Microgastrinae","Pseudapanteles","Pseudapanteles alvaroumanai","BOLD:AAE0922","Malaise trap PL12-3C",10.763,-85.334,"2016-06-23","1",653,"PLLBF"
"BIOUG52667-F10","PLLBF5445-20","GMP#21269","Arthropoda","Insecta","Hymenoptera","Braconidae","Microgastrinae","Hypomicrogaster","Hypomicrogaster OVRGDHJ03","BOLD:ACF0511","Malaise trap PL12-3C",10.763,-85.334,"2016-06-23","1",652,"PLLBF"
"BIOUG52667-H02","PLLBF5461-20","GMP#21269","Arthropoda","Insecta","Hymenoptera","Braconidae","Microgastrinae","Glyptapanteles","Glyptapanteles Malaise795","BOLD:AED0177","Malaise trap PL12-3C",10.763,-85.334,"2016-06-23","1",653,"PLLBF"
"BIOUG52667-H09","PLLBF5468-20","GMP#21269","Arthropoda","Insecta","Hymenoptera","Braconidae","Microgastrinae","Pseudapanteles","Pseudapanteles alvaroumanai","BOLD:AAE0922","Malaise trap PL12-3C",10.763,-85.334,"2016-06-23","1",653,"PLLBF"
"BIOUG52667-H10","PLLBF5469-20","GMP#21269","Arthropoda","Insecta","Hymenoptera","Braconidae","Microgastrinae","Pseudapanteles","Pseudapanteles alvaroumanai","BOLD:AAE0922","Malaise trap PL12-3C",10.763,-85.334,"2016-06-23","1",652,"PLLBF"
"BIOUG52668-A10","PLLBF5480-20","GMP#21269","Arthropoda","Insecta","Hymenoptera","Braconidae","Microgastrinae","Snellenius","Snellenius gerardoherrerai","BOLD:AAD3623","Malaise trap PL12-3C",10.763,-85.334,"2016-06-23","1",652,"PLLBF"
"BIOUG52668-H10","PLLBF5564-20","GMP#21269","Arthropoda","Insecta","Hymenoptera","Braconidae","Microgastrinae","Apanteles","Apanteles eduardoramirezi","BOLD:AAA4554","Malaise trap PL12-3C",10.763,-85.334,"2016-06-23","1",653,"PLLBF"
"BIOUG52671-D02","PLLBF5793-20","GMP#21269","Arthropoda","Insecta","Hymenoptera","Braconidae","Microgastrinae","Pseudapanteles","Pseudapanteles alvaroumanai","BOLD:AAE0922","Malaise trap PL12-3C",10.763,-85.334,"2016-06-23","1",651,"PLLBF"
"BIOUG52862-C01","PLLBG2413-20","GMP#21270","Arthropoda","Insecta","Hymenoptera","Braconidae","Microgastrinae","Pseudapanteles","Pseudapanteles alvaroumanai","BOLD:AAE0922","Malaise trap PL12-3C",10.763,-85.334,"2016-06-30","1",640,"PLLBG"
"BIOUG52990-B09","PLLBG3929-20","GMP#21270","Arthropoda","Insecta","Hymenoptera","Braconidae","Microgastrinae","Glyptapanteles","Glyptapanteles daveschindeli","BOLD:AAF8182","Malaise trap PL12-3C",10.763,-85.334,"2016-06-30","1",652,"PLLBG"
"BIOUG52992-D09","PLLBG4285-20","GMP#21270","Arthropoda","Insecta","Hymenoptera","Braconidae","Microgastrinae","Pseudapanteles","Pseudapanteles alvaroumanai","BOLD:AAE0922","Malaise trap PL12-3C",10.763,-85.334,"2016-06-30","1",654,"PLLBG"
"BIOUG52994-C11","PLLBG4465-20","GMP#21270","Arthropoda","Insecta","Hymenoptera","Braconidae","Microgastrinae","Apanteles","Apanteles Malaise7955","BOLD:ADB7955","Malaise trap PL12-3C",10.763,-85.334,"2016-06-30","1",653,"PLLBG"
"BIOUG52747-D11","PLLBG473-20","GMP#21270","Arthropoda","Insecta","Hymenoptera","Braconidae","Microgastrinae","Glyptapanteles","Glyptapanteles mikegatesi","BOLD:AAI7293","Malaise trap PL12-3C",10.763,-85.334,"2016-06-30","1",640,"PLLBG"
"BIOUG52907-A09","PLLBH3030-20","GMP#21271","Arthropoda","Insecta","Hymenoptera","Braconidae","Microgastrinae","Glyptapanteles","Glyptapanteles Malaise9358","BOLD:AEC9358","Malaise trap PL12-3C",10.763,-85.334,"2016-07-07","1",652,"PLLBH"
"BIOUG52907-C02","PLLBH3047-20","GMP#21271","Arthropoda","Insecta","Hymenoptera","Braconidae","Microgastrinae","Pseudapanteles","Pseudapanteles alvaroumanai","BOLD:AAE0922","Malaise trap PL12-3C",10.763,-85.334,"2016-07-07","1",653,"PLLBH"
"BIOUG52908-F09","PLLBH3185-20","GMP#21271","Arthropoda","Insecta","Hymenoptera","Braconidae","Microgastrinae","Apanteles","Apanteles Janzen0422","BOLD:AAW0422","Malaise trap PL12-3C",10.763,-85.334,"2016-07-07","1",654,"PLLBH"
"BIOUG52910-F04","PLLBH3370-20","GMP#21271","Arthropoda","Insecta","Hymenoptera","Braconidae","Microgastrinae","Hypomicrogaster","Hypomicrogaster Janzen160","BOLD:AAM5150","Malaise trap PL12-3C",10.763,-85.334,"2016-07-07","1",652,"PLLBH"
"BIOUG53018-C02","PLLBI1470-20","GMP#21272","Arthropoda","Insecta","Hymenoptera","Braconidae","Microgastrinae","Apanteles","Apanteles Malaise9488","BOLD:AEC9488","Malaise trap PL12-3C",10.763,-85.334,"2016-07-14","1",651,"PLLBI"
"BIOUG53018-G03","PLLBI1519-20","GMP#21272","Arthropoda","Insecta","Hymenoptera","Braconidae","Microgastrinae","Rasivalva","Rasivalva Malaise7445","BOLD:AEB7445","Malaise trap PL12-3C",10.763,-85.334,"2016-07-14","1",640,"PLLBI"
"BIOUG53061-B07","PLLBI2128-20","GMP#21272","Arthropoda","Insecta","Hymenoptera","Braconidae","Microgastrinae","Pseudapanteles","Pseudapanteles alvaroumanai","BOLD:AAE0922","Malaise trap PL12-3C",10.763,-85.334,"2016-07-14","1",642,"PLLBI"
"BIOUG52793-B04","PLLBI700-20","GMP#21272","Arthropoda","Insecta","Hymenoptera","Braconidae","Microgastrinae","Cotesia","Cotesia Whitfield32","BOLD:AAA7143","Malaise trap PL12-3C",10.763,-85.334,"2016-07-14","1",652,"PLLBI"
"BIOUG52550-F12","PLLBJ1042-20","GMP#21273","Arthropoda","Insecta","Hymenoptera","Braconidae","Microgastrinae","Pseudapanteles","Pseudapanteles alvaroumanai","BOLD:AAE0922","Malaise trap PL12-3C",10.763,-85.334,"2016-07-21","1",653,"PLLBJ"
"BIOUG52549-A11","PLLBJ886-20","GMP#21273","Arthropoda","Insecta","Hymenoptera","Braconidae","Microgastrinae","Microplitis","Microplitis hebertbakeri","BOLD:AAC6114","Malaise trap PL12-3C",10.763,-85.334,"2016-07-21","1",654,"PLLBJ"
"BIOUG52967-D04","PLLBK1923-20","GMP#21274","Arthropoda","Insecta","Hymenoptera","Braconidae","Microgastrinae","Pseudapanteles","Pseudapanteles raulsolorzanoi","BOLD:AAA6667","Malaise trap PL12-3C",10.763,-85.334,"2016-07-28","1",653,"PLLBK"
"BIOUG52968-E07","PLLBK2033-20","GMP#21274","Arthropoda","Insecta","Hymenoptera","Braconidae","Microgastrinae","Pseudapanteles","Pseudapanteles Malaise3040","BOLD:ADB3040","Malaise trap PL12-3C",10.763,-85.334,"2016-07-28","1",653,"PLLBK"
"BIOUG53054-H01","PLLBL1423-20","GMP#21275","Arthropoda","Insecta","Hymenoptera","Braconidae","Microgastrinae","Glyptapanteles","Glyptapanteles Malaise9358","BOLD:AEC9358","Malaise trap PL12-3C",10.763,-85.334,"2016-08-04","1",653,"PLLBL"
"BIOUG52980-G10","PLLBS211-20","GMP#21282","Arthropoda","Insecta","Hymenoptera","Braconidae","Microgastrinae","Hypomicrogaster","Hypomicrogaster Malaise9209","BOLD:AEC9209","Malaise trap PL12-3C",10.763,-85.334,"2016-09-22","1",640,"PLLBS"
"BIOUG53320-A11","PLLBU101-20","GMP#21284","Arthropoda","Insecta","Hymenoptera","Braconidae","Microgastrinae","Glyptapanteles","Glyptapanteles Malaise7938","BOLD:ADA7938","Malaise trap PL12-3C",10.763,-85.334,"2016-10-06","1",654,"PLLBU"
"BIOUG53388-C05","PLLBW1272-20","GMP#21286","Arthropoda","Insecta","Hymenoptera","Braconidae","Microgastrinae","Diolcogaster","Diolcogaster Malaise8352","BOLD:AEC8352","Malaise trap PL12-3C",10.763,-85.334,"2016-10-20","1",652,"PLLBW"
"BIOUG53287-H09","PLLBY378-20","GMP#21288","Arthropoda","Insecta","Hymenoptera","Braconidae","Microgastrinae","Dolichogenidea","Dolichogenidea Rodriguez144","BOLD:AAD2236","Malaise trap PL12-3C",10.763,-85.334,"2016-11-03","1",652,"PLLBY"
"BIOUG53443-F09","PLLBZ1285-20","GMP#21289","Arthropoda","Insecta","Hymenoptera","Braconidae","Microgastrinae","Glyptapanteles","Glyptapanteles sondrawardae","BOLD:AAA3077","Malaise trap PL12-3C",10.763,-85.334,"2016-11-10","1",655,"PLLBZ"
"BIOUG53444-C06","PLLBZ1341-20","GMP#21289","Arthropoda","Insecta","Hymenoptera","Braconidae","Microgastrinae","Glyptapanteles","Glyptapanteles Malaise8087","BOLD:AAN8087","Malaise trap PL12-3C",10.763,-85.334,"2016-11-10","1",654,"PLLBZ"
"BIOUG60289-G01","PLLCC045-20","GMP#23052","Arthropoda","Insecta","Hymenoptera","Braconidae","Microgastrinae","Snellenius","Snellenius Malaise7986","BOLD:AEF7986","Malaise trap PL12-1F",10.764,-85.335,"2018-11-29","1",657,"PLLCC"
"BIOUG60372-C08","PLLCP071-20","GMP#23065","Arthropoda","Insecta","Hymenoptera","Braconidae","Microgastrinae","Clarkinella","Clarkinella Fernandez126","BOLD:ADB3088","Malaise trap PL12-1F",10.764,-85.335,"2019-02-28","1",698,"PLLCP"
"BIOUG60373-C05","PLLCQ104-20","GMP#23066","Arthropoda","Insecta","Hymenoptera","Braconidae","Microgastrinae","Dolichogenidea","Dolichogenidea Malaise3265","BOLD:AEE3265","Malaise trap PL12-1F",10.764,-85.335,"2019-03-07","1",654,"PLLCQ"
"BIOUG60376-H09","PLLCT118-20","GMP#23069","Arthropoda","Insecta","Hymenoptera","Braconidae","Microgastrinae","Glyptapanteles","Glyptapanteles pamitchellae","BOLD:AAA3934","Malaise trap PL12-1F",10.764,-85.335,"2019-03-28","1",656,"PLLCT"
"BIOUG61102-C03","PLLDB246-20","GMP#23077","Arthropoda","Insecta","Hymenoptera","Braconidae","Microgastrinae","Glyptapanteles","Glyptapanteles Whitfield91","BOLD:ACL4468","Malaise trap PL12-1F",10.764,-85.335,"2019-05-23","1",656,"PLLDB"
"BIOUG61104-B05","PLLDC174-20","GMP#23078","Arthropoda","Insecta","Hymenoptera","Braconidae","Microgastrinae","Glyptapanteles","Glyptapanteles pamitchellae","BOLD:AAA3934","Malaise trap PL12-1F",10.764,-85.335,"2019-05-30","1",654,"PLLDC"
"BIOUG61104-C10","PLLDC191-20","GMP#23078","Arthropoda","Insecta","Hymenoptera","Braconidae","Microgastrinae","Pseudapanteles","Pseudapanteles raulsolorzanoi","BOLD:AAA6667","Malaise trap PL12-1F",10.764,-85.335,"2019-05-30","1",653,"PLLDC"
"BIOUG61108-F02","PLLDD397-20","GMP#23079","Arthropoda","Insecta","Hymenoptera","Braconidae","Microgastrinae","Pseudapanteles","Pseudapanteles raulsolorzanoi","BOLD:AAA6667","Malaise trap PL12-1F",10.764,-85.335,"2019-06-06","1",653,"PLLDD"
"BIOUG61108-F03","PLLDD398-20","GMP#23079","Arthropoda","Insecta","Hymenoptera","Braconidae","Microgastrinae","Pseudapanteles","Pseudapanteles raulsolorzanoi","BOLD:AAA6667","Malaise trap PL12-1F",10.764,-85.335,"2019-06-06","1",653,"PLLDD"
"BIOUG61611-H01","PLLDJ157-20","GMP#23085","Arthropoda","Insecta","Hymenoptera","Braconidae","Microgastrinae","Apanteles","Apanteles Malaise9488","BOLD:AEC9488","Malaise trap PL12-1F",10.764,-85.335,"2019-07-18","1",654,"PLLDJ"
"BIOUG61232-F05","PLLDN094-20","GMP#23089","Arthropoda","Insecta","Hymenoptera","Braconidae","Microgastrinae","Pseudapanteles","Pseudapanteles raulsolorzanoi","BOLD:AAA6667","Malaise trap PL12-1F",10.764,-85.335,"2019-08-15","1",654,"PLLDN"
"BIOUG53368-H03","PLMAV069-20","GMP#21105","Arthropoda","Insecta","Hymenoptera","Braconidae","Microgastrinae","Glyptapanteles","Glyptapanteles nataliaivanovae","BOLD:AAC5317","Malaise trap PL12-1C",10.764,-85.335,"2016-04-14","1",653,"PLMAV"
"BIOUG53413-D10","PLMBJ213-20","GMP#21119","Arthropoda","Insecta","Hymenoptera","Braconidae","Microgastrinae","Glyptapanteles","Glyptapanteles Whitfield155","BOLD:AAB2471","Malaise trap PL12-1C",10.764,-85.335,"2016-07-21","1",654,"PLMBJ"
"BIOUG53484-A04","PLMBX103-20","GMP#21133","Arthropoda","Insecta","Hymenoptera","Braconidae","Microgastrinae","Pseudapanteles","Pseudapanteles raulsolorzanoi","BOLD:AAA6667","Malaise trap PL12-1C",10.764,-85.335,"2016-10-27","1",652,"PLMBX"
"BIOUG61551-E07","PLMDK318-20","GMP#23342","Arthropoda","Insecta","Hymenoptera","Braconidae","Microgastrinae","Hypomicrogaster","Hypomicrogaster OVRGDHJ06","BOLD:ABX5732","Malaise trap PL12-2F",10.763,-85.335,"2019-07-25","1",653,"PLMDK"
"BIOUG61483-H09","PLMDV272-20","GMP#23353","Arthropoda","Insecta","Hymenoptera","Braconidae","Microgastrinae","Pseudapanteles","Pseudapanteles raulsolorzanoi","BOLD:AAA6667","Malaise trap PL12-2F",10.763,-85.335,"2019-10-10","1",653,"PLMDV"
"BIOUG61484-A03","PLMDV277-20","GMP#23353","Arthropoda","Insecta","Hymenoptera","Braconidae","Microgastrinae","Pseudapanteles","Pseudapanteles raulsolorzanoi","BOLD:AAA6667","Malaise trap PL12-2F",10.763,-85.335,"2019-10-10","1",664,"PLMDV"
"BIOUG61484-A04","PLMDV278-20","GMP#23353","Arthropoda","Insecta","Hymenoptera","Braconidae","Microgastrinae","Hypomicrogaster","Hypomicrogaster OVRGDHJ06","BOLD:ABX5732","Malaise trap PL12-2F",10.763,-85.335,"2019-10-10","1",655,"PLMDV"
"BIOUG53400-G10","PLNBF037-20","GMP#20959","Arthropoda","Insecta","Hymenoptera","Braconidae","Microgastrinae","Hypomicrogaster","Hypomicrogaster Whitfield39","BOLD:AAI7795","Malaise trap PL12-4C",10.763,-85.334,"2016-06-23","1",656,"PLNBF"
"BIOUG53498-G02","PLNBN008-20","GMP#20967","Arthropoda","Insecta","Hymenoptera","Braconidae","Microgastrinae","Apanteles","Apanteles bernyapui","BOLD:AAB7636","Malaise trap PL12-4C",10.763,-85.334,"2016-08-18","1",640,"PLNBN"
"BIOUG58778-E10","PLNCC092-20","GMP#22947","Arthropoda","Insecta","Hymenoptera","Braconidae","Microgastrinae","Dolichogenidea","Dolichogenidea Janzen94","BOLD:AAE8602","Malaise trap PL12-3F",10.763,-85.334,"2018-11-29","1",651,"PLNCC"
"BIOUG58780-F11","PLNCE065-20","GMP#22949","Arthropoda","Insecta","Hymenoptera","Braconidae","Microgastrinae","Glyptapanteles","Glyptapanteles Malaise8087","BOLD:AAN8087","Malaise trap PL12-3F",10.763,-85.334,"2018-12-13","1",655,"PLNCE"
"BIOUG58784-F06","PLNCI082-20","GMP#22953","Arthropoda","Insecta","Hymenoptera","Braconidae","Microgastrinae","Pseudapanteles","Pseudapanteles rosemarykarpinskiae","BOLD:AAB2826","Malaise trap PL12-3F",10.763,-85.334,"2019-01-10","1",650,"PLNCI"
"BIOUG58785-D05","PLNCJ046-20","GMP#22954","Arthropoda","Insecta","Hymenoptera","Braconidae","Microgastrinae","Pseudapanteles","Pseudapanteles alvaroumanai","BOLD:AAE0922","Malaise trap PL12-3F",10.763,-85.334,"2019-01-17","1",656,"PLNCJ"
"BIOUG53947-F08","PLNDA150-20","GMP#22971","Arthropoda","Insecta","Hymenoptera","Braconidae","Microgastrinae","Glyptapanteles","Glyptapanteles Whitfield91","BOLD:ACL4468","Malaise trap PL12-3F",10.763,-85.334,"2019-05-16","1",650,"PLNDA"
"BIOUG53944-B04","PLNDB301-20","GMP#22972","Arthropoda","Insecta","Hymenoptera","Braconidae","Microgastrinae","Pseudapanteles","Pseudapanteles alvaroumanai","BOLD:AAE0922","Malaise trap PL12-3F",10.763,-85.334,"2019-05-23","1",651,"PLNDB"
"BIOUG59965-F10","PLNDD1019-20","GMP#22974","Arthropoda","Insecta","Hymenoptera","Braconidae","Microgastrinae","Pseudapanteles","Pseudapanteles alvaroumanai","BOLD:AAE0922","Malaise trap PL12-3F",10.763,-85.334,"2019-06-06","1",653,"PLNDD"
"BIOUG59976-E06","PLNDD2048-20","GMP#22974","Arthropoda","Insecta","Hymenoptera","Braconidae","Microgastrinae","Pseudapanteles","Pseudapanteles raulsolorzanoi","BOLD:AAA6667","Malaise trap PL12-3F",10.763,-85.334,"2019-06-06","1",654,"PLNDD"
"BIOUG59977-G04","PLNDD2165-20","GMP#22974","Arthropoda","Insecta","Hymenoptera","Braconidae","Microgastrinae","Pseudapanteles","Pseudapanteles raulsolorzanoi","BOLD:AAA6667","Malaise trap PL12-3F",10.763,-85.334,"2019-06-06","1",655,"PLNDD"
"BIOUG59977-H01","PLNDD2174-20","GMP#22974","Arthropoda","Insecta","Hymenoptera","Braconidae","Microgastrinae","Pseudapanteles","Pseudapanteles raulsolorzanoi","BOLD:AAA6667","Malaise trap PL12-3F",10.763,-85.334,"2019-06-06","1",655,"PLNDD"
"BIOUG59965-D07","PLNDD992-20","GMP#22974","Arthropoda","Insecta","Hymenoptera","Braconidae","Microgastrinae","Pseudapanteles","Pseudapanteles raulsolorzanoi","BOLD:AAA6667","Malaise trap PL12-3F",10.763,-85.334,"2019-06-06","1",654,"PLNDD"
"BIOUG59965-E02","PLNDD999-20","GMP#22974","Arthropoda","Insecta","Hymenoptera","Braconidae","Microgastrinae","Pseudapanteles","Pseudapanteles raulsolorzanoi","BOLD:AAA6667","Malaise trap PL12-3F",10.763,-85.334,"2019-06-06","1",653,"PLNDD"
"BIOUG59995-C07","PLNDE1570-20","GMP#22975","Arthropoda","Insecta","Hymenoptera","Braconidae","Microgastrinae","Pseudapanteles","Pseudapanteles alvaroumanai","BOLD:AAE0922","Malaise trap PL12-3F",10.763,-85.334,"2019-06-13","1",652,"PLNDE"
"BIOUG60319-A05","PLNDF487-20","GMP#22976","Arthropoda","Insecta","Hymenoptera","Braconidae","Microgastrinae","Apanteles","Apanteles jimmychevezi","BOLD:AAJ1513","Malaise trap PL12-3F",10.763,-85.334,"2019-06-20","1",655,"PLNDF"
"BIOUG60090-B11","PLNDG1712-20","GMP#22977","Arthropoda","Insecta","Hymenoptera","Braconidae","Microgastrinae","Glyptapanteles","Glyptapanteles Whitfield75","BOLD:AAE7080","Malaise trap PL12-3F",10.763,-85.334,"2019-06-27","1",655,"PLNDG"
"BIOUG60094-A11","PLNDG2080-20","GMP#22977","Arthropoda","Insecta","Hymenoptera","Braconidae","Microgastrinae","Cotesia","Cotesia Whitfield05","BOLD:AAE9335","Malaise trap PL12-3F",10.763,-85.334,"2019-06-27","1",640,"PLNDG"
"BIOUG60705-G02","PLNDH1263-20","GMP#22978","Arthropoda","Insecta","Hymenoptera","Braconidae","Microgastrinae","Pseudapanteles","Pseudapanteles alvaroumanai","BOLD:AAE0922","Malaise trap PL12-3F",10.763,-85.334,"2019-07-04","1",655,"PLNDH"
"BIOUG60706-E05","PLNDH1337-20","GMP#22978","Arthropoda","Insecta","Hymenoptera","Braconidae","Microgastrinae","Pseudapanteles","Pseudapanteles raulsolorzanoi","BOLD:AAA6667","Malaise trap PL12-3F",10.763,-85.334,"2019-07-04","1",655,"PLNDH"
"BIOUG60707-F08","PLNDH1447-20","GMP#22978","Arthropoda","Insecta","Hymenoptera","Braconidae","Microgastrinae","Apanteles","Apanteles Malaise2941","BOLD:ADB2941","Malaise trap PL12-3F",10.763,-85.334,"2019-07-04","1",653,"PLNDH"
"BIOUG60724-B04","PLNDI1193-20","GMP#22979","Arthropoda","Insecta","Hymenoptera","Braconidae","Microgastrinae","Pseudapanteles","Pseudapanteles raulsolorzanoi","BOLD:AAA6667","Malaise trap PL12-3F",10.763,-85.334,"2019-07-11","1",653,"PLNDI"
"BIOUG60724-F06","PLNDI1243-20","GMP#22979","Arthropoda","Insecta","Hymenoptera","Braconidae","Microgastrinae","Pseudapanteles","Pseudapanteles alvaroumanai","BOLD:AAE0922","Malaise trap PL12-3F",10.763,-85.334,"2019-07-11","1",653,"PLNDI"
"BIOUG60742-B01","PLNDJ1101-20","GMP#22980","Arthropoda","Insecta","Hymenoptera","Braconidae","Microgastrinae","Pseudapanteles","Pseudapanteles raulsolorzanoi","BOLD:AAA6667","Malaise trap PL12-3F",10.763,-85.334,"2019-07-18","1",651,"PLNDJ"
"BIOUG60743-D06","PLNDJ1225-20","GMP#22980","Arthropoda","Insecta","Hymenoptera","Braconidae","Microgastrinae","Dolichogenidea","Dolichogenidea Janzen94","BOLD:AAE8602","Malaise trap PL12-3F",10.763,-85.334,"2019-07-18","1",656,"PLNDJ"
"BIOUG59346-F07","PLNDL1051-20","GMP#22982","Arthropoda","Insecta","Hymenoptera","Braconidae","Microgastrinae","Pseudapanteles","Pseudapanteles raulsolorzanoi","BOLD:AAA6667","Malaise trap PL12-3F",10.763,-85.334,"2019-08-01","1",653,"PLNDL"
"BIOUG60864-B05","PLNDM675-20","GMP#22983","Arthropoda","Insecta","Hymenoptera","Braconidae","Microgastrinae","Cotesia","Cotesia Whitfield23","BOLD:AEM9150","Malaise trap PL12-3F",10.763,-85.334,"2019-08-08","1",655,"PLNDM"
"BIOUG60864-F04","PLNDM722-20","GMP#22983","Arthropoda","Insecta","Hymenoptera","Braconidae","Microgastrinae","Pseudapanteles","Pseudapanteles alvaroumanai","BOLD:AAE0922","Malaise trap PL12-3F",10.763,-85.334,"2019-08-08","1",641,"PLNDM"
"BIOUG61255-C07","PLNDN939-20","GMP#22984","Arthropoda","Insecta","Hymenoptera","Braconidae","Microgastrinae","Glyptapanteles","Glyptapanteles malaise0110","BOLD:AEG0110","Malaise trap PL12-3F",10.763,-85.334,"2019-08-15","1",654,"PLNDN"
"BIOUG60354-C08","PLNDO1023-20","GMP#22985","Arthropoda","Insecta","Hymenoptera","Braconidae","Microgastrinae","Hypomicrogaster","Hypomicrogaster zan","BOLD:AAE1352","Malaise trap PL12-3F",10.763,-85.334,"2019-08-22","1",656,"PLNDO"
"BIOUG60354-A03","PLNDO994-20","GMP#22985","Arthropoda","Insecta","Hymenoptera","Braconidae","Microgastrinae","Cotesia","Cotesia Whitfield94","BOLD:AAA7143","Malaise trap PL12-3F",10.763,-85.334,"2019-08-22","1",654,"PLNDO"
"BIOUG60361-C01","PLNDP405-20","GMP#22986","Arthropoda","Insecta","Hymenoptera","Braconidae","Microgastrinae","Dolichogenidea","Dolichogenidea Rodriguez195","BOLD:AAM5088","Malaise trap PL12-3F",10.763,-85.334,"2019-08-29","1",654,"PLNDP"
"BIOUG60361-D08","PLNDP424-20","GMP#22986","Arthropoda","Insecta","Hymenoptera","Braconidae","Microgastrinae","Xanthomicrogaster","Xanthomicrogaster Janzen4621","BOLD:AEC4531","Malaise trap PL12-3F",10.763,-85.334,"2019-08-29","1",656,"PLNDP"
"BIOUG60361-D10","PLNDP426-20","GMP#22986","Arthropoda","Insecta","Hymenoptera","Braconidae","Microgastrinae","Pseudapanteles","Pseudapanteles raulsolorzanoi","BOLD:AAA6667","Malaise trap PL12-3F",10.763,-85.334,"2019-08-29","1",654,"PLNDP"
"BIOUG60839-F08","PLNDU834-20","GMP#22991","Arthropoda","Insecta","Hymenoptera","Braconidae","Microgastrinae","Pseudapanteles","Pseudapanteles raulsolorzanoi","BOLD:AAA6667","Malaise trap PL12-3F",10.763,-85.334,"2019-10-03","1",655,"PLNDU"
"BIOUG60855-G01","PLNDV1214-20","GMP#22992","Arthropoda","Insecta","Hymenoptera","Braconidae","Microgastrinae","Glyptapanteles","Glyptapanteles tanyadapkeyae","BOLD:AAL3681","Malaise trap PL12-3F",10.763,-85.334,"2019-10-10","1",656,"PLNDV"
"BIOUG60879-B02","PLNDW1242-20","GMP#22993","Arthropoda","Insecta","Hymenoptera","Braconidae","Microgastrinae","Pseudapanteles","Pseudapanteles raulsolorzanoi","BOLD:AAA6667","Malaise trap PL12-3F",10.763,-85.334,"2019-10-17","1",654,"PLNDW"
"BIOUG60648-B09","PLNDX1215-20","GMP#22994","Arthropoda","Insecta","Hymenoptera","Braconidae","Microgastrinae","Glyptapanteles","Glyptapanteles sondrawardae","BOLD:AAA3077","Malaise trap PL12-3F",10.763,-85.334,"2019-10-24","1",642,"PLNDX"
"BIOUG61601-B10","PLNDZ750-20","GMP#22996","Arthropoda","Insecta","Hymenoptera","Braconidae","Microgastrinae","Rhygoplitis","Rhygoplitis Whitfield01","BOLD:AAC0735","Malaise trap PL12-3F",10.763,-85.334,"2019-11-07","1",655,"PLNDZ"
"BIOUG61601-C12","PLNDZ764-20","GMP#22996","Arthropoda","Insecta","Hymenoptera","Braconidae","Microgastrinae","Pseudapanteles","Pseudapanteles raulsolorzanoi","BOLD:AAA6667","Malaise trap PL12-3F",10.763,-85.334,"2019-11-07","1",654,"PLNDZ"
"BIOUG61601-D02","PLNDZ766-20","GMP#22996","Arthropoda","Insecta","Hymenoptera","Braconidae","Microgastrinae","Apanteles","Apanteles juancarrilloi","BOLD:AAC8420","Malaise trap PL12-3F",10.763,-85.334,"2019-11-07","1",655,"PLNDZ"
"BIOUG53343-F04","PLOAA230-20","GMP#20772","Arthropoda","Insecta","Hymenoptera","Braconidae","Microgastrinae","Cotesia","Cotesia Whitfield31","BOLD:AAA7143","Malaise trap PL12-6C",10.764,-85.333,"2015-11-19","1",650,"PLOAA"
"BIOUG53457-D05","PLOAG151-20","GMP#20778","Arthropoda","Insecta","Hymenoptera","Braconidae","Microgastrinae","Cotesia","Cotesia Whitfield6803","BOLD:AAA7143","Malaise trap PL12-6C",10.764,-85.333,"2015-12-31","1",652,"PLOAG"
"BIOUG53579-B05","PLOAK091-20","GMP#20782","Arthropoda","Insecta","Hymenoptera","Braconidae","Microgastrinae","Dolichogenidea","Dolichogenidea Janzen5847","BOLD:AEB8464","Malaise trap PL12-6C",10.764,-85.333,"2016-01-28","1",652,"PLOAK"
"BIOUG53552-C01","PLOBA114-20","GMP#20798","Arthropoda","Insecta","Hymenoptera","Braconidae","Microgastrinae","Dolichogenidea","Dolichogenidea malaise0710","BOLD:ADB0710","Malaise trap PL12-6C",10.764,-85.333,"2016-05-19","1",656,"PLOBA"
"BIOUG53659-D04","PLOBD138-20","GMP#20801","Arthropoda","Insecta","Hymenoptera","Braconidae","Microgastrinae","Hypomicrogaster","Hypomicrogaster OVRGDHJ03","BOLD:ACF0511","Malaise trap PL12-6C",10.764,-85.333,"2016-06-09","1",654,"PLOBD"
"BIOUG58662-C08","PLOCD121-20","GMP#23105","Arthropoda","Insecta","Hymenoptera","Braconidae","Microgastrinae","Glyptapanteles","Glyptapanteles robbinthorpiDHJ01","BOLD:AAM5230","Malaise trap PL12-4F",10.763,-85.334,"2018-12-06","1",654,"PLOCD"
"BIOUG60761-B08","PLODG167-20","GMP#23134","Arthropoda","Insecta","Hymenoptera","Braconidae","Microgastrinae","Pseudapanteles","Pseudapanteles alvaroumanai","BOLD:AAE0922","Malaise trap PL12-4F",10.763,-85.334,"2019-06-27","1",654,"PLODG"
"BIOUG61139-C08","PLODX609-20","GMP#23151","Arthropoda","Insecta","Hymenoptera","Braconidae","Microgastrinae","Glyptapanteles","Glyptapanteles bobkulai","BOLD:ACE8721","Malaise trap PL12-4F",10.763,-85.334,"2019-10-24","1",642,"PLODX"
"BIOUG53253-E10","PLPAD060-20","GMP#20463","Arthropoda","Insecta","Hymenoptera","Braconidae","Microgastrinae","Hypomicrogaster","Hypomicrogaster Malaise1465","BOLD:AED1465","Malaise trap PL12-7C",10.761,-85.335,"2015-12-10","1",655,"PLPAD"
"BIOUG53256-E01","PLPAO066-20","GMP#20474","Arthropoda","Insecta","Hymenoptera","Braconidae","Microgastrinae","Dolichogenidea","Dolichogenidea Janzen5847","BOLD:AAM5847","Malaise trap PL12-7C",10.761,-85.335,"2016-02-25","1",653,"PLPAO"
"BIOUG53811-A07","PLPAP070-20","GMP#20475","Arthropoda","Insecta","Hymenoptera","Braconidae","Microgastrinae","Apanteles","Apanteles Malaise9568","BOLD:ADA9568","Malaise trap PL12-7C",10.761,-85.335,"2016-03-03","1",654,"PLPAP"
"BIOUG61824-E09","PLPCC1235-20","GMP#23260","Arthropoda","Insecta","Hymenoptera","Braconidae","Microgastrinae","Glyptapanteles","Glyptapanteles pamitchellae","BOLD:AAA3934","Malaise trap PL12-5F",10.763,-85.334,"2018-11-29","1",655,"PLPCC"
"BIOUG61824-G05","PLPCC1255-20","GMP#23260","Arthropoda","Insecta","Hymenoptera","Braconidae","Microgastrinae","Apanteles","Apanteles Malaise7738","BOLD:AEF7738","Malaise trap PL12-5F",10.763,-85.334,"2018-11-29","1",654,"PLPCC"
"BIOUG61825-D12","PLPCC1408-20","GMP#23260","Arthropoda","Insecta","Hymenoptera","Braconidae","Microgastrinae","Apanteles","Apanteles bernyapui","BOLD:AAB7636","Malaise trap PL12-5F",10.763,-85.334,"2018-11-29","1",652,"PLPCC"
"BIOUG61846-A07","PLPCD1648-20","GMP#23261","Arthropoda","Insecta","Hymenoptera","Braconidae","Microgastrinae","Diolcogaster","Diolcogaster Janzen03","BOLD:AAF5712","Malaise trap PL12-5F",10.763,-85.334,"2018-12-06","1",654,"PLPCD"
"BIOUG61846-D09","PLPCD1686-20","GMP#23261","Arthropoda","Insecta","Hymenoptera","Braconidae","Microgastrinae","Dolichogenidea","Dolichogenidea Rodriguez144","BOLD:AAD2236","Malaise trap PL12-5F",10.763,-85.334,"2018-12-06","1",653,"PLPCD"
"BIOUG61847-A10","PLPCD1746-20","GMP#23261","Arthropoda","Insecta","Hymenoptera","Braconidae","Microgastrinae","Glyptapanteles","Glyptapanteles robbinthorpiDHJ01","BOLD:AAM5230","Malaise trap PL12-5F",10.763,-85.334,"2018-12-06","1",654,"PLPCD"
"BIOUG61847-D07","PLPCD1779-20","GMP#23261","Arthropoda","Insecta","Hymenoptera","Braconidae","Microgastrinae","Hypomicrogaster","Hypomicrogaster OVRGDHJ06","BOLD:ABX5732","Malaise trap PL12-5F",10.763,-85.334,"2018-12-06","1",655,"PLPCD"
"BIOUG61847-D11","PLPCD1783-20","GMP#23261","Arthropoda","Insecta","Hymenoptera","Braconidae","Microgastrinae","Dolichogenidea","Dolichogenidea Rodriguez144","BOLD:AAD2236","Malaise trap PL12-5F",10.763,-85.334,"2018-12-06","1",654,"PLPCD"
"BIOUG61847-F04","PLPCD1800-20","GMP#23261","Arthropoda","Insecta","Hymenoptera","Braconidae","Microgastrinae","Glyptapanteles","Glyptapanteles Malaise8087","BOLD:AAN8087","Malaise trap PL12-5F",10.763,-85.334,"2018-12-06","1",655,"PLPCD"
"BIOUG61847-G06","PLPCD1814-20","GMP#23261","Arthropoda","Insecta","Hymenoptera","Braconidae","Microgastrinae","Pseudapanteles","Pseudapanteles Malaise3040","BOLD:ADB3040","Malaise trap PL12-5F",10.763,-85.334,"2018-12-06","1",653,"PLPCD"
"BIOUG61847-H11","PLPCD1831-20","GMP#23261","Arthropoda","Insecta","Hymenoptera","Braconidae","Microgastrinae","Glyptapanteles","Glyptapanteles pamitchellae","BOLD:AAA3934","Malaise trap PL12-5F",10.763,-85.334,"2018-12-06","1",653,"PLPCD"
"BIOUG63013-A02","PLPCE2456-20","GMP#23262","Arthropoda","Insecta","Hymenoptera","Braconidae","Microgastrinae","Rhygoplitis","Rhygoplitis Whitfield01","BOLD:AAC0735","Malaise trap PL12-5F",10.763,-85.334,"2018-12-13","1",651,"PLPCE"
"BIOUG63013-A10","PLPCE2464-20","GMP#23262","Arthropoda","Insecta","Hymenoptera","Braconidae","Microgastrinae","Apanteles","Apanteles oscarchavezi","BOLD:AAN7915","Malaise trap PL12-5F",10.763,-85.334,"2018-12-13","1",654,"PLPCE"
"BIOUG63013-H05","PLPCE2543-20","GMP#23262","Arthropoda","Insecta","Hymenoptera","Braconidae","Microgastrinae","Glyptapanteles","Glyptapanteles Malaise8087","BOLD:AAN8087","Malaise trap PL12-5F",10.763,-85.334,"2018-12-13","1",652,"PLPCE"
"BIOUG63016-A02","PLPCE2741-20","GMP#23262","Arthropoda","Insecta","Hymenoptera","Braconidae","Microgastrinae","Hypomicrogaster","Hypomicrogaster OVRGDHJ06","BOLD:ABX5732","Malaise trap PL12-5F",10.763,-85.334,"2018-12-13","1",659,"PLPCE"
"BIOUG63016-A03","PLPCE2742-20","GMP#23262","Arthropoda","Insecta","Hymenoptera","Braconidae","Microgastrinae","Apanteles","Apanteles Malaise7738","BOLD:AEF7738","Malaise trap PL12-5F",10.763,-85.334,"2018-12-13","1",655,"PLPCE"
"BIOUG63016-B12","PLPCE2763-20","GMP#23262","Arthropoda","Insecta","Hymenoptera","Braconidae","Microgastrinae","Dolichogenidea","Dolichogenidea Rodriguez144","BOLD:AAD2236","Malaise trap PL12-5F",10.763,-85.334,"2018-12-13","1",654,"PLPCE"
"BIOUG63016-C05","PLPCE2768-20","GMP#23262","Arthropoda","Insecta","Hymenoptera","Braconidae","Microgastrinae","Hypomicrogaster","Hypomicrogaster Whitfield39","BOLD:AAI7795","Malaise trap PL12-5F",10.763,-85.334,"2018-12-13","1",653,"PLPCE"
"BIOUG63016-F05","PLPCE2804-20","GMP#23262","Arthropoda","Insecta","Hymenoptera","Braconidae","Microgastrinae","Rasivalva","Rasivalva Malaise7445","BOLD:AEB7445","Malaise trap PL12-5F",10.763,-85.334,"2018-12-13","1",651,"PLPCE"
"BIOUG61879-H01","PLPCF2506-20","GMP#23263","Arthropoda","Insecta","Hymenoptera","Braconidae","Microgastrinae","Glyptapanteles","Glyptapanteles Malaise8087","BOLD:AAN8087","Malaise trap PL12-5F",10.763,-85.334,"2018-12-20","1",653,"PLPCF"
"BIOUG61881-H01","PLPCF2696-20","GMP#23263","Arthropoda","Insecta","Hymenoptera","Braconidae","Microgastrinae","Glyptapanteles","Glyptapanteles malaise0455","BOLD:AEF0455","Malaise trap PL12-5F",10.763,-85.334,"2018-12-20","1",652,"PLPCF"
"BIOUG61881-H09","PLPCF2704-20","GMP#23263","Arthropoda","Insecta","Hymenoptera","Braconidae","Microgastrinae","Apanteles","Apanteles oscarchavezi","BOLD:AAN7915","Malaise trap PL12-5F",10.763,-85.334,"2018-12-20","1",652,"PLPCF"
"BIOUG61882-A10","PLPCF2716-20","GMP#23263","Arthropoda","Insecta","Hymenoptera","Braconidae","Microgastrinae","Apanteles","Apanteles oscarchavezi","BOLD:AAN7915","Malaise trap PL12-5F",10.763,-85.334,"2018-12-20","1",654,"PLPCF"
"BIOUG61882-B05","PLPCF2723-20","GMP#23263","Arthropoda","Insecta","Hymenoptera","Braconidae","Microgastrinae","Glyptapanteles","Glyptapanteles malaise0378","BOLD:AEF0378","Malaise trap PL12-5F",10.763,-85.334,"2018-12-20","1",656,"PLPCF"
"BIOUG61882-C09","PLPCF2739-20","GMP#23263","Arthropoda","Insecta","Hymenoptera","Braconidae","Microgastrinae","Rasivalva","Rasivalva Malaise7445","BOLD:AEB7445","Malaise trap PL12-5F",10.763,-85.334,"2018-12-20","1",654,"PLPCF"
"BIOUG61882-D06","PLPCF2748-20","GMP#23263","Arthropoda","Insecta","Hymenoptera","Braconidae","Microgastrinae","Apanteles","Apanteles Malaise2941","BOLD:ADB2941","Malaise trap PL12-5F",10.763,-85.334,"2018-12-20","1",654,"PLPCF"
"BIOUG61882-E11","PLPCF2765-20","GMP#23263","Arthropoda","Insecta","Hymenoptera","Braconidae","Microgastrinae","Hypomicrogaster","Hypomicrogaster Whitfield39","BOLD:AAI7795","Malaise trap PL12-5F",10.763,-85.334,"2018-12-20","1",655,"PLPCF"
"BIOUG61882-F06","PLPCF2772-20","GMP#23263","Arthropoda","Insecta","Hymenoptera","Braconidae","Microgastrinae","Dolichogenidea","Dolichogenidea Rodriguez145","BOLD:AAB9372","Malaise trap PL12-5F",10.763,-85.334,"2018-12-20","1",654,"PLPCF"
"BIOUG61882-F08","PLPCF2774-20","GMP#23263","Arthropoda","Insecta","Hymenoptera","Braconidae","Microgastrinae","Cotesia","Cotesia Whitfield82","BOLD:AAI9077","Malaise trap PL12-5F",10.763,-85.334,"2018-12-20","1",653,"PLPCF"
"BIOUG61882-G03","PLPCF2781-20","GMP#23263","Arthropoda","Insecta","Hymenoptera","Braconidae","Microgastrinae","Glyptapanteles","Glyptapanteles Whitfield75","BOLD:AAE7080","Malaise trap PL12-5F",10.763,-85.334,"2018-12-20","1",653,"PLPCF"
"BIOUG61886-D05","PLPCF3256-20","GMP#23263","Arthropoda","Insecta","Hymenoptera","Braconidae","Microgastrinae","Apanteles","Apanteles eduardoramirezi","BOLD:AAA4554","Malaise trap PL12-5F",10.763,-85.334,"2018-12-20","1",654,"PLPCF"
"BIOUG63040-A12","PLPCG1863-20","GMP#23264","Arthropoda","Insecta","Hymenoptera","Braconidae","Microgastrinae","Glyptapanteles","Glyptapanteles pamitchellae","BOLD:AAA3934","Malaise trap PL12-5F",10.763,-85.334,"2018-12-27","1",657,"PLPCG"
"BIOUG63040-D09","PLPCG1896-20","GMP#23264","Arthropoda","Insecta","Hymenoptera","Braconidae","Microgastrinae","Glyptapanteles","Glyptapanteles pamitchellae","BOLD:AAA3934","Malaise trap PL12-5F",10.763,-85.334,"2018-12-27","1",652,"PLPCG"
"BIOUG63040-F11","PLPCG1922-20","GMP#23264","Arthropoda","Insecta","Hymenoptera","Braconidae","Microgastrinae","Apanteles","Apanteles Janzen2906","BOLD:ABZ2906","Malaise trap PL12-5F",10.763,-85.334,"2018-12-27","1",651,"PLPCG"
"BIOUG63040-G09","PLPCG1932-20","GMP#23264","Arthropoda","Insecta","Hymenoptera","Braconidae","Microgastrinae","Apanteles","Apanteles oscarchavezi","BOLD:AAN7915","Malaise trap PL12-5F",10.763,-85.334,"2018-12-27","1",655,"PLPCG"
"BIOUG63040-H01","PLPCG1936-20","GMP#23264","Arthropoda","Insecta","Hymenoptera","Braconidae","Microgastrinae","Glyptapanteles","Glyptapanteles pamitchellae","BOLD:AAA3934","Malaise trap PL12-5F",10.763,-85.334,"2018-12-27","1",654,"PLPCG"
"BIOUG63040-H10","PLPCG1945-20","GMP#23264","Arthropoda","Insecta","Hymenoptera","Braconidae","Microgastrinae","Glyptapanteles","Glyptapanteles pamitchellae","BOLD:AAA3934","Malaise trap PL12-5F",10.763,-85.334,"2018-12-27","1",655,"PLPCG"
"BIOUG63041-A02","PLPCG1948-20","GMP#23264","Arthropoda","Insecta","Hymenoptera","Braconidae","Microgastrinae","Rhygoplitis","Rhygoplitis Whitfield01","BOLD:AAC0735","Malaise trap PL12-5F",10.763,-85.334,"2018-12-27","1",652,"PLPCG"
"BIOUG63041-B04","PLPCG1962-20","GMP#23264","Arthropoda","Insecta","Hymenoptera","Braconidae","Microgastrinae","Glyptapanteles","Glyptapanteles shelbystedenfeldae","BOLD:AAC1266","Malaise trap PL12-5F",10.763,-85.334,"2018-12-27","1",654,"PLPCG"
"BIOUG63041-F03","PLPCG2009-20","GMP#23264","Arthropoda","Insecta","Hymenoptera","Braconidae","Microgastrinae","Pseudapanteles","Pseudapanteles Malaise3040","BOLD:ADB3040","Malaise trap PL12-5F",10.763,-85.334,"2018-12-27","1",655,"PLPCG"
"BIOUG63042-A04","PLPCG2045-20","GMP#23264","Arthropoda","Insecta","Hymenoptera","Braconidae","Microgastrinae","Apanteles","Apanteles eduardoramirezi","BOLD:AAA4554","Malaise trap PL12-5F",10.763,-85.334,"2018-12-27","1",655,"PLPCG"
"BIOUG63042-A07","PLPCG2048-20","GMP#23264","Arthropoda","Insecta","Hymenoptera","Braconidae","Microgastrinae","Cotesia","Cotesia Whitfield81","BOLD:AAM5381","Malaise trap PL12-5F",10.763,-85.334,"2018-12-27","1",655,"PLPCG"
"BIOUG63058-B11","PLPCH1258-20","GMP#23265","Arthropoda","Insecta","Hymenoptera","Braconidae","Microgastrinae","Apanteles","Apanteles franciscopizarroi","BOLD:AAK1643","Malaise trap PL12-5F",10.763,-85.334,"2019-01-03","1",656,"PLPCH"
"BIOUG63058-G08","PLPCH1315-20","GMP#23265","Arthropoda","Insecta","Hymenoptera","Braconidae","Microgastrinae","Diolcogaster","Diolcogaster Choi77","BOLD:AAB9863","Malaise trap PL12-5F",10.763,-85.334,"2019-01-03","1",654,"PLPCH"
"BIOUG63069-A12","PLPCI775-20","GMP#23266","Arthropoda","Insecta","Hymenoptera","Braconidae","Microgastrinae","Glyptapanteles","Glyptapanteles pamitchellae","BOLD:AAA3934","Malaise trap PL12-5F",10.763,-85.334,"2019-01-10","1",654,"PLPCI"
"BIOUG63069-D01","PLPCI800-20","GMP#23266","Arthropoda","Insecta","Hymenoptera","Braconidae","Microgastrinae","Pseudapanteles","Pseudapanteles alvaroumanai","BOLD:AAE0922","Malaise trap PL12-5F",10.763,-85.334,"2019-01-10","1",657,"PLPCI"
"BIOUG63069-G04","PLPCI839-20","GMP#23266","Arthropoda","Insecta","Hymenoptera","Braconidae","Microgastrinae","Diolcogaster","Diolcogaster Choi65","BOLD:AAE8429","Malaise trap PL12-5F",10.763,-85.334,"2019-01-10","1",654,"PLPCI"
"BIOUG63069-G07","PLPCI842-20","GMP#23266","Arthropoda","Insecta","Hymenoptera","Braconidae","Microgastrinae","Apanteles","Apanteles eduardoramirezi","BOLD:AAA4554","Malaise trap PL12-5F",10.763,-85.334,"2019-01-10","1",654,"PLPCI"
"BIOUG63069-G10","PLPCI845-20","GMP#23266","Arthropoda","Insecta","Hymenoptera","Braconidae","Microgastrinae","Diolcogaster","Diolcogaster Choi77","BOLD:AAB9863","Malaise trap PL12-5F",10.763,-85.334,"2019-01-10","1",655,"PLPCI"
"BIOUG63070-A01","PLPCI859-20","GMP#23266","Arthropoda","Insecta","Hymenoptera","Braconidae","Microgastrinae","Dolichogenidea","Dolichogenidea Janzen5847","BOLD:AEB8464","Malaise trap PL12-5F",10.763,-85.334,"2019-01-10","1",654,"PLPCI"
"BIOUG61556-F11","PLPCJ526-20","GMP#23267","Arthropoda","Insecta","Hymenoptera","Braconidae","Microgastrinae","Apanteles","Apanteles oscarchavezi","BOLD:AAN7915","Malaise trap PL12-5F",10.763,-85.334,"2019-01-17","1",656,"PLPCJ"
"BIOUG61557-A02","PLPCJ552-20","GMP#23267","Arthropoda","Insecta","Hymenoptera","Braconidae","Microgastrinae","Pseudapanteles","Pseudapanteles alvaroumanai","BOLD:AAE0922","Malaise trap PL12-5F",10.763,-85.334,"2019-01-17","1",654,"PLPCJ"
"BIOUG61557-A08","PLPCJ558-20","GMP#23267","Arthropoda","Insecta","Hymenoptera","Braconidae","Microgastrinae","Pseudapanteles","Pseudapanteles alvaroumanai","BOLD:AAE0922","Malaise trap PL12-5F",10.763,-85.334,"2019-01-17","1",655,"PLPCJ"
"BIOUG61557-C10","PLPCJ584-20","GMP#23267","Arthropoda","Insecta","Hymenoptera","Braconidae","Microgastrinae","Glyptapanteles","Glyptapanteles pamitchellae","BOLD:AAA3934","Malaise trap PL12-5F",10.763,-85.334,"2019-01-17","1",654,"PLPCJ"
"BIOUG61557-C11","PLPCJ585-20","GMP#23267","Arthropoda","Insecta","Hymenoptera","Braconidae","Microgastrinae","Glyptapanteles","Glyptapanteles Malaise8087","BOLD:AAN8087","Malaise trap PL12-5F",10.763,-85.334,"2019-01-17","1",653,"PLPCJ"
"BIOUG61557-D10","PLPCJ596-20","GMP#23267","Arthropoda","Insecta","Hymenoptera","Braconidae","Microgastrinae","Pseudapanteles","Pseudapanteles alvaroumanai","BOLD:AAE0922","Malaise trap PL12-5F",10.763,-85.334,"2019-01-17","1",653,"PLPCJ"
"BIOUG61557-E03","PLPCJ601-20","GMP#23267","Arthropoda","Insecta","Hymenoptera","Braconidae","Microgastrinae","Cotesia","Cotesia Whitfield81","BOLD:AAM5381","Malaise trap PL12-5F",10.763,-85.334,"2019-01-17","1",653,"PLPCJ"
"BIOUG61557-F03","PLPCJ613-20","GMP#23267","Arthropoda","Insecta","Hymenoptera","Braconidae","Microgastrinae","Pseudapanteles","Pseudapanteles alvaroumanai","BOLD:AAE0922","Malaise trap PL12-5F",10.763,-85.334,"2019-01-17","1",653,"PLPCJ"
"BIOUG61557-F05","PLPCJ615-20","GMP#23267","Arthropoda","Insecta","Hymenoptera","Braconidae","Microgastrinae","Pseudapanteles","Pseudapanteles alvaroumanai","BOLD:AAE0922","Malaise trap PL12-5F",10.763,-85.334,"2019-01-17","1",653,"PLPCJ"
"BIOUG61557-F11","PLPCJ621-20","GMP#23267","Arthropoda","Insecta","Hymenoptera","Braconidae","Microgastrinae","Apanteles","Apanteles Malaise9656","BOLD:ADA9656","Malaise trap PL12-5F",10.763,-85.334,"2019-01-17","1",654,"PLPCJ"
"BIOUG61557-H04","PLPCJ638-20","GMP#23267","Arthropoda","Insecta","Hymenoptera","Braconidae","Microgastrinae","Dolichogenidea","Dolichogenidea malaise0710","BOLD:ADB0710","Malaise trap PL12-5F",10.763,-85.334,"2019-01-17","1",653,"PLPCJ"
"BIOUG61557-H11","PLPCJ645-20","GMP#23267","Arthropoda","Insecta","Hymenoptera","Braconidae","Microgastrinae","Pseudapanteles","Pseudapanteles alvaroumanai","BOLD:AAE0922","Malaise trap PL12-5F",10.763,-85.334,"2019-01-17","1",653,"PLPCJ"
"BIOUG61558-D02","PLPCJ683-20","GMP#23267","Arthropoda","Insecta","Hymenoptera","Braconidae","Microgastrinae","Glyptapanteles","Glyptapanteles pamitchellae","BOLD:AAA3934","Malaise trap PL12-5F",10.763,-85.334,"2019-01-17","1",655,"PLPCJ"
"BIOUG61565-A07","PLPCK500-20","GMP#23268","Arthropoda","Insecta","Hymenoptera","Braconidae","Microgastrinae","Glyptapanteles","Glyptapanteles pamitchellae","BOLD:AAA3934","Malaise trap PL12-5F",10.763,-85.334,"2019-01-24","1",655,"PLPCK"
"BIOUG61565-A12","PLPCK505-20","GMP#23268","Arthropoda","Insecta","Hymenoptera","Braconidae","Microgastrinae","Dolichogenidea","Dolichogenidea malaise0710","BOLD:ADB0710","Malaise trap PL12-5F",10.763,-85.334,"2019-01-24","1",655,"PLPCK"
"BIOUG61565-E03","PLPCK544-20","GMP#23268","Arthropoda","Insecta","Hymenoptera","Braconidae","Microgastrinae","Apanteles","Apanteles Malaise8787","BOLD:AEG8787","Malaise trap PL12-5F",10.763,-85.334,"2019-01-24","1",654,"PLPCK"
"BIOUG61565-E04","PLPCK545-20","GMP#23268","Arthropoda","Insecta","Hymenoptera","Braconidae","Microgastrinae","Pseudapanteles","Pseudapanteles alvaroumanai","BOLD:AAE0922","Malaise trap PL12-5F",10.763,-85.334,"2019-01-24","1",653,"PLPCK"
"BIOUG61565-G11","PLPCK576-20","GMP#23268","Arthropoda","Insecta","Hymenoptera","Braconidae","Microgastrinae","Apanteles","Apanteles carolinacanoae","BOLD:AAE2842","Malaise trap PL12-5F",10.763,-85.334,"2019-01-24","1",655,"PLPCK"
"BIOUG61566-A06","PLPCK594-20","GMP#23268","Arthropoda","Insecta","Hymenoptera","Braconidae","Microgastrinae","Apanteles","Apanteles Malaise9656","BOLD:ADA9656","Malaise trap PL12-5F",10.763,-85.334,"2019-01-24","1",656,"PLPCK"
"BIOUG61567-D06","PLPCK725-20","GMP#23268","Arthropoda","Insecta","Hymenoptera","Braconidae","Microgastrinae","Pseudapanteles","Pseudapanteles alvaroumanai","BOLD:AAE0922","Malaise trap PL12-5F",10.763,-85.334,"2019-01-24","1",653,"PLPCK"
"BIOUG61579-C01","PLPCL497-20","GMP#23269","Arthropoda","Insecta","Hymenoptera","Braconidae","Microgastrinae","Apanteles","Apanteles oscarchavezi","BOLD:AAN7915","Malaise trap PL12-5F",10.763,-85.334,"2019-01-31","1",654,"PLPCL"
"BIOUG61579-C10","PLPCL506-20","GMP#23269","Arthropoda","Insecta","Hymenoptera","Braconidae","Microgastrinae","Sendaphne","Sendaphne Malaise3510","BOLD:AEG3510","Malaise trap PL12-5F",10.763,-85.334,"2019-01-31","1",654,"PLPCL"
"BIOUG61579-D01","PLPCL509-20","GMP#23269","Arthropoda","Insecta","Hymenoptera","Braconidae","Microgastrinae","Hypomicrogaster","Hypomicrogaster Whitfield39","BOLD:AAI7795","Malaise trap PL12-5F",10.763,-85.334,"2019-01-31","1",654,"PLPCL"
"BIOUG61579-D06","PLPCL514-20","GMP#23269","Arthropoda","Insecta","Hymenoptera","Braconidae","Microgastrinae","Pseudapanteles","Pseudapanteles alvaroumanai","BOLD:AAE0922","Malaise trap PL12-5F",10.763,-85.334,"2019-01-31","1",655,"PLPCL"
"BIOUG61580-A10","PLPCL577-20","GMP#23269","Arthropoda","Insecta","Hymenoptera","Braconidae","Microgastrinae","Apanteles","Apanteles oscarchavezi","BOLD:AAN7915","Malaise trap PL12-5F",10.763,-85.334,"2019-01-31","1",655,"PLPCL"
"BIOUG61580-G03","PLPCL642-20","GMP#23269","Arthropoda","Insecta","Hymenoptera","Braconidae","Microgastrinae","Apanteles","Apanteles Malaise9656","BOLD:ADA9656","Malaise trap PL12-5F",10.763,-85.334,"2019-01-31","1",655,"PLPCL"
"BIOUG61591-D11","PLPCN335-20","GMP#23271","Arthropoda","Insecta","Hymenoptera","Braconidae","Microgastrinae","Rhygoplitis","Rhygoplitis Whitfield01","BOLD:AAC0735","Malaise trap PL12-5F",10.763,-85.334,"2019-02-14","1",654,"PLPCN"
"BIOUG61592-C03","PLPCN410-20","GMP#23271","Arthropoda","Insecta","Hymenoptera","Braconidae","Microgastrinae","Promicrogaster","Promicrogaster fabriciocambroneroi","BOLD:AAX7726","Malaise trap PL12-5F",10.763,-85.334,"2019-02-14","1",654,"PLPCN"
"BIOUG61592-D10","PLPCN429-20","GMP#23271","Arthropoda","Insecta","Hymenoptera","Braconidae","Microgastrinae","Dolichogenidea","Dolichogenidea Janzen5847","BOLD:AAM5847","Malaise trap PL12-5F",10.763,-85.334,"2019-02-14","1",654,"PLPCN"
"BIOUG61596-D01","PLPCO342-20","GMP#23272","Arthropoda","Insecta","Hymenoptera","Braconidae","Microgastrinae","Apanteles","Apanteles oscarchavezi","BOLD:AAN7915","Malaise trap PL12-5F",10.763,-85.334,"2019-02-21","1",652,"PLPCO"
"BIOUG61597-A06","PLPCO406-20","GMP#23272","Arthropoda","Insecta","Hymenoptera","Braconidae","Microgastrinae","Rhygoplitis","Rhygoplitis Whitfield01","BOLD:AAC0735","Malaise trap PL12-5F",10.763,-85.334,"2019-02-21","1",651,"PLPCO"
"BIOUG61902-F02","PLPCP418-20","GMP#23273","Arthropoda","Insecta","Hymenoptera","Braconidae","Microgastrinae","Alphomelon","Alphomelon arecaphile","BOLD:AAB1086","Malaise trap PL12-5F",10.763,-85.334,"2019-02-28","1",654,"PLPCP"
"BIOUG61932-F05","PLPCU604-20","GMP#23278","Arthropoda","Insecta","Hymenoptera","Braconidae","Microgastrinae","Apanteles","Apanteles Rodriguez153","BOLD:AAM5746","Malaise trap PL12-5F",10.763,-85.334,"2019-04-04","1",640,"PLPCU"
"BIOUG61932-G09","PLPCU620-20","GMP#23278","Arthropoda","Insecta","Hymenoptera","Braconidae","Microgastrinae","Apanteles","Apanteles oscarchavezi","BOLD:AAN7915","Malaise trap PL12-5F",10.763,-85.334,"2019-04-04","1",654,"PLPCU"
"BIOUG61940-C02","PLPCV677-20","GMP#23279","Arthropoda","Insecta","Hymenoptera","Braconidae","Microgastrinae","Parapanteles","Parapanteles Whitfield300","BOLD:AAK1628","Malaise trap PL12-5F",10.763,-85.334,"2019-04-11","1",656,"PLPCV"
"BIOUG61948-C06","PLPCW725-20","GMP#23280","Arthropoda","Insecta","Hymenoptera","Braconidae","Microgastrinae","Pseudapanteles","Pseudapanteles alvaroumanai","BOLD:AAE0922","Malaise trap PL12-5F",10.763,-85.334,"2019-04-18","1",655,"PLPCW"
"BIOUG61948-H03","PLPCW782-20","GMP#23280","Arthropoda","Insecta","Hymenoptera","Braconidae","Microgastrinae","Glyptapanteles","Glyptapanteles Whitfield189","BOLD:AAI7285","Malaise trap PL12-5F",10.763,-85.334,"2019-04-18","1",655,"PLPCW"
"BIOUG61956-G09","PLPCX564-20","GMP#23281","Arthropoda","Insecta","Hymenoptera","Braconidae","Microgastrinae","Apanteles","Apanteles Malaise7726","BOLD:ADB7726","Malaise trap PL12-5F",10.763,-85.334,"2019-04-25","1",651,"PLPCX"
"BIOUG61965-D06","PLPCY647-20","GMP#23282","Arthropoda","Insecta","Hymenoptera","Braconidae","Microgastrinae","Pseudapanteles","Pseudapanteles alvaroumanai","BOLD:AAE0922","Malaise trap PL12-5F",10.763,-85.334,"2019-05-02","1",654,"PLPCY"
"BIOUG61973-B09","PLPCZ725-20","GMP#23283","Arthropoda","Insecta","Hymenoptera","Braconidae","Microgastrinae","Pseudapanteles","Pseudapanteles alvaroumanai","BOLD:AAE0922","Malaise trap PL12-5F",10.763,-85.334,"2019-05-09","1",653,"PLPCZ"
"BIOUG61985-G10","PLPDA1015-20","GMP#23284","Arthropoda","Insecta","Hymenoptera","Braconidae","Microgastrinae","Pseudapanteles","Pseudapanteles alvaroumanai","BOLD:AAE0922","Malaise trap PL12-5F",10.763,-85.334,"2019-05-16","1",656,"PLPDA"
"BIOUG62366-D04","PLPDB1402-20","GMP#23285","Arthropoda","Insecta","Hymenoptera","Braconidae","Microgastrinae","Glyptapanteles","Glyptapanteles Whitfield91","BOLD:ACL4468","Malaise trap PL12-5F",10.763,-85.334,"2019-05-23","1",599,"PLPDB"
"BIOUG62367-A01","PLPDB1458-20","GMP#23285","Arthropoda","Insecta","Hymenoptera","Braconidae","Microgastrinae","Glyptapanteles","Glyptapanteles Whitfield91","BOLD:ACL4468","Malaise trap PL12-5F",10.763,-85.334,"2019-05-23","1",655,"PLPDB"
"BIOUG62409-H10","PLPDD1648-20","GMP#23287","Arthropoda","Insecta","Hymenoptera","Braconidae","Microgastrinae","Pseudapanteles","Pseudapanteles raulsolorzanoi","BOLD:AAA6667","Malaise trap PL12-5F",10.763,-85.334,"2019-06-06","1",654,"PLPDD"
"BIOUG62410-H07","PLPDD1740-20","GMP#23287","Arthropoda","Insecta","Hymenoptera","Braconidae","Microgastrinae","Glyptapanteles","Glyptapanteles pamitchellae","BOLD:AAA3934","Malaise trap PL12-5F",10.763,-85.334,"2019-06-06","1",655,"PLPDD"
"BIOUG62430-B05","PLPDE1617-20","GMP#23288","Arthropoda","Insecta","Hymenoptera","Braconidae","Microgastrinae","Pseudapanteles","Pseudapanteles raulsolorzanoi","BOLD:AAA6667","Malaise trap PL12-5F",10.763,-85.334,"2019-06-13","1",640,"PLPDE"
"BIOUG62430-C11","PLPDE1635-20","GMP#23288","Arthropoda","Insecta","Hymenoptera","Braconidae","Microgastrinae","Pseudapanteles","Pseudapanteles alvaroumanai","BOLD:AAE0922","Malaise trap PL12-5F",10.763,-85.334,"2019-06-13","1",654,"PLPDE"
"BIOUG62430-E03","PLPDE1651-20","GMP#23288","Arthropoda","Insecta","Hymenoptera","Braconidae","Microgastrinae","Pseudapanteles","Pseudapanteles raulsolorzanoi","BOLD:AAA6667","Malaise trap PL12-5F",10.763,-85.334,"2019-06-13","1",656,"PLPDE"
"BIOUG62444-C01","PLPDF1292-20","GMP#23289","Arthropoda","Insecta","Hymenoptera","Braconidae","Microgastrinae","Pseudapanteles","Pseudapanteles alvaroumanai","BOLD:AAE0922","Malaise trap PL12-5F",10.763,-85.334,"2019-06-20","1",656,"PLPDF"
"BIOUG62455-E06","PLPDG1227-20","GMP#23290","Arthropoda","Insecta","Hymenoptera","Braconidae","Microgastrinae","Apanteles","Apanteles Malaise9488","BOLD:AEC9488","Malaise trap PL12-5F",10.763,-85.334,"2019-06-27","1",654,"PLPDG"
"BIOUG63083-D12","PLPDH1192-20","GMP#23291","Arthropoda","Insecta","Hymenoptera","Braconidae","Microgastrinae","Apanteles","Apanteles Malaise9488","BOLD:AEC9488","Malaise trap PL12-5F",10.763,-85.334,"2019-07-04","1",651,"PLPDH"
"BIOUG63084-A09","PLPDH1248-20","GMP#23291","Arthropoda","Insecta","Hymenoptera","Braconidae","Microgastrinae","Apanteles","Apanteles Malaise7955","BOLD:ADB7955","Malaise trap PL12-5F",10.763,-85.334,"2019-07-04","1",654,"PLPDH"
"BIOUG62626-C12","PLPDL207-20","GMP#23295","Arthropoda","Insecta","Hymenoptera","Braconidae","Microgastrinae","Apanteles","Apanteles Malaise1601","BOLD:ADH1601","Malaise trap PL12-5F",10.763,-85.334,"2019-08-01","1",655,"PLPDL"
"BIOUG62637-D01","PLPDM854-20","GMP#23296","Arthropoda","Insecta","Hymenoptera","Braconidae","Microgastrinae","Glyptapanteles","Glyptapanteles daveschindeli","BOLD:AAF8182","Malaise trap PL12-5F",10.763,-85.334,"2019-08-08","1",653,"PLPDM"
"BIOUG61494-C01","PLPDN717-20","GMP#23297","Arthropoda","Insecta","Hymenoptera","Braconidae","Microgastrinae","Pseudapanteles","Pseudapanteles alvaroumanai","BOLD:AAE0922","Malaise trap PL12-5F",10.763,-85.334,"2019-08-15","1",653,"PLPDN"
"BIOUG61494-C04","PLPDN720-20","GMP#23297","Arthropoda","Insecta","Hymenoptera","Braconidae","Microgastrinae","Pseudapanteles","Pseudapanteles alvaroumanai","BOLD:AAE0922","Malaise trap PL12-5F",10.763,-85.334,"2019-08-15","1",654,"PLPDN"
"BIOUG61495-B02","PLPDN801-20","GMP#23297","Arthropoda","Insecta","Hymenoptera","Braconidae","Microgastrinae","Pseudapanteles","Pseudapanteles raulsolorzanoi","BOLD:AAA6667","Malaise trap PL12-5F",10.763,-85.334,"2019-08-15","1",654,"PLPDN"
"BIOUG62064-H08","PLPDY114-20","GMP#23308","Arthropoda","Insecta","Hymenoptera","Braconidae","Microgastrinae","Apanteles","Apanteles bernyapui","BOLD:AAB7636","Malaise trap PL12-5F",10.763,-85.334,"2019-10-31","1",657,"PLPDY"
"BIOUG59961-F09","PLPDZ214-20","GMP#23309","Arthropoda","Insecta","Hymenoptera","Braconidae","Microgastrinae","Apanteles","Apanteles bernyapui","BOLD:AAB7636","Malaise trap PL12-5F",10.763,-85.334,"2019-11-07","1",654,"PLPDZ"
"BIOUG53167-H07","PLQAC246-20","GMP#20626","Arthropoda","Insecta","Hymenoptera","Braconidae","Microgastrinae","Glyptapanteles","Glyptapanteles Whitfield90","BOLD:AAY1040","Malaise trap PL12-9C",10.76,-85.334,"2015-12-03","1",652,"PLQAC"
"BIOUG53861-B12","PLQAD497-20","GMP#20627","Arthropoda","Insecta","Hymenoptera","Braconidae","Microgastrinae","Apanteles","Apanteles Malaise9656","BOLD:ADA9656","Malaise trap PL12-9C",10.76,-85.334,"2015-12-10","1",653,"PLQAD"
"BIOUG53861-D02","PLQAD511-20","GMP#20627","Arthropoda","Insecta","Hymenoptera","Braconidae","Microgastrinae","Apanteles","Apanteles bernyapui","BOLD:AAB7636","Malaise trap PL12-9C",10.76,-85.334,"2015-12-10","1",654,"PLQAD"
"BIOUG53160-A12","PLQAH290-20","GMP#20631","Arthropoda","Insecta","Hymenoptera","Braconidae","Microgastrinae","Apanteles","Apanteles Malaise9656","BOLD:ADA9656","Malaise trap PL12-9C",10.76,-85.334,"2016-01-07","1",640,"PLQAH"
"BIOUG53160-B02","PLQAH292-20","GMP#20631","Arthropoda","Insecta","Hymenoptera","Braconidae","Microgastrinae","Apanteles","Apanteles Malaise9656","BOLD:ADA9656","Malaise trap PL12-9C",10.76,-85.334,"2016-01-07","1",656,"PLQAH"
"BIOUG53830-F05","PLQAI232-20","GMP#20632","Arthropoda","Insecta","Hymenoptera","Braconidae","Microgastrinae","Hypomicrogaster","Hypomicrogaster Janzen160","BOLD:AAM5150","Malaise trap PL12-9C",10.76,-85.334,"2016-01-14","1",657,"PLQAI"
"BIOUG53830-H03","PLQAI254-20","GMP#20632","Arthropoda","Insecta","Hymenoptera","Braconidae","Microgastrinae","Glyptapanteles","Glyptapanteles Malaise7775","BOLD:AED7775","Malaise trap PL12-9C",10.76,-85.334,"2016-01-14","1",659,"PLQAI"
"BIOUG53625-A01","PLQAJ147-20","GMP#20633","Arthropoda","Insecta","Hymenoptera","Braconidae","Microgastrinae","Apanteles","Apanteles Malaise9656","BOLD:ADA9656","Malaise trap PL12-9C",10.76,-85.334,"2016-01-21","1",653,"PLQAJ"
"BIOUG53843-A12","PLQAM168-20","GMP#20636","Arthropoda","Insecta","Hymenoptera","Braconidae","Microgastrinae","Pseudapanteles","Pseudapanteles raulsolorzanoi","BOLD:AAA6667","Malaise trap PL12-9C",10.76,-85.334,"2016-02-11","1",464,"PLQAM"
"BIOUG53848-A01","PLQAQ223-20","GMP#20640","Arthropoda","Insecta","Hymenoptera","Braconidae","Microgastrinae","Apanteles","Apanteles Malaise9656","BOLD:ADA9656","Malaise trap PL12-9C",10.76,-85.334,"2016-03-10","1",651,"PLQAQ"
"BIOUG53851-A11","PLQAR236-20","GMP#20641","Arthropoda","Insecta","Hymenoptera","Braconidae","Microgastrinae","Pseudapanteles","Pseudapanteles alvaroumanai","BOLD:AAE0922","Malaise trap PL12-9C",10.76,-85.334,"2016-03-17","1",640,"PLQAR"
"BIOUG53874-C07","PLQAY284-20","GMP#20648","Arthropoda","Insecta","Hymenoptera","Braconidae","Microgastrinae","Pseudapanteles","Pseudapanteles alvaroumanai","BOLD:AAE0922","Malaise trap PL12-9C",10.76,-85.334,"2016-05-05","1",652,"PLQAY"
"BIOUG53787-E12","PLQBA232-20","GMP#20650","Arthropoda","Insecta","Hymenoptera","Braconidae","Microgastrinae","Hypomicrogaster","Hypomicrogaster samarshalli","BOLD:AAF7670","Malaise trap PL12-9C",10.76,-85.334,"2016-05-19","1",653,"PLQBA"
"BIOUG53877-F02","PLQBB363-20","GMP#20651","Arthropoda","Insecta","Hymenoptera","Braconidae","Microgastrinae","Pseudapanteles","Pseudapanteles alvaroumanai","BOLD:AAE0922","Malaise trap PL12-9C",10.76,-85.334,"2016-05-26","1",653,"PLQBB"
"BIOUG53143-E04","PLQBC294-20","GMP#20652","Arthropoda","Insecta","Hymenoptera","Braconidae","Microgastrinae","Apanteles","Apanteles eduardoramirezi","BOLD:AAA4554","Malaise trap PL12-9C",10.76,-85.334,"2016-06-02","1",653,"PLQBC"
"BIOUG53143-E09","PLQBC299-20","GMP#20652","Arthropoda","Insecta","Hymenoptera","Braconidae","Microgastrinae","Pseudapanteles","Pseudapanteles raulsolorzanoi","BOLD:AAA6667","Malaise trap PL12-9C",10.76,-85.334,"2016-06-02","1",653,"PLQBC"
"BIOUG53962-A01","PLQBE1061-20","GMP#20654","Arthropoda","Insecta","Hymenoptera","Braconidae","Microgastrinae","Pseudapanteles","Pseudapanteles raulsolorzanoi","BOLD:AAA6667","Malaise trap PL12-9C",10.76,-85.334,"2016-06-16","1",655,"PLQBE"
"BIOUG53962-A03","PLQBE1063-20","GMP#20654","Arthropoda","Insecta","Hymenoptera","Braconidae","Microgastrinae","Apanteles","Apanteles oscarchavezi","BOLD:AAN7915","Malaise trap PL12-9C",10.76,-85.334,"2016-06-16","1",655,"PLQBE"
"BIOUG53962-C05","PLQBE1089-20","GMP#20654","Arthropoda","Insecta","Hymenoptera","Braconidae","Microgastrinae","Pseudapanteles","Pseudapanteles alvaroumanai","BOLD:AAE0922","Malaise trap PL12-9C",10.76,-85.334,"2016-06-16","1",656,"PLQBE"
"BIOUG53962-D04","PLQBE1100-20","GMP#20654","Arthropoda","Insecta","Hymenoptera","Braconidae","Microgastrinae","Pseudapanteles","Pseudapanteles alvaroumanai","BOLD:AAE0922","Malaise trap PL12-9C",10.76,-85.334,"2016-06-16","1",653,"PLQBE"
"BIOUG53929-A11","PLQBF1389-20","GMP#20655","Arthropoda","Insecta","Hymenoptera","Braconidae","Microgastrinae","Glyptapanteles","Glyptapanteles daveroubiki","BOLD:AAY0743","Malaise trap PL12-9C",10.76,-85.334,"2016-06-23","1",641,"PLQBF"
"BIOUG53929-C02","PLQBF1404-20","GMP#20655","Arthropoda","Insecta","Hymenoptera","Braconidae","Microgastrinae","Pseudapanteles","Pseudapanteles alvaroumanai","BOLD:AAE0922","Malaise trap PL12-9C",10.76,-85.334,"2016-06-23","1",650,"PLQBF"
"BIOUG53868-C08","PLQBH087-20","GMP#20657","Arthropoda","Insecta","Hymenoptera","Braconidae","Microgastrinae","Pseudapanteles","Pseudapanteles alvaroumanai","BOLD:AAE0922","Malaise trap PL12-9C",10.76,-85.334,"2016-07-07","1",655,"PLQBH"
"BIOUG53868-D08","PLQBH099-20","GMP#20657","Arthropoda","Insecta","Hymenoptera","Braconidae","Microgastrinae","Pseudapanteles","Pseudapanteles alvaroumanai","BOLD:AAE0922","Malaise trap PL12-9C",10.76,-85.334,"2016-07-07","1",656,"PLQBH"
"BIOUG53968-A08","PLQBI449-20","GMP#20658","Arthropoda","Insecta","Hymenoptera","Braconidae","Microgastrinae","Pseudapanteles","Pseudapanteles alvaroumanai","BOLD:AAE0922","Malaise trap PL12-9C",10.76,-85.334,"2016-07-14","1",653,"PLQBI"
"BIOUG53968-B03","PLQBI456-20","GMP#20658","Arthropoda","Insecta","Hymenoptera","Braconidae","Microgastrinae","Apanteles","Apanteles Malaise2941","BOLD:ADB2941","Malaise trap PL12-9C",10.76,-85.334,"2016-07-14","1",654,"PLQBI"
"BIOUG54001-E08","PLQBI782-20","GMP#20658","Arthropoda","Insecta","Hymenoptera","Braconidae","Microgastrinae","Pseudapanteles","Pseudapanteles alvaroumanai","BOLD:AAE0922","Malaise trap PL12-9C",10.76,-85.334,"2016-07-14","1",657,"PLQBI"
"BIOUG53987-F12","PLQBJ708-20","GMP#20659","Arthropoda","Insecta","Hymenoptera","Braconidae","Microgastrinae","Pseudapanteles","Pseudapanteles alvaroumanai","BOLD:AAE0922","Malaise trap PL12-9C",10.76,-85.334,"2016-07-21","1",653,"PLQBJ"
"BIOUG53988-F09","PLQBJ800-20","GMP#20659","Arthropoda","Insecta","Hymenoptera","Braconidae","Microgastrinae","Glyptapanteles","Glyptapanteles daveschindeli","BOLD:AAF8182","Malaise trap PL12-9C",10.76,-85.334,"2016-07-21","1",654,"PLQBJ"
"BIOUG53993-B06","PLQBM275-20","GMP#20662","Arthropoda","Insecta","Hymenoptera","Braconidae","Microgastrinae","Promicrogaster","Promicrogaster Malaise6422","BOLD:AED6422","Malaise trap PL12-9C",10.76,-85.334,"2016-08-11","1",640,"PLQBM"
"BIOUG53993-E11","PLQBM316-20","GMP#20662","Arthropoda","Insecta","Hymenoptera","Braconidae","Microgastrinae","Pseudapanteles","Pseudapanteles alvaroumanai","BOLD:AAE0922","Malaise trap PL12-9C",10.76,-85.334,"2016-08-11","1",640,"PLQBM"
"BIOUG54129-G03","PLQBN501-20","GMP#20663","Arthropoda","Insecta","Hymenoptera","Braconidae","Microgastrinae","Glyptapanteles","Glyptapanteles sondrawardae","BOLD:AAA3077","Malaise trap PL12-9C",10.76,-85.334,"2016-08-18","1",640,"PLQBN"
"BIOUG53984-E08","PLQBS543-20","GMP#20668","Arthropoda","Insecta","Hymenoptera","Braconidae","Microgastrinae","Xanthomicrogaster","Xanthomicrogaster Malaise4370","BOLD:AED4370","Malaise trap PL12-9C",10.76,-85.334,"2016-09-22","1",652,"PLQBS"
"BIOUG53984-G03","PLQBS562-20","GMP#20668","Arthropoda","Insecta","Hymenoptera","Braconidae","Microgastrinae","Dolichogenidea","Dolichogenidea Malaise4932","BOLD:AEH4932","Malaise trap PL12-9C",10.76,-85.334,"2016-09-22","1",650,"PLQBS"
"BIOUG53984-H03","PLQBS574-20","GMP#20668","Arthropoda","Insecta","Hymenoptera","Braconidae","Microgastrinae","Hypomicrogaster","Hypomicrogaster OVRGDHJ03","BOLD:ACF0511","Malaise trap PL12-9C",10.76,-85.334,"2016-09-22","1",653,"PLQBS"
"BIOUG54076-G02","PLQBU1043-20","GMP#20670","Arthropoda","Insecta","Hymenoptera","Braconidae","Microgastrinae","Glyptapanteles","Glyptapanteles Malaise2871","BOLD:AED2871","Malaise trap PL12-9C",10.76,-85.334,"2016-10-06","1",641,"PLQBU"
"BIOUG54057-E07","PLQBY383-20","GMP#20674","Arthropoda","Insecta","Hymenoptera","Braconidae","Microgastrinae","Dolichogenidea","Dolichogenidea Rodriguez144","BOLD:AAD2236","Malaise trap PL12-9C",10.76,-85.334,"2016-11-03","1",651,"PLQBY"
"BIOUG60777-E11","PLQCG054-20","GMP#23160","Arthropoda","Insecta","Hymenoptera","Braconidae","Microgastrinae","Apanteles","Apanteles Malaise9656","BOLD:ADA9656","Malaise trap PL12-6F",10.764,-85.333,"2018-12-27","1",655,"PLQCG"
"BIOUG60780-B02","PLQCJ066-20","GMP#23163","Arthropoda","Insecta","Hymenoptera","Braconidae","Microgastrinae","Clarkinella","Clarkinella Fernandez126","BOLD:ADB3088","Malaise trap PL12-6F",10.764,-85.333,"2019-01-17","1",654,"PLQCJ"
"BIOUG60781-D03","PLQCK049-20","GMP#23164","Arthropoda","Insecta","Hymenoptera","Braconidae","Microgastrinae","Snellenius","Snellenius Malaise7986","BOLD:AEF7986","Malaise trap PL12-6F",10.764,-85.333,"2019-01-24","1",655,"PLQCK"
"BIOUG60781-D05","PLQCK051-20","GMP#23164","Arthropoda","Insecta","Hymenoptera","Braconidae","Microgastrinae","Dolichogenidea","Dolichogenidea Janzen5847","BOLD:AAM5847","Malaise trap PL12-6F",10.764,-85.333,"2019-01-24","1",653,"PLQCK"
"BIOUG60782-C07","PLQCL062-20","GMP#23165","Arthropoda","Insecta","Hymenoptera","Braconidae","Microgastrinae","Snellenius","Snellenius Malaise7986","BOLD:AEF7986","Malaise trap PL12-6F",10.764,-85.333,"2019-01-31","1",655,"PLQCL"
"BIOUG60783-A05","PLQCM038-20","GMP#23166","Arthropoda","Insecta","Hymenoptera","Braconidae","Microgastrinae","Hypomicrogaster","Hypomicrogaster Malaise1465","BOLD:AED1465","Malaise trap PL12-6F",10.764,-85.333,"2019-02-07","1",654,"PLQCM"
"BIOUG61265-B11","PLQCT173-20","GMP#23173","Arthropoda","Insecta","Hymenoptera","Braconidae","Microgastrinae","Dolichogenidea","Dolichogenidea Janzen5847","BOLD:AAM5847","Malaise trap PL12-6F",10.764,-85.333,"2019-03-28","1",652,"PLQCT"
"BIOUG61300-A03","PLQDC228-20","GMP#23182","Arthropoda","Insecta","Hymenoptera","Braconidae","Microgastrinae","Glyptapanteles","Glyptapanteles pamitchellae","BOLD:AAA3934","Malaise trap PL12-6F",10.764,-85.333,"2019-05-30","1",653,"PLQDC"
"BIOUG61300-B04","PLQDC241-20","GMP#23182","Arthropoda","Insecta","Hymenoptera","Braconidae","Microgastrinae","Glyptapanteles","Glyptapanteles Whitfield75","BOLD:AAE7080","Malaise trap PL12-6F",10.764,-85.333,"2019-05-30","1",654,"PLQDC"
"BIOUG61300-C01","PLQDC250-20","GMP#23182","Arthropoda","Insecta","Hymenoptera","Braconidae","Microgastrinae","Glyptapanteles","Glyptapanteles pamitchellae","BOLD:AAA3934","Malaise trap PL12-6F",10.764,-85.333,"2019-05-30","1",654,"PLQDC"
"BIOUG61054-A04","PLQDD450-20","GMP#23183","Arthropoda","Insecta","Hymenoptera","Braconidae","Microgastrinae","Glyptapanteles","Glyptapanteles pamitchellae","BOLD:AAA3934","Malaise trap PL12-6F",10.764,-85.333,"2019-06-06","1",655,"PLQDD"
"BIOUG61054-C01","PLQDD471-20","GMP#23183","Arthropoda","Insecta","Hymenoptera","Braconidae","Microgastrinae","Glyptapanteles","Glyptapanteles pamitchellae","BOLD:AAA3934","Malaise trap PL12-6F",10.764,-85.333,"2019-06-06","1",655,"PLQDD"
"BIOUG61404-E07","PLQDK699-20","GMP#23190","Arthropoda","Insecta","Hymenoptera","Braconidae","Microgastrinae","Pseudapanteles","Pseudapanteles Malaise3040","BOLD:ADB3040","Malaise trap PL12-6F",10.764,-85.333,"2019-07-25","1",654,"PLQDK"
"BIOUG54116-H10","PLRAD102-20","GMP#20251","Arthropoda","Insecta","Hymenoptera","Braconidae","Microgastrinae","Glyptapanteles","Glyptapanteles Whitfield123","BOLD:AAT8855","Malaise trap PL12-2C",10.763,-85.335,"2015-12-10","1",655,"PLRAD"
"BIOUG54118-H07","PLRAG204-20","GMP#20254","Arthropoda","Insecta","Hymenoptera","Braconidae","Microgastrinae","Apanteles","Apanteles oscarchavezi","BOLD:AAN7915","Malaise trap PL12-2C",10.763,-85.335,"2015-12-31","1",652,"PLRAG"
"BIOUG54118-H09","PLRAG206-20","GMP#20254","Arthropoda","Insecta","Hymenoptera","Braconidae","Microgastrinae","Apanteles","Apanteles oscarchavezi","BOLD:AAN7915","Malaise trap PL12-2C",10.763,-85.335,"2015-12-31","1",652,"PLRAG"
"BIOUG54060-E06","PLRAP091-20","GMP#20263","Arthropoda","Insecta","Hymenoptera","Braconidae","Microgastrinae","Dolichogenidea","Dolichogenidea Janzen5847","BOLD:AAM5847","Malaise trap PL12-2C",10.763,-85.335,"2016-03-03","1",656,"PLRAP"
"BIOUG53998-A07","PLRBC029-20","GMP#20276","Arthropoda","Insecta","Hymenoptera","Braconidae","Microgastrinae","Hypomicrogaster","Hypomicrogaster Whitfield02","BOLD:ACF2960","Malaise trap PL12-2C",10.763,-85.335,"2016-06-02","1",656,"PLRBC"
"BIOUG54195-E06","PLRBY044-20","GMP#20298","Arthropoda","Insecta","Hymenoptera","Braconidae","Microgastrinae","Parapanteles","Parapanteles tlineaDHJ01","BOLD:AED2446","Malaise trap PL12-2C",10.763,-85.335,"2016-11-03","1",653,"PLRBY"
"BIOUG61149-D06","PLRCC080-20","GMP#23208","Arthropoda","Insecta","Hymenoptera","Braconidae","Microgastrinae","Apanteles","Apanteles Malaise2941","BOLD:ADB2941","Malaise trap PL12-7F",10.761,-85.335,"2018-11-29","1",653,"PLRCC"
"BIOUG60571-E09","PLRCH228-20","GMP#23213","Arthropoda","Insecta","Hymenoptera","Braconidae","Microgastrinae","Dolichogenidea","Dolichogenidea Janzen5847","BOLD:AAM5847","Malaise trap PL12-7F",10.761,-85.335,"2019-01-03","1",651,"PLRCH"
"BIOUG60571-F07","PLRCH238-20","GMP#23213","Arthropoda","Insecta","Hymenoptera","Braconidae","Microgastrinae","Parapanteles","Parapanteles Whitfield301","BOLD:AAJ1367","Malaise trap PL12-7F",10.761,-85.335,"2019-01-03","1",655,"PLRCH"
"BIOUG60573-C07","PLRCI121-20","GMP#23214","Arthropoda","Insecta","Hymenoptera","Braconidae","Microgastrinae","Glyptapanteles","Glyptapanteles Whitfield91","BOLD:ACL4468","Malaise trap PL12-7F",10.761,-85.335,"2019-01-10","1",652,"PLRCI"
"BIOUG60574-H03","PLRCJ152-20","GMP#23215","Arthropoda","Insecta","Hymenoptera","Braconidae","Microgastrinae","Dolichogenidea","Dolichogenidea Janzen5847","BOLD:AAM5847","Malaise trap PL12-7F",10.761,-85.335,"2019-01-17","1",655,"PLRCJ"
"BIOUG60579-G05","PLRCL181-20","GMP#23217","Arthropoda","Insecta","Hymenoptera","Braconidae","Microgastrinae","Pseudapanteles","Pseudapanteles alvaroumanai","BOLD:AAE0922","Malaise trap PL12-7F",10.761,-85.335,"2019-01-31","1",654,"PLRCL"
"BIOUG61635-E09","PLRCS019-20","GMP#23224","Arthropoda","Insecta","Hymenoptera","Braconidae","Microgastrinae","Glyptapanteles","Glyptapanteles pamitchellae","BOLD:AAA3934","Malaise trap PL12-7F",10.761,-85.335,"2019-03-21","1",651,"PLRCS"
"BIOUG61642-A09","PLRCV202-20","GMP#23227","Arthropoda","Insecta","Hymenoptera","Braconidae","Microgastrinae","Glyptapanteles","Glyptapanteles Whitfield91","BOLD:ACL4468","Malaise trap PL12-7F",10.761,-85.335,"2019-04-11","1",654,"PLRCV"
"BIOUG61642-G02","PLRCW080-20","GMP#23228","Arthropoda","Insecta","Hymenoptera","Braconidae","Microgastrinae","Glyptapanteles","Glyptapanteles Whitfield91","BOLD:ACL4468","Malaise trap PL12-7F",10.761,-85.335,"2019-04-18","1",652,"PLRCW"
"BIOUG61646-G06","PLRCX075-20","GMP#23229","Arthropoda","Insecta","Hymenoptera","Braconidae","Microgastrinae","Glyptapanteles","Glyptapanteles Whitfield91","BOLD:ACL4468","Malaise trap PL12-7F",10.761,-85.335,"2019-04-25","1",652,"PLRCX"
"BIOUG61186-C09","PLRCY359-20","GMP#23230","Arthropoda","Insecta","Hymenoptera","Braconidae","Microgastrinae","Glyptapanteles","Glyptapanteles Whitfield91","BOLD:ACL4468","Malaise trap PL12-7F",10.761,-85.335,"2019-05-02","1",655,"PLRCY"
"BIOUG61186-E06","PLRCY380-20","GMP#23230","Arthropoda","Insecta","Hymenoptera","Braconidae","Microgastrinae","Glyptapanteles","Glyptapanteles Whitfield91","BOLD:ACL4468","Malaise trap PL12-7F",10.761,-85.335,"2019-05-02","1",654,"PLRCY"
"BIOUG61189-H05","PLRCZ316-20","GMP#23231","Arthropoda","Insecta","Hymenoptera","Braconidae","Microgastrinae","Glyptapanteles","Glyptapanteles Whitfield91","BOLD:ACL4468","Malaise trap PL12-7F",10.761,-85.335,"2019-05-09","1",651,"PLRCZ"
"BIOUG61189-H06","PLRCZ317-20","GMP#23231","Arthropoda","Insecta","Hymenoptera","Braconidae","Microgastrinae","Glyptapanteles","Glyptapanteles Whitfield91","BOLD:ACL4468","Malaise trap PL12-7F",10.761,-85.335,"2019-05-09","1",654,"PLRCZ"
"BIOUG61191-E12","PLRDA167-20","GMP#23232","Arthropoda","Insecta","Hymenoptera","Braconidae","Microgastrinae","Rhygoplitis","Rhygoplitis Whitfield01","BOLD:AAC0735","Malaise trap PL12-7F",10.761,-85.335,"2019-05-16","1",652,"PLRDA"
"BIOUG61195-A06","PLRDB260-20","GMP#23233","Arthropoda","Insecta","Hymenoptera","Braconidae","Microgastrinae","Pseudapanteles","Pseudapanteles raulsolorzanoi","BOLD:AAA6667","Malaise trap PL12-7F",10.761,-85.335,"2019-05-23","1",657,"PLRDB"
"BIOUG61195-H01","PLRDB339-20","GMP#23233","Arthropoda","Insecta","Hymenoptera","Braconidae","Microgastrinae","Glyptapanteles","Glyptapanteles Whitfield91","BOLD:ACL4468","Malaise trap PL12-7F",10.761,-85.335,"2019-05-23","1",651,"PLRDB"
"BIOUG61195-H04","PLRDC009-20","GMP#23234","Arthropoda","Insecta","Hymenoptera","Braconidae","Microgastrinae","Glyptapanteles","Glyptapanteles Whitfield91","BOLD:ACL4468","Malaise trap PL12-7F",10.761,-85.335,"2019-05-30","1",652,"PLRDC"
"BIOUG61195-H08","PLRDC013-20","GMP#23234","Arthropoda","Insecta","Hymenoptera","Braconidae","Microgastrinae","Glyptapanteles","Glyptapanteles pamitchellae","BOLD:AAA3934","Malaise trap PL12-7F",10.761,-85.335,"2019-05-30","1",654,"PLRDC"
"BIOUG59373-F06","PLRDH084-20","GMP#23239","Arthropoda","Insecta","Hymenoptera","Braconidae","Microgastrinae","Pseudapanteles","Pseudapanteles alvaroumanai","BOLD:AAE0922","Malaise trap PL12-7F",10.761,-85.335,"2019-07-04","1",659,"PLRDH"
"BIOUG59379-D06","PLRDI393-20","GMP#23240","Arthropoda","Insecta","Hymenoptera","Braconidae","Microgastrinae","Apanteles","Apanteles Malaise7955","BOLD:ADB7955","Malaise trap PL12-7F",10.761,-85.335,"2019-07-11","1",655,"PLRDI"
"BIOUG54274-F10","PLSAA841-20","GMP#06493","Arthropoda","Insecta","Hymenoptera","Braconidae","Microgastrinae","Glyptapanteles","Glyptapanteles Malaise8087","BOLD:AAN8087","Malaise trap PL12-5C",10.763,-85.334,"2015-11-19","1",443,"PLSAA"
"BIOUG54264-B11","PLSAB583-20","GMP#06494","Arthropoda","Insecta","Hymenoptera","Braconidae","Microgastrinae","Apanteles","Apanteles oscarchavezi","BOLD:AAN7915","Malaise trap PL12-5C",10.763,-85.334,"2015-11-26","1",655,"PLSAB"
"BIOUG54264-B12","PLSAB584-20","GMP#06494","Arthropoda","Insecta","Hymenoptera","Braconidae","Microgastrinae","Apanteles","Apanteles bernyapui","BOLD:AAB7636","Malaise trap PL12-5C",10.763,-85.334,"2015-11-26","1",656,"PLSAB"
"BIOUG54199-E04","PLSAC390-20","GMP#06495","Arthropoda","Insecta","Hymenoptera","Braconidae","Microgastrinae","Dolichogenidea","Dolichogenidea Janzen5847","BOLD:AAM5847","Malaise trap PL12-5C",10.763,-85.334,"2015-12-03","1",653,"PLSAC"
"BIOUG54199-F09","PLSAC407-20","GMP#06495","Arthropoda","Insecta","Hymenoptera","Braconidae","Microgastrinae","Glyptapanteles","Glyptapanteles Malaise6541","BOLD:ABX6541","Malaise trap PL12-5C",10.763,-85.334,"2015-12-03","1",656,"PLSAC"
"BIOUG54217-A01","PLSAC531-20","GMP#06495","Arthropoda","Insecta","Hymenoptera","Braconidae","Microgastrinae","Apanteles","Apanteles bernyapui","BOLD:AAB7636","Malaise trap PL12-5C",10.763,-85.334,"2015-12-03","1",657,"PLSAC"
"BIOUG54217-D05","PLSAC571-20","GMP#06495","Arthropoda","Insecta","Hymenoptera","Braconidae","Microgastrinae","Dolichogenidea","Dolichogenidea Malaise3373","BOLD:ACG3373","Malaise trap PL12-5C",10.763,-85.334,"2015-12-03","1",657,"PLSAC"
"BIOUG54268-H07","PLSAD424-20","GMP#06496","Arthropoda","Insecta","Hymenoptera","Braconidae","Microgastrinae","Apanteles","Apanteles bernyapui","BOLD:AAB7636","Malaise trap PL12-5C",10.763,-85.334,"2015-12-10","1",653,"PLSAD"
"BIOUG54303-B01","PLSAF307-20","GMP#06497","Arthropoda","Insecta","Hymenoptera","Braconidae","Microgastrinae","Apanteles","Apanteles lisabearssae","BOLD:AAC2117","Malaise trap PL12-5C",10.763,-85.334,"2015-12-24","1",655,"PLSAF"
"BIOUG54303-B05","PLSAF311-20","GMP#06497","Arthropoda","Insecta","Hymenoptera","Braconidae","Microgastrinae","Parapanteles","Parapanteles Whitfield301","BOLD:AAJ1367","Malaise trap PL12-5C",10.763,-85.334,"2015-12-24","1",653,"PLSAF"
"BIOUG54227-C01","PLSAH216-20","GMP#21402","Arthropoda","Insecta","Hymenoptera","Braconidae","Microgastrinae","Diolcogaster","Diolcogaster Choi84","BOLD:AAB0594","Malaise trap PL12-5C",10.763,-85.334,"2016-01-07","1",653,"PLSAH"
"BIOUG54543-B09","PLSAP319-20","GMP#21410","Arthropoda","Insecta","Hymenoptera","Braconidae","Microgastrinae","Dolichogenidea","Dolichogenidea Janzen5847","BOLD:AAM5847","Malaise trap PL12-5C",10.763,-85.334,"2016-03-03","1",654,"PLSAP"
"BIOUG54760-B10","PLSAY602-20","GMP#21419","Arthropoda","Insecta","Hymenoptera","Braconidae","Microgastrinae","Apanteles","Apanteles eduardoramirezi","BOLD:AAA4554","Malaise trap PL12-5C",10.763,-85.334,"2016-05-05","1",653,"PLSAY"
"BIOUG54441-C03","PLSBC925-20","GMP#21423","Arthropoda","Insecta","Hymenoptera","Braconidae","Microgastrinae","Pseudapanteles","Pseudapanteles alvaroumanai","BOLD:AAE0922","Malaise trap PL12-5C",10.763,-85.334,"2016-06-02","1",653,"PLSBC"
"BIOUG54454-D03","PLSBD1054-20","GMP#21424","Arthropoda","Insecta","Hymenoptera","Braconidae","Microgastrinae","Glyptapanteles","Glyptapanteles Malaise2398","BOLD:AEE2398","Malaise trap PL12-5C",10.763,-85.334,"2016-06-09","1",654,"PLSBD"
"BIOUG54455-G02","PLSBD1184-20","GMP#21424","Arthropoda","Insecta","Hymenoptera","Braconidae","Microgastrinae","Pseudapanteles","Pseudapanteles raulsolorzanoi","BOLD:AAA6667","Malaise trap PL12-5C",10.763,-85.334,"2016-06-09","1",656,"PLSBD"
"BIOUG54475-G05","PLSBE1598-20","GMP#21425","Arthropoda","Insecta","Hymenoptera","Braconidae","Microgastrinae","Cotesia","Cotesia Whitfield20","BOLD:AAA7143","Malaise trap PL12-5C",10.763,-85.334,"2016-06-16","1",663,"PLSBE"
"BIOUG54876-G10","PLSBH1249-20","GMP#21428","Arthropoda","Insecta","Hymenoptera","Braconidae","Microgastrinae","Glyptapanteles","Glyptapanteles Janzen4535","BOLD:AEB1477","Malaise trap PL12-5C",10.763,-85.334,"2016-07-07","1",652,"PLSBH"
"BIOUG54898-F04","PLSBI1880-20","GMP#21429","Arthropoda","Insecta","Hymenoptera","Braconidae","Microgastrinae","Promicrogaster","Promicrogaster Malaise7200","BOLD:AEE7200","Malaise trap PL12-5C",10.763,-85.334,"2016-07-14","1",652,"PLSBI"
"BIOUG54922-F02","PLSBJ2044-20","GMP#21430","Arthropoda","Insecta","Hymenoptera","Braconidae","Microgastrinae","Apanteles","Apanteles freddyquesadaiDHJ02","BOLD:AAC5219","Malaise trap PL12-5C",10.763,-85.334,"2016-07-21","1",651,"PLSBJ"
"BIOUG54294-H11","PLSBK1546-20","GMP#21431","Arthropoda","Insecta","Hymenoptera","Braconidae","Microgastrinae","Apanteles","Apanteles Janzen0422","BOLD:AAW0422","Malaise trap PL12-5C",10.763,-85.334,"2016-07-28","1",654,"PLSBK"
"BIOUG54657-B04","PLSBT339-20","GMP#21440","Arthropoda","Insecta","Hymenoptera","Braconidae","Microgastrinae","Pseudapanteles","Pseudapanteles raulsolorzanoi","BOLD:AAA6667","Malaise trap PL12-5C",10.763,-85.334,"2016-09-29","1",653,"PLSBT"
"BIOUG59404-F03","PLSCI076-20","GMP#23369","Arthropoda","Insecta","Hymenoptera","Braconidae","Microgastrinae","Hypomicrogaster","Hypomicrogaster Janzen160","BOLD:AAM5150","Malaise trap PL12-8F",10.761,-85.335,"2019-01-10","1",651,"PLSCI"
"BIOUG59414-E12","PLSCW193-20","GMP#23383","Arthropoda","Insecta","Hymenoptera","Braconidae","Microgastrinae","Glyptapanteles","Glyptapanteles pamitchellae","BOLD:AAA3934","Malaise trap PL12-8F",10.761,-85.335,"2019-04-18","1",654,"PLSCW"
"BIOUG59414-F01","PLSCW194-20","GMP#23383","Arthropoda","Insecta","Hymenoptera","Braconidae","Microgastrinae","Glyptapanteles","Glyptapanteles Whitfield91","BOLD:ACL4468","Malaise trap PL12-8F",10.761,-85.335,"2019-04-18","1",654,"PLSCW"
"BIOUG59416-H01","PLSCX209-20","GMP#23384","Arthropoda","Insecta","Hymenoptera","Braconidae","Microgastrinae","Glyptapanteles","Glyptapanteles pamitchellae","BOLD:AAA3934","Malaise trap PL12-8F",10.761,-85.335,"2019-04-25","1",654,"PLSCX"
"BIOUG62067-A06","PLSDE203-20","GMP#23391","Arthropoda","Insecta","Hymenoptera","Braconidae","Microgastrinae","Hypomicrogaster","Hypomicrogaster samarshalli","BOLD:AAF7670","Malaise trap PL12-8F",10.761,-85.335,"2019-06-13","1",657,"PLSDE"
"BIOUG62137-D10","PLSDQ046-20","GMP#23403","Arthropoda","Insecta","Hymenoptera","Braconidae","Microgastrinae","Glyptapanteles","Glyptapanteles Malaise2689","BOLD:AEH2689","Malaise trap PL12-8F",10.761,-85.335,"2019-09-05","1",654,"PLSDQ"
"BIOUG59420-F11","PLSDX089-20","GMP#23410","Arthropoda","Insecta","Hymenoptera","Braconidae","Microgastrinae","Cotesia","Cotesia Whitfield81","BOLD:AAM5381","Malaise trap PL12-8F",10.761,-85.335,"2019-10-24","1",653,"PLSDX"
"BIOUG55075-E08","PLTAC364-20","GMP#20045","Arthropoda","Insecta","Hymenoptera","Braconidae","Microgastrinae","Pseudapanteles","Pseudapanteles Malaise3040","BOLD:ADB3040","Malaise trap PL12-8C",10.761,-85.335,"2015-12-03","1",650,"PLTAC"
"BIOUG55022-C01","PLTAZ180-20","GMP#20067","Arthropoda","Insecta","Hymenoptera","Braconidae","Microgastrinae","Pseudapanteles","Pseudapanteles raulsolorzanoi","BOLD:AAA6667","Malaise trap PL12-8C",10.761,-85.335,"2016-05-05","1",653,"PLTAY"
"BIOUG55056-B05","PLTBG600-20","GMP#20075","Arthropoda","Insecta","Hymenoptera","Braconidae","Microgastrinae","Clarkinella","Clarkinella Fernandez126","BOLD:ADB3088","Malaise trap PL12-8C",10.761,-85.335,"2016-06-30","1",652,"PLTBG"
"BIOUG61653-C07","PLTCD346-20","GMP#23009","Arthropoda","Insecta","Hymenoptera","Braconidae","Microgastrinae","Pseudapanteles","Pseudapanteles alvaroumanai","BOLD:AAE0922","Malaise trap PL12-9F",10.76,-85.334,"2018-12-06","1",654,"PLTCD"
"BIOUG61668-A03","PLTCI292-20","GMP#23014","Arthropoda","Insecta","Hymenoptera","Braconidae","Microgastrinae","Apanteles","Apanteles Malaise9568","BOLD:ADA9568","Malaise trap PL12-9F",10.76,-85.334,"2019-01-10","1",655,"PLTCI"
"BIOUG61668-A11","PLTCI300-20","GMP#23014","Arthropoda","Insecta","Hymenoptera","Braconidae","Microgastrinae","Pseudapanteles","Pseudapanteles alvaroumanai","BOLD:AAE0922","Malaise trap PL12-9F",10.76,-85.334,"2019-01-10","1",654,"PLTCI"
"BIOUG61668-D11","PLTCI336-20","GMP#23014","Arthropoda","Insecta","Hymenoptera","Braconidae","Microgastrinae","Pseudapanteles","Pseudapanteles alvaroumanai","BOLD:AAE0922","Malaise trap PL12-9F",10.76,-85.334,"2019-01-10","1",654,"PLTCI"
"BIOUG61456-C08","PLTCL107-20","GMP#23017","Arthropoda","Insecta","Hymenoptera","Braconidae","Microgastrinae","Pseudapanteles","Pseudapanteles alvaroumanai","BOLD:AAE0922","Malaise trap PL12-9F",10.76,-85.334,"2019-01-31","1",654,"PLTCL"
"BIOUG61513-F06","PLTCW399-20","GMP#23028","Arthropoda","Insecta","Hymenoptera","Braconidae","Microgastrinae","Pseudapanteles","Pseudapanteles raulsolorzanoi","BOLD:AAA6667","Malaise trap PL12-9F",10.76,-85.334,"2019-04-18","1",653,"PLTCW"
"BIOUG61513-F07","PLTCW400-20","GMP#23028","Arthropoda","Insecta","Hymenoptera","Braconidae","Microgastrinae","Hypomicrogaster","Hypomicrogaster samarshalli","BOLD:AAF7670","Malaise trap PL12-9F",10.76,-85.334,"2019-04-18","1",653,"PLTCW"
"BIOUG61518-G05","PLTCX420-20","GMP#23029","Arthropoda","Insecta","Hymenoptera","Braconidae","Microgastrinae","Hypomicrogaster","Hypomicrogaster Janzen160","BOLD:AAM5150","Malaise trap PL12-9F",10.76,-85.334,"2019-04-25","1",653,"PLTCX"
"BIOUG61526-D01","PLTCZ286-20","GMP#23031","Arthropoda","Insecta","Hymenoptera","Braconidae","Microgastrinae","Hypomicrogaster","Hypomicrogaster samarshalli","BOLD:AAF7670","Malaise trap PL12-9F",10.76,-85.334,"2019-05-09","1",640,"PLTCZ"
"BIOUG61707-G09","PLTDC382-20","GMP#23034","Arthropoda","Insecta","Hymenoptera","Braconidae","Microgastrinae","Pseudapanteles","Pseudapanteles raulsolorzanoi","BOLD:AAA6667","Malaise trap PL12-9F",10.76,-85.334,"2019-05-30","1",654,"PLTDC"
"BIOUG61707-G11","PLTDC384-20","GMP#23034","Arthropoda","Insecta","Hymenoptera","Braconidae","Microgastrinae","Pseudapanteles","Pseudapanteles raulsolorzanoi","BOLD:AAA6667","Malaise trap PL12-9F",10.76,-85.334,"2019-05-30","1",653,"PLTDC"
"BIOUG61716-H09","PLTDD821-20","GMP#23035","Arthropoda","Insecta","Hymenoptera","Braconidae","Microgastrinae","Apanteles","Apanteles Malaise2941","BOLD:ADB2941","Malaise trap PL12-9F",10.76,-85.334,"2019-06-06","1",654,"PLTDD"
"BIOUG61732-H03","PLTDF812-20","GMP#23037","Arthropoda","Insecta","Hymenoptera","Braconidae","Microgastrinae","Glyptapanteles","Glyptapanteles Whitfield189","BOLD:AAI7285","Malaise trap PL12-9F",10.76,-85.334,"2019-06-20","1",441,"PLTDF"
"BIOUG61312-C02","PLTDJ358-20","GMP#23041","Arthropoda","Insecta","Hymenoptera","Braconidae","Microgastrinae","Apanteles","Apanteles Malaise7955","BOLD:ADB7955","Malaise trap PL12-9F",10.76,-85.334,"2019-07-18","1",654,"PLTDJ"
"BIOUG59390-B12","PLTDO306-20","GMP#23046","Arthropoda","Insecta","Hymenoptera","Braconidae","Microgastrinae","Pseudapanteles","Pseudapanteles alvaroumanai","BOLD:AAE0922","Malaise trap PL12-9F",10.76,-85.334,"2019-08-22","1",655,"PLTDO"
"BIOUG59400-C10","PLTDR231-20","GMP#23049","Arthropoda","Insecta","Hymenoptera","Braconidae","Microgastrinae","Glyptapanteles","Glyptapanteles Malaise2689","BOLD:AEH2689","Malaise trap PL12-9F",10.76,-85.334,"2019-09-12","1",655,"PLTDR"
"BIOUG62505-B02","PLTDZ409-20","GMP#28158","Arthropoda","Insecta","Hymenoptera","Braconidae","Microgastrinae","Pseudapanteles","Pseudapanteles Malaise3040","BOLD:ADB3040","Malaise trap PL12-9F",10.76,-85.334,"2019-11-07","1",666,"PLTDZ"
"BIOUG62505-F07","PLTDZ462-20","GMP#28158","Arthropoda","Insecta","Hymenoptera","Braconidae","Microgastrinae","Dolichogenidea","Dolichogenidea Malaise3373","BOLD:ACG3373","Malaise trap PL12-9F",10.76,-85.334,"2019-11-07","1",656,"PLTDZ"
"BIOUG61654-D12","PLTEE128-20","GMP#23010","Arthropoda","Insecta","Hymenoptera","Braconidae","Microgastrinae","Apanteles","Apanteles carolinacanoae","BOLD:AAE2842","Malaise trap PL12-9F",10.76,-85.334,"2018-12-13","1",673,"PLTEE"
"BIOUG61654-E12","PLTEE140-20","GMP#23010","Arthropoda","Insecta","Hymenoptera","Braconidae","Microgastrinae","Pseudapanteles","Pseudapanteles alvaroumanai","BOLD:AAE0922","Malaise trap PL12-9F",10.76,-85.334,"2018-12-13","1",655,"PLTEE"
"BIOUG54727-G08","PLUAA1162-20","GMP#21290","Arthropoda","Insecta","Hymenoptera","Braconidae","Microgastrinae","Dolichogenidea","Dolichogenidea Janzen94","BOLD:AAE8602","Malaise trap PL12-3D",10.763,-85.334,"2016-11-17","1",654,"PLUAA"
"BIOUG54701-A01","PLUAB1447-20","GMP#21291","Arthropoda","Insecta","Hymenoptera","Braconidae","Microgastrinae","Glyptapanteles","Glyptapanteles Malaise9358","BOLD:AEC9358","Malaise trap PL12-3D",10.763,-85.334,"2016-11-24","1",654,"PLUAB"
"BIOUG54701-H03","PLUAB1533-20","GMP#21291","Arthropoda","Insecta","Hymenoptera","Braconidae","Microgastrinae","Apanteles","Apanteles bernyapui","BOLD:AAB7636","Malaise trap PL12-3D",10.763,-85.334,"2016-11-24","1",640,"PLUAB"
"BIOUG54701-H05","PLUAB1535-20","GMP#21291","Arthropoda","Insecta","Hymenoptera","Braconidae","Microgastrinae","Glyptapanteles","Glyptapanteles Malaise8087","BOLD:AAN8087","Malaise trap PL12-3D",10.763,-85.334,"2016-11-24","1",655,"PLUAB"
"BIOUG54702-C09","PLUAB1574-20","GMP#21291","Arthropoda","Insecta","Hymenoptera","Braconidae","Microgastrinae","Glyptapanteles","Glyptapanteles barneyburksi","BOLD:AAI7344","Malaise trap PL12-3D",10.763,-85.334,"2016-11-24","1",656,"PLUAB"
"BIOUG54702-H02","PLUAB1627-20","GMP#21291","Arthropoda","Insecta","Hymenoptera","Braconidae","Microgastrinae","Glyptapanteles","Glyptapanteles robbinthorpiDHJ01","BOLD:AAM5230","Malaise trap PL12-3D",10.763,-85.334,"2016-11-24","1",655,"PLUAB"
"BIOUG54715-A05","PLUAC1162-20","GMP#21292","Arthropoda","Insecta","Hymenoptera","Braconidae","Microgastrinae","Apanteles","Apanteles bernyapui","BOLD:AAB7636","Malaise trap PL12-3D",10.763,-85.334,"2016-12-01","1",640,"PLUAC"
"BIOUG54715-E07","PLUAC1212-20","GMP#21292","Arthropoda","Insecta","Hymenoptera","Braconidae","Microgastrinae","Glyptapanteles","Glyptapanteles jesusugaldei","BOLD:ABX6466","Malaise trap PL12-3D",10.763,-85.334,"2016-12-01","1",653,"PLUAC"
"BIOUG54710-C04","PLUAC710-20","GMP#21292","Arthropoda","Insecta","Hymenoptera","Braconidae","Microgastrinae","Glyptapanteles","Glyptapanteles Malaise8087","BOLD:AAN8087","Malaise trap PL12-3D",10.763,-85.334,"2016-12-01","1",655,"PLUAC"
"BIOUG54710-D09","PLUAC727-20","GMP#21292","Arthropoda","Insecta","Hymenoptera","Braconidae","Microgastrinae","Apanteles","Apanteles adrianachavarriae","BOLD:ACF3757","Malaise trap PL12-3D",10.763,-85.334,"2016-12-01","1",655,"PLUAC"
"BIOUG54711-F02","PLUAC839-20","GMP#21292","Arthropoda","Insecta","Hymenoptera","Braconidae","Microgastrinae","Apanteles","Apanteles adrianguadamuzi","BOLD:ACF3757","Malaise trap PL12-3D",10.763,-85.334,"2016-12-01","1",447,"PLUAC"
"BIOUG56307-D01","PLUAD990-20","GMP#21293","Arthropoda","Insecta","Hymenoptera","Braconidae","Microgastrinae","Dolichogenidea","Dolichogenidea Rodriguez144","BOLD:AAD2236","Malaise trap PL12-3D",10.763,-85.334,"2016-12-08","1",654,"PLUAD"
"BIOUG54676-A10","PLUAE892-20","GMP#21294","Arthropoda","Insecta","Hymenoptera","Braconidae","Microgastrinae","Glyptapanteles","Glyptapanteles Malaise8087","BOLD:AAN8087","Malaise trap PL12-3D",10.763,-85.334,"2016-12-15","1",655,"PLUAE"
"BIOUG54676-B09","PLUAE903-20","GMP#21294","Arthropoda","Insecta","Hymenoptera","Braconidae","Microgastrinae","Glyptapanteles","Glyptapanteles Malaise7938","BOLD:ADA7938","Malaise trap PL12-3D",10.763,-85.334,"2016-12-15","1",654,"PLUAE"
"BIOUG54787-F12","PLUAF546-20","GMP#21295","Arthropoda","Insecta","Hymenoptera","Braconidae","Microgastrinae","Glyptapanteles","Glyptapanteles Malaise8087","BOLD:AAN8087","Malaise trap PL12-3D",10.763,-85.334,"2016-12-22","1",654,"PLUAF"
"BIOUG54790-B04","PLUAF775-20","GMP#21295","Arthropoda","Insecta","Hymenoptera","Braconidae","Microgastrinae","Apanteles","Apanteles bernyapui","BOLD:AAB7636","Malaise trap PL12-3D",10.763,-85.334,"2016-12-22","1",654,"PLUAF"
"BIOUG54790-D06","PLUAF801-20","GMP#21295","Arthropoda","Insecta","Hymenoptera","Braconidae","Microgastrinae","Glyptapanteles","Glyptapanteles Malaise8087","BOLD:AAN8087","Malaise trap PL12-3D",10.763,-85.334,"2016-12-22","1",655,"PLUAF"
"BIOUG54793-H03","PLUAG135-20","GMP#21296","Arthropoda","Insecta","Hymenoptera","Braconidae","Microgastrinae","Glyptapanteles","Glyptapanteles Malaise8087","BOLD:AAN8087","Malaise trap PL12-3D",10.763,-85.334,"2016-12-29","1",654,"PLUAG"
"BIOUG54798-D06","PLUAG565-20","GMP#21296","Arthropoda","Insecta","Hymenoptera","Braconidae","Microgastrinae","Glyptapanteles","Glyptapanteles Malaise7938","BOLD:ADA7938","Malaise trap PL12-3D",10.763,-85.334,"2016-12-29","1",652,"PLUAG"
"BIOUG54809-G10","PLUAH1005-20","GMP#21297","Arthropoda","Insecta","Hymenoptera","Braconidae","Microgastrinae","Glyptapanteles","Glyptapanteles Malaise8087","BOLD:AAN8087","Malaise trap PL12-3D",10.763,-85.334,"2017-01-05","1",653,"PLUAH"
"BIOUG54803-C11","PLUAH388-20","GMP#21297","Arthropoda","Insecta","Hymenoptera","Braconidae","Microgastrinae","Glyptapanteles","Glyptapanteles Malaise8087","BOLD:AAN8087","Malaise trap PL12-3D",10.763,-85.334,"2017-01-05","1",654,"PLUAH"
"BIOUG54803-D03","PLUAH392-20","GMP#21297","Arthropoda","Insecta","Hymenoptera","Braconidae","Microgastrinae","Glyptapanteles","Glyptapanteles Malaise8087","BOLD:AAN8087","Malaise trap PL12-3D",10.763,-85.334,"2017-01-05","1",654,"PLUAH"
"BIOUG54803-D11","PLUAH400-20","GMP#21297","Arthropoda","Insecta","Hymenoptera","Braconidae","Microgastrinae","Glyptapanteles","Glyptapanteles malaise0134","BOLD:AEF0134","Malaise trap PL12-3D",10.763,-85.334,"2017-01-05","1",654,"PLUAH"
"BIOUG54803-E04","PLUAH405-20","GMP#21297","Arthropoda","Insecta","Hymenoptera","Braconidae","Microgastrinae","Glyptapanteles","Glyptapanteles Malaise8087","BOLD:AAN8087","Malaise trap PL12-3D",10.763,-85.334,"2017-01-05","1",654,"PLUAH"
"BIOUG54803-E10","PLUAH411-20","GMP#21297","Arthropoda","Insecta","Hymenoptera","Braconidae","Microgastrinae","Glyptapanteles","Glyptapanteles Malaise8087","BOLD:AAN8087","Malaise trap PL12-3D",10.763,-85.334,"2017-01-05","1",655,"PLUAH"
"BIOUG54809-B01","PLUAH936-20","GMP#21297","Arthropoda","Insecta","Hymenoptera","Braconidae","Microgastrinae","Glyptapanteles","Glyptapanteles Malaise8087","BOLD:AAN8087","Malaise trap PL12-3D",10.763,-85.334,"2017-01-05","1",654,"PLUAH"
"BIOUG54809-E12","PLUAH983-20","GMP#21297","Arthropoda","Insecta","Hymenoptera","Braconidae","Microgastrinae","Glyptapanteles","Glyptapanteles Malaise8087","BOLD:AAN8087","Malaise trap PL12-3D",10.763,-85.334,"2017-01-05","1",652,"PLUAH"
"BIOUG54816-A02","PLUAI620-20","GMP#21298","Arthropoda","Insecta","Hymenoptera","Braconidae","Microgastrinae","Cotesia","Cotesia Whitfield82","BOLD:AAI9077","Malaise trap PL12-3D",10.763,-85.334,"2017-01-12","1",655,"PLUAI"
"BIOUG54817-A07","PLUAI720-20","GMP#21298","Arthropoda","Insecta","Hymenoptera","Braconidae","Microgastrinae","Glyptapanteles","Glyptapanteles Malaise8087","BOLD:AAN8087","Malaise trap PL12-3D",10.763,-85.334,"2017-01-12","1",654,"PLUAI"
"BIOUG54817-B09","PLUAI734-20","GMP#21298","Arthropoda","Insecta","Hymenoptera","Braconidae","Microgastrinae","Glyptapanteles","Glyptapanteles Malaise8087","BOLD:AAN8087","Malaise trap PL12-3D",10.763,-85.334,"2017-01-12","1",656,"PLUAI"
"BIOUG54817-E01","PLUAI762-20","GMP#21298","Arthropoda","Insecta","Hymenoptera","Braconidae","Microgastrinae","Glyptapanteles","Glyptapanteles Malaise8087","BOLD:AAN8087","Malaise trap PL12-3D",10.763,-85.334,"2017-01-12","1",654,"PLUAI"
"BIOUG54825-F02","PLUAJ577-20","GMP#21299","Arthropoda","Insecta","Hymenoptera","Braconidae","Microgastrinae","Glyptapanteles","Glyptapanteles Malaise8087","BOLD:AAN8087","Malaise trap PL12-3D",10.763,-85.334,"2017-01-19","1",654,"PLUAJ"
"BIOUG54826-H02","PLUAJ696-20","GMP#21299","Arthropoda","Insecta","Hymenoptera","Braconidae","Microgastrinae","Apanteles","Apanteles adrianachavarriae","BOLD:ACF3757","Malaise trap PL12-3D",10.763,-85.334,"2017-01-19","1",655,"PLUAJ"
"BIOUG54826-H11","PLUAJ705-20","GMP#21299","Arthropoda","Insecta","Hymenoptera","Braconidae","Microgastrinae","Glyptapanteles","Glyptapanteles Malaise7938","BOLD:ADA7938","Malaise trap PL12-3D",10.763,-85.334,"2017-01-19","1",643,"PLUAJ"
"BIOUG54827-B08","PLUAJ725-20","GMP#21299","Arthropoda","Insecta","Hymenoptera","Braconidae","Microgastrinae","Glyptapanteles","Glyptapanteles pamitchellae","BOLD:AAA3934","Malaise trap PL12-3D",10.763,-85.334,"2017-01-19","1",658,"PLUAJ"
"BIOUG55901-E01","PLUAK323-20","GMP#21300","Arthropoda","Insecta","Hymenoptera","Braconidae","Microgastrinae","Glyptapanteles","Glyptapanteles Malaise8087","BOLD:AAN8087","Malaise trap PL12-3D",10.763,-85.334,"2017-01-26","1",655,"PLUAK"
"BIOUG55901-E09","PLUAK331-20","GMP#21300","Arthropoda","Insecta","Hymenoptera","Braconidae","Microgastrinae","Glyptapanteles","Glyptapanteles pamitchellae","BOLD:AAA3934","Malaise trap PL12-3D",10.763,-85.334,"2017-01-26","1",655,"PLUAK"
"BIOUG55901-F03","PLUAK337-20","GMP#21300","Arthropoda","Insecta","Hymenoptera","Braconidae","Microgastrinae","Glyptapanteles","Glyptapanteles Malaise7935","BOLD:AAN7935","Malaise trap PL12-3D",10.763,-85.334,"2017-01-26","1",654,"PLUAK"
"BIOUG55901-G09","PLUAK355-20","GMP#21300","Arthropoda","Insecta","Hymenoptera","Braconidae","Microgastrinae","Glyptapanteles","Glyptapanteles pamitchellae","BOLD:AAA3934","Malaise trap PL12-3D",10.763,-85.334,"2017-01-26","1",654,"PLUAK"
"BIOUG55901-G12","PLUAK358-20","GMP#21300","Arthropoda","Insecta","Hymenoptera","Braconidae","Microgastrinae","Dolichogenidea","Dolichogenidea Malaise9304","BOLD:AEE9304","Malaise trap PL12-3D",10.763,-85.334,"2017-01-26","1",655,"PLUAK"
"BIOUG55901-H01","PLUAK359-20","GMP#21300","Arthropoda","Insecta","Hymenoptera","Braconidae","Microgastrinae","Apanteles","Apanteles bernyapui","BOLD:AAB7636","Malaise trap PL12-3D",10.763,-85.334,"2017-01-26","1",654,"PLUAK"
"BIOUG55901-H05","PLUAK363-20","GMP#21300","Arthropoda","Insecta","Hymenoptera","Braconidae","Microgastrinae","Glyptapanteles","Glyptapanteles Malaise8087","BOLD:AAN8087","Malaise trap PL12-3D",10.763,-85.334,"2017-01-26","1",655,"PLUAK"
"BIOUG55901-H09","PLUAK367-20","GMP#21300","Arthropoda","Insecta","Hymenoptera","Braconidae","Microgastrinae","Glyptapanteles","Glyptapanteles pamitchellae","BOLD:AAA3934","Malaise trap PL12-3D",10.763,-85.334,"2017-01-26","1",654,"PLUAK"
"BIOUG55902-B08","PLUAK389-20","GMP#21300","Arthropoda","Insecta","Hymenoptera","Braconidae","Microgastrinae","Glyptapanteles","Glyptapanteles pamitchellae","BOLD:AAA3934","Malaise trap PL12-3D",10.763,-85.334,"2017-01-26","1",654,"PLUAK"
"BIOUG55902-B10","PLUAK391-20","GMP#21300","Arthropoda","Insecta","Hymenoptera","Braconidae","Microgastrinae","Glyptapanteles","Glyptapanteles Malaise8087","BOLD:AAN8087","Malaise trap PL12-3D",10.763,-85.334,"2017-01-26","1",654,"PLUAK"
"BIOUG55902-C05","PLUAK398-20","GMP#21300","Arthropoda","Insecta","Hymenoptera","Braconidae","Microgastrinae","Dolichogenidea","Dolichogenidea Rodriguez144","BOLD:AAD2236","Malaise trap PL12-3D",10.763,-85.334,"2017-01-26","1",654,"PLUAK"
"BIOUG55902-D06","PLUAK411-20","GMP#21300","Arthropoda","Insecta","Hymenoptera","Braconidae","Microgastrinae","Cotesia","Cotesia Whitfield82","BOLD:AAI9077","Malaise trap PL12-3D",10.763,-85.334,"2017-01-26","1",654,"PLUAK"
"BIOUG55904-G03","PLUAK634-20","GMP#21300","Arthropoda","Insecta","Hymenoptera","Braconidae","Microgastrinae","Apanteles","Apanteles bernyapui","BOLD:AAB7636","Malaise trap PL12-3D",10.763,-85.334,"2017-01-26","1",654,"PLUAK"
"BIOUG55908-A11","PLUAK950-20","GMP#21300","Arthropoda","Insecta","Hymenoptera","Braconidae","Microgastrinae","Glyptapanteles","Glyptapanteles pamitchellae","BOLD:AAA3934","Malaise trap PL12-3D",10.763,-85.334,"2017-01-26","1",657,"PLUAK"
"BIOUG54373-A09","PLUAL439-20","GMP#21301","Arthropoda","Insecta","Hymenoptera","Braconidae","Microgastrinae","Dolichogenidea","Dolichogenidea Rodriguez144","BOLD:AAD2236","Malaise trap PL12-3D",10.763,-85.334,"2017-02-02","1",654,"PLUAL"
"BIOUG54373-B02","PLUAL444-20","GMP#21301","Arthropoda","Insecta","Hymenoptera","Braconidae","Microgastrinae","Glyptapanteles","Glyptapanteles pamitchellae","BOLD:AAA3934","Malaise trap PL12-3D",10.763,-85.334,"2017-02-02","1",656,"PLUAL"
"BIOUG54373-D10","PLUAL476-20","GMP#21301","Arthropoda","Insecta","Hymenoptera","Braconidae","Microgastrinae","Glyptapanteles","Glyptapanteles Malaise8087","BOLD:AAN8087","Malaise trap PL12-3D",10.763,-85.334,"2017-02-02","1",654,"PLUAL"
"BIOUG54373-E09","PLUAL487-20","GMP#21301","Arthropoda","Insecta","Hymenoptera","Braconidae","Microgastrinae","Glyptapanteles","Glyptapanteles Malaise8087","BOLD:AAN8087","Malaise trap PL12-3D",10.763,-85.334,"2017-02-02","1",654,"PLUAL"
"BIOUG54378-E09","PLUAM326-20","GMP#21302","Arthropoda","Insecta","Hymenoptera","Braconidae","Microgastrinae","Rhygoplitis","Rhygoplitis Whitfield01","BOLD:AAC0735","Malaise trap PL12-3D",10.763,-85.334,"2017-02-09","1",655,"PLUAM"
"BIOUG54382-D06","PLUAN307-20","GMP#21303","Arthropoda","Insecta","Hymenoptera","Braconidae","Microgastrinae","Cotesia","Cotesia Whitfield84","BOLD:AAJ5709","Malaise trap PL12-3D",10.763,-85.334,"2017-02-16","1",655,"PLUAN"
"BIOUG54386-A12","PLUAO278-20","GMP#21304","Arthropoda","Insecta","Hymenoptera","Braconidae","Microgastrinae","Parapanteles","Parapanteles Whitfield301","BOLD:AAJ1367","Malaise trap PL12-3D",10.763,-85.334,"2017-02-23","1",654,"PLUAO"
"BIOUG54386-D11","PLUAO313-20","GMP#21304","Arthropoda","Insecta","Hymenoptera","Braconidae","Microgastrinae","Glyptapanteles","Glyptapanteles Malaise8087","BOLD:AAN8087","Malaise trap PL12-3D",10.763,-85.334,"2017-02-23","1",653,"PLUAO"
"BIOUG54386-G11","PLUAO349-20","GMP#21304","Arthropoda","Insecta","Hymenoptera","Braconidae","Microgastrinae","Rhygoplitis","Rhygoplitis Whitfield01","BOLD:AAC0735","Malaise trap PL12-3D",10.763,-85.334,"2017-02-23","1",640,"PLUAO"
"BIOUG55935-B06","PLUAT462-20","GMP#21309","Arthropoda","Insecta","Hymenoptera","Braconidae","Microgastrinae","Lathrapanteles","Lathrapanteles Whitfield01","BOLD:AAD3521","Malaise trap PL12-3D",10.763,-85.334,"2017-03-30","1",656,"PLUAT"
"BIOUG55941-E04","PLUAU449-20","GMP#21310","Arthropoda","Insecta","Hymenoptera","Braconidae","Microgastrinae","Diolcogaster","Diolcogaster Janzen03","BOLD:AAF5712","Malaise trap PL12-3D",10.763,-85.334,"2017-04-06","1",654,"PLUAU"
"BIOUG54568-A03","PLUAX545-20","GMP#21313","Arthropoda","Insecta","Hymenoptera","Braconidae","Microgastrinae","Cotesia","Cotesia Whitfield03","BOLD:AAE9345","Malaise trap PL12-3D",10.763,-85.334,"2017-04-27","1",640,"PLUAX"
"BIOUG54568-F05","PLUAX607-20","GMP#21313","Arthropoda","Insecta","Hymenoptera","Braconidae","Microgastrinae","Cotesia","Cotesia Whitfield05","BOLD:AAE9335","Malaise trap PL12-3D",10.763,-85.334,"2017-04-27","1",655,"PLUAX"
"BIOUG54580-A09","PLUAY795-20","GMP#21314","Arthropoda","Insecta","Hymenoptera","Braconidae","Microgastrinae","Pseudapanteles","Pseudapanteles alvaroumanai","BOLD:AAE0922","Malaise trap PL12-3D",10.763,-85.334,"2017-05-04","1",656,"PLUAY"
"BIOUG54580-B09","PLUAY807-20","GMP#21314","Arthropoda","Insecta","Hymenoptera","Braconidae","Microgastrinae","Glyptapanteles","Glyptapanteles pamitchellae","BOLD:AAA3934","Malaise trap PL12-3D",10.763,-85.334,"2017-05-04","1",667,"PLUAY"
"BIOUG54580-F09","PLUAY855-20","GMP#21314","Arthropoda","Insecta","Hymenoptera","Braconidae","Microgastrinae","Apanteles","Apanteles Malaise2941","BOLD:ADB2941","Malaise trap PL12-3D",10.763,-85.334,"2017-05-04","1",655,"PLUAY"
"BIOUG54608-C05","PLUAZ2292-20","GMP#21315","Arthropoda","Insecta","Hymenoptera","Braconidae","Microgastrinae","Pseudapanteles","Pseudapanteles alvaroumanai","BOLD:AAE0922","Malaise trap PL12-3D",10.763,-85.334,"2017-05-11","1",654,"PLUAZ"
"BIOUG54960-F08","PLUBA2421-20","GMP#21316","Arthropoda","Insecta","Hymenoptera","Braconidae","Microgastrinae","Pseudapanteles","Pseudapanteles alvaroumanai","BOLD:AAE0922","Malaise trap PL12-3D",10.763,-85.334,"2017-05-18","1",653,"PLUBA"
"BIOUG54960-H05","PLUBA2442-20","GMP#21316","Arthropoda","Insecta","Hymenoptera","Braconidae","Microgastrinae","Glyptapanteles","Glyptapanteles pamitchellae","BOLD:AAA3934","Malaise trap PL12-3D",10.763,-85.334,"2017-05-18","1",655,"PLUBA"
"BIOUG54961-H11","PLUBA2543-20","GMP#21316","Arthropoda","Insecta","Hymenoptera","Braconidae","Microgastrinae","Glyptapanteles","Glyptapanteles pamitchellae","BOLD:AAA3934","Malaise trap PL12-3D",10.763,-85.334,"2017-05-18","1",654,"PLUBA"
"BIOUG54962-C05","PLUBA2572-20","GMP#21316","Arthropoda","Insecta","Hymenoptera","Braconidae","Microgastrinae","Glyptapanteles","Glyptapanteles henrytownesi","BOLD:AAD1416","Malaise trap PL12-3D",10.763,-85.334,"2017-05-18","1",655,"PLUBA"
"BIOUG54987-E02","PLUBB1785-20","GMP#21317","Arthropoda","Insecta","Hymenoptera","Braconidae","Microgastrinae","Pseudapanteles","Pseudapanteles raulsolorzanoi","BOLD:AAA6667","Malaise trap PL12-3D",10.763,-85.334,"2017-05-25","1",656,"PLUBB"
"BIOUG54987-E06","PLUBB1789-20","GMP#21317","Arthropoda","Insecta","Hymenoptera","Braconidae","Microgastrinae","Pseudapanteles","Pseudapanteles alvaroumanai","BOLD:AAE0922","Malaise trap PL12-3D",10.763,-85.334,"2017-05-25","1",653,"PLUBB"
"BIOUG54987-G11","PLUBB1818-20","GMP#21317","Arthropoda","Insecta","Hymenoptera","Braconidae","Microgastrinae","Parapanteles","Parapanteles tlineaDHJ01","BOLD:AED2446","Malaise trap PL12-3D",10.763,-85.334,"2017-05-25","1",654,"PLUBB"
"BIOUG54989-D12","PLUBB1974-20","GMP#21317","Arthropoda","Insecta","Hymenoptera","Braconidae","Microgastrinae","Parapanteles","Parapanteles tlineaDHJ01","BOLD:AED2446","Malaise trap PL12-3D",10.763,-85.334,"2017-05-25","1",655,"PLUBB"
"BIOUG56005-F07","PLUBC1287-20","GMP#21318","Arthropoda","Insecta","Hymenoptera","Braconidae","Microgastrinae","Cotesia","Cotesia Whitfield03","BOLD:AAE9345","Malaise trap PL12-3D",10.763,-85.334,"2017-06-01","1",656,"PLUBC"
"BIOUG56005-G07","PLUBC1299-20","GMP#21318","Arthropoda","Insecta","Hymenoptera","Braconidae","Microgastrinae","Pseudapanteles","Pseudapanteles raulsolorzanoi","BOLD:AAA6667","Malaise trap PL12-3D",10.763,-85.334,"2017-06-01","1",656,"PLUBC"
"BIOUG56006-E06","PLUBC1369-20","GMP#21318","Arthropoda","Insecta","Hymenoptera","Braconidae","Microgastrinae","Glyptapanteles","Glyptapanteles pamitchellae","BOLD:AAA3934","Malaise trap PL12-3D",10.763,-85.334,"2017-06-01","1",652,"PLUBC"
"BIOUG56022-D12","PLUBE1329-20","GMP#21319","Arthropoda","Insecta","Hymenoptera","Braconidae","Microgastrinae","Pseudapanteles","Pseudapanteles raulsolorzanoi","BOLD:AAA6667","Malaise trap PL12-3D",10.763,-85.334,"2017-06-15","1",654,"PLUBE"
"BIOUG56022-E01","PLUBE1330-20","GMP#21319","Arthropoda","Insecta","Hymenoptera","Braconidae","Microgastrinae","Glyptapanteles","Glyptapanteles Whitfield75","BOLD:AAE7080","Malaise trap PL12-3D",10.763,-85.334,"2017-06-15","1",655,"PLUBE"
"BIOUG56023-D05","PLUBE1417-20","GMP#21319","Arthropoda","Insecta","Hymenoptera","Braconidae","Microgastrinae","Glyptapanteles","Glyptapanteles pamitchellae","BOLD:AAA3934","Malaise trap PL12-3D",10.763,-85.334,"2017-06-15","1",653,"PLUBE"
"BIOUG56023-D11","PLUBE1423-20","GMP#21319","Arthropoda","Insecta","Hymenoptera","Braconidae","Microgastrinae","Glyptapanteles","Glyptapanteles Whitfield75","BOLD:AAE7080","Malaise trap PL12-3D",10.763,-85.334,"2017-06-15","1",654,"PLUBE"
"BIOUG56023-E12","PLUBE1436-20","GMP#21319","Arthropoda","Insecta","Hymenoptera","Braconidae","Microgastrinae","Glyptapanteles","Glyptapanteles Whitfield75","BOLD:AAE7080","Malaise trap PL12-3D",10.763,-85.334,"2017-06-15","1",655,"PLUBE"
"BIOUG56023-G06","PLUBE1454-20","GMP#21319","Arthropoda","Insecta","Hymenoptera","Braconidae","Microgastrinae","Glyptapanteles","Glyptapanteles bobkulai","BOLD:ACE8721","Malaise trap PL12-3D",10.763,-85.334,"2017-06-15","1",652,"PLUBE"
"BIOUG56035-C10","PLUBF1007-20","GMP#21320","Arthropoda","Insecta","Hymenoptera","Braconidae","Microgastrinae","Glyptapanteles","Glyptapanteles Whitfield75","BOLD:AAE7080","Malaise trap PL12-3D",10.763,-85.334,"2017-06-22","1",654,"PLUBF"
"BIOUG56312-G01","PLUBH283-20","GMP#21322","Arthropoda","Insecta","Hymenoptera","Braconidae","Microgastrinae","Parapanteles","Parapanteles polus","BOLD:AAA7143","Malaise trap PL12-3D",10.763,-85.334,"2017-07-06","1",641,"PLUBH"
"BIOUG56312-G06","PLUBH288-20","GMP#21322","Arthropoda","Insecta","Hymenoptera","Braconidae","Microgastrinae","Apanteles","Apanteles bernyapui","BOLD:AAB7636","Malaise trap PL12-3D",10.763,-85.334,"2017-07-06","1",654,"PLUBH"
"BIOUG56339-F10","PLUBM345-20","GMP#21327","Arthropoda","Insecta","Hymenoptera","Braconidae","Microgastrinae","Pseudapanteles","Pseudapanteles raulsolorzanoi","BOLD:AAA6667","Malaise trap PL12-3D",10.763,-85.334,"2017-08-10","1",654,"PLUBM"
"BIOUG54482-C03","PLUBN203-20","GMP#21328","Arthropoda","Insecta","Hymenoptera","Braconidae","Microgastrinae","Parapanteles","Parapanteles polus","BOLD:AAA7143","Malaise trap PL12-3D",10.763,-85.334,"2017-08-17","1",655,"PLUBN"
"BIOUG54486-H03","PLUBP175-20","GMP#21330","Arthropoda","Insecta","Hymenoptera","Braconidae","Microgastrinae","Parapanteles","Parapanteles polus","BOLD:AAA7143","Malaise trap PL12-3D",10.763,-85.334,"2017-08-31","1",654,"PLUBP"
"BIOUG55864-D12","PLVAA166-20","GMP#21136","Arthropoda","Insecta","Hymenoptera","Braconidae","Microgastrinae","Glyptapanteles","Glyptapanteles Malaise2049","BOLD:AEA2049","Malaise trap PL12-1D",10.764,-85.335,"2016-11-17","1",654,"PLVAA"
"BIOUG55867-F04","PLVAB346-20","GMP#21137","Arthropoda","Insecta","Hymenoptera","Braconidae","Microgastrinae","Hypomicrogaster","Hypomicrogaster OVRGDHJ06","BOLD:ABX5732","Malaise trap PL12-1D",10.764,-85.335,"2016-11-24","1",655,"PLVAB"
"BIOUG55875-C06","PLVAE226-20","GMP#21140","Arthropoda","Insecta","Hymenoptera","Braconidae","Microgastrinae","Glyptapanteles","Glyptapanteles Malaise2049","BOLD:AEA2049","Malaise trap PL12-1D",10.764,-85.335,"2016-12-15","1",654,"PLVAE"
"BIOUG55877-D09","PLVAF222-20","GMP#21141","Arthropoda","Insecta","Hymenoptera","Braconidae","Microgastrinae","Parapanteles","Parapanteles tlineaDHJ01","BOLD:AED2446","Malaise trap PL12-1D",10.764,-85.335,"2016-12-22","1",654,"PLVAF"
"BIOUG55877-E01","PLVAF226-20","GMP#21141","Arthropoda","Insecta","Hymenoptera","Braconidae","Microgastrinae","Glyptapanteles","Glyptapanteles Malaise7938","BOLD:ADA7938","Malaise trap PL12-1D",10.764,-85.335,"2016-12-22","1",654,"PLVAF"
"BIOUG55877-E05","PLVAF230-20","GMP#21141","Arthropoda","Insecta","Hymenoptera","Braconidae","Microgastrinae","Glyptapanteles","Glyptapanteles Malaise7938","BOLD:ADA7938","Malaise trap PL12-1D",10.764,-85.335,"2016-12-22","1",654,"PLVAF"
"BIOUG55877-E11","PLVAF236-20","GMP#21141","Arthropoda","Insecta","Hymenoptera","Braconidae","Microgastrinae","Glyptapanteles","Glyptapanteles Malaise2049","BOLD:AEA2049","Malaise trap PL12-1D",10.764,-85.335,"2016-12-22","1",654,"PLVAF"
"BIOUG55881-C02","PLVAG327-20","GMP#21142","Arthropoda","Insecta","Hymenoptera","Braconidae","Microgastrinae","Dolichogenidea","Dolichogenidea Rodriguez144","BOLD:AAD2236","Malaise trap PL12-1D",10.764,-85.335,"2016-12-29","1",655,"PLVAG"
"BIOUG55881-C04","PLVAG329-20","GMP#21142","Arthropoda","Insecta","Hymenoptera","Braconidae","Microgastrinae","Parapanteles","Parapanteles tlineaDHJ01","BOLD:AED2446","Malaise trap PL12-1D",10.764,-85.335,"2016-12-29","1",654,"PLVAG"
"BIOUG55881-C09","PLVAG334-20","GMP#21142","Arthropoda","Insecta","Hymenoptera","Braconidae","Microgastrinae","Glyptapanteles","Glyptapanteles Malaise2049","BOLD:AEA2049","Malaise trap PL12-1D",10.764,-85.335,"2016-12-29","1",654,"PLVAG"
"BIOUG55881-C11","PLVAG336-20","GMP#21142","Arthropoda","Insecta","Hymenoptera","Braconidae","Microgastrinae","Glyptapanteles","Glyptapanteles nataliaivanovae","BOLD:AAC5317","Malaise trap PL12-1D",10.764,-85.335,"2016-12-29","1",654,"PLVAG"
"BIOUG55883-H06","PLVAH265-20","GMP#21143","Arthropoda","Insecta","Hymenoptera","Braconidae","Microgastrinae","Glyptapanteles","Glyptapanteles Malaise2049","BOLD:AEA2049","Malaise trap PL12-1D",10.764,-85.335,"2017-01-05","1",655,"PLVAH"
"BIOUG55884-A10","PLVAH280-20","GMP#21143","Arthropoda","Insecta","Hymenoptera","Braconidae","Microgastrinae","Dolichogenidea","Dolichogenidea Rodriguez144","BOLD:AAD2236","Malaise trap PL12-1D",10.764,-85.335,"2017-01-05","1",654,"PLVAH"
"BIOUG55887-A07","PLVAI699-20","GMP#21144","Arthropoda","Insecta","Hymenoptera","Braconidae","Microgastrinae","Glyptapanteles","Glyptapanteles pamitchellae","BOLD:AAA3934","Malaise trap PL12-1D",10.764,-85.335,"2017-01-12","1",654,"PLVAI"
"BIOUG55887-B06","PLVAI710-20","GMP#21144","Arthropoda","Insecta","Hymenoptera","Braconidae","Microgastrinae","Glyptapanteles","Glyptapanteles pamitchellae","BOLD:AAA3934","Malaise trap PL12-1D",10.764,-85.335,"2017-01-12","1",655,"PLVAI"
"BIOUG55890-E03","PLVAJ318-20","GMP#21145","Arthropoda","Insecta","Hymenoptera","Braconidae","Microgastrinae","Dolichogenidea","Dolichogenidea Rodriguez144","BOLD:AAD2236","Malaise trap PL12-1D",10.764,-85.335,"2017-01-19","1",654,"PLVAJ"
"BIOUG55890-E08","PLVAJ323-20","GMP#21145","Arthropoda","Insecta","Hymenoptera","Braconidae","Microgastrinae","Glyptapanteles","Glyptapanteles Malaise7938","BOLD:ADA7938","Malaise trap PL12-1D",10.764,-85.335,"2017-01-19","1",655,"PLVAJ"
"BIOUG55898-E07","PLVAL365-20","GMP#21147","Arthropoda","Insecta","Hymenoptera","Braconidae","Microgastrinae","Glyptapanteles","Glyptapanteles sondrawardae","BOLD:AAA3077","Malaise trap PL12-1D",10.764,-85.335,"2017-02-02","1",654,"PLVAL"
"BIOUG55501-B07","PLVAN222-20","GMP#21149","Arthropoda","Insecta","Hymenoptera","Braconidae","Microgastrinae","Glyptapanteles","Glyptapanteles pamitchellae","BOLD:AAA3934","Malaise trap PL12-1D",10.764,-85.335,"2017-02-16","1",654,"PLVAN"
"BIOUG55501-B09","PLVAN224-20","GMP#21149","Arthropoda","Insecta","Hymenoptera","Braconidae","Microgastrinae","Apanteles","Apanteles eduardoramirezi","BOLD:AAA4554","Malaise trap PL12-1D",10.764,-85.335,"2017-02-16","1",655,"PLVAN"
"BIOUG55501-D03","PLVAN242-20","GMP#21149","Arthropoda","Insecta","Hymenoptera","Braconidae","Microgastrinae","Glyptapanteles","Glyptapanteles pamitchellae","BOLD:AAA3934","Malaise trap PL12-1D",10.764,-85.335,"2017-02-16","1",655,"PLVAN"
"BIOUG55805-G04","PLVAP257-20","GMP#21151","Arthropoda","Insecta","Hymenoptera","Braconidae","Microgastrinae","Parapanteles","Parapanteles tlineaDHJ01","BOLD:AED2446","Malaise trap PL12-1D",10.764,-85.335,"2017-03-02","1",654,"PLVAP"
"BIOUG55814-F10","PLVAR467-20","GMP#21153","Arthropoda","Insecta","Hymenoptera","Braconidae","Microgastrinae","Glyptapanteles","Glyptapanteles pamitchellae","BOLD:AAA3934","Malaise trap PL12-1D",10.764,-85.335,"2017-03-16","1",654,"PLVAR"
"BIOUG55636-C08","PLVAS421-20","GMP#21154","Arthropoda","Insecta","Hymenoptera","Braconidae","Microgastrinae","Pseudapanteles","Pseudapanteles raulsolorzanoi","BOLD:AAA6667","Malaise trap PL12-1D",10.764,-85.335,"2017-03-23","1",659,"PLVAS"
"BIOUG55642-B07","PLVAT507-20","GMP#21155","Arthropoda","Insecta","Hymenoptera","Braconidae","Microgastrinae","Hypomicrogaster","Hypomicrogaster OVRGDHJ06","BOLD:ABX5732","Malaise trap PL12-1D",10.764,-85.335,"2017-03-30","1",653,"PLVAT"
"BIOUG55649-B03","PLVAU460-20","GMP#21156","Arthropoda","Insecta","Hymenoptera","Braconidae","Microgastrinae","Glyptapanteles","Glyptapanteles pamitchellae","BOLD:AAA3934","Malaise trap PL12-1D",10.764,-85.335,"2017-04-06","1",653,"PLVAU"
"BIOUG55649-B12","PLVAU469-20","GMP#21156","Arthropoda","Insecta","Hymenoptera","Braconidae","Microgastrinae","Pseudapanteles","Pseudapanteles raulsolorzanoi","BOLD:AAA6667","Malaise trap PL12-1D",10.764,-85.335,"2017-04-06","1",657,"PLVAU"
"BIOUG55653-A11","PLVAV379-20","GMP#21157","Arthropoda","Insecta","Hymenoptera","Braconidae","Microgastrinae","Pseudapanteles","Pseudapanteles alvaroumanai","BOLD:AAE0922","Malaise trap PL12-1D",10.764,-85.335,"2017-04-13","1",652,"PLVAV"
"BIOUG55653-B01","PLVAV381-20","GMP#21157","Arthropoda","Insecta","Hymenoptera","Braconidae","Microgastrinae","Pseudapanteles","Pseudapanteles raulsolorzanoi","BOLD:AAA6667","Malaise trap PL12-1D",10.764,-85.335,"2017-04-13","1",656,"PLVAV"
"BIOUG55653-C02","PLVAV394-20","GMP#21157","Arthropoda","Insecta","Hymenoptera","Braconidae","Microgastrinae","Glyptapanteles","Glyptapanteles pamitchellae","BOLD:AAA3934","Malaise trap PL12-1D",10.764,-85.335,"2017-04-13","1",652,"PLVAV"
"BIOUG55656-B10","PLVAW306-20","GMP#21158","Arthropoda","Insecta","Hymenoptera","Braconidae","Microgastrinae","Pseudapanteles","Pseudapanteles raulsolorzanoi","BOLD:AAA6667","Malaise trap PL12-1D",10.764,-85.335,"2017-04-20","1",654,"PLVAW"
"BIOUG55656-C01","PLVAW309-20","GMP#21158","Arthropoda","Insecta","Hymenoptera","Braconidae","Microgastrinae","Diolcogaster","Diolcogaster Choi84","BOLD:AAB0594","Malaise trap PL12-1D",10.764,-85.335,"2017-04-20","1",655,"PLVAW"
"BIOUG55659-G10","PLVAX312-20","GMP#21159","Arthropoda","Insecta","Hymenoptera","Braconidae","Microgastrinae","Glyptapanteles","Glyptapanteles pamitchellae","BOLD:AAA3934","Malaise trap PL12-1D",10.764,-85.335,"2017-04-27","1",653,"PLVAX"
"BIOUG55084-F11","PLVAY518-20","GMP#21160","Arthropoda","Insecta","Hymenoptera","Braconidae","Microgastrinae","Pseudapanteles","Pseudapanteles raulsolorzanoi","BOLD:AAA6667","Malaise trap PL12-1D",10.764,-85.335,"2017-05-04","1",655,"PLVAY"
"BIOUG55084-G10","PLVAY529-20","GMP#21160","Arthropoda","Insecta","Hymenoptera","Braconidae","Microgastrinae","Glyptapanteles","Glyptapanteles pamitchellae","BOLD:AAA3934","Malaise trap PL12-1D",10.764,-85.335,"2017-05-04","1",654,"PLVAY"
"BIOUG55084-G12","PLVAY531-20","GMP#21160","Arthropoda","Insecta","Hymenoptera","Braconidae","Microgastrinae","Pseudapanteles","Pseudapanteles raulsolorzanoi","BOLD:AAA6667","Malaise trap PL12-1D",10.764,-85.335,"2017-05-04","1",656,"PLVAY"
"BIOUG55087-B05","PLVAZ290-20","GMP#21161","Arthropoda","Insecta","Hymenoptera","Braconidae","Microgastrinae","Pseudapanteles","Pseudapanteles alvaroumanai","BOLD:AAE0922","Malaise trap PL12-1D",10.764,-85.335,"2017-05-11","1",654,"PLVAZ"
"BIOUG55087-B08","PLVAZ293-20","GMP#21161","Arthropoda","Insecta","Hymenoptera","Braconidae","Microgastrinae","Pseudapanteles","Pseudapanteles raulsolorzanoi","BOLD:AAA6667","Malaise trap PL12-1D",10.764,-85.335,"2017-05-11","1",653,"PLVAZ"
"BIOUG55087-C12","PLVAZ309-20","GMP#21161","Arthropoda","Insecta","Hymenoptera","Braconidae","Microgastrinae","Pseudapanteles","Pseudapanteles alvaroumanai","BOLD:AAE0922","Malaise trap PL12-1D",10.764,-85.335,"2017-05-11","1",656,"PLVAZ"
"BIOUG54614-C05","PLVBA492-20","GMP#21162","Arthropoda","Insecta","Hymenoptera","Braconidae","Microgastrinae","Glyptapanteles","Glyptapanteles pamitchellae","BOLD:AAA3934","Malaise trap PL12-1D",10.764,-85.335,"2017-05-18","1",654,"PLVBA"
"BIOUG54614-C09","PLVBA496-20","GMP#21162","Arthropoda","Insecta","Hymenoptera","Braconidae","Microgastrinae","Glyptapanteles","Glyptapanteles pamitchellae","BOLD:AAA3934","Malaise trap PL12-1D",10.764,-85.335,"2017-05-18","1",654,"PLVBA"
"BIOUG54614-D10","PLVBA509-20","GMP#21162","Arthropoda","Insecta","Hymenoptera","Braconidae","Microgastrinae","Glyptapanteles","Glyptapanteles pamitchellae","BOLD:AAA3934","Malaise trap PL12-1D",10.764,-85.335,"2017-05-18","1",652,"PLVBA"
"BIOUG54614-E01","PLVBA512-20","GMP#21162","Arthropoda","Insecta","Hymenoptera","Braconidae","Microgastrinae","Glyptapanteles","Glyptapanteles pamitchellae","BOLD:AAA3934","Malaise trap PL12-1D",10.764,-85.335,"2017-05-18","1",654,"PLVBA"
"BIOUG54614-E02","PLVBA513-20","GMP#21162","Arthropoda","Insecta","Hymenoptera","Braconidae","Microgastrinae","Glyptapanteles","Glyptapanteles pamitchellae","BOLD:AAA3934","Malaise trap PL12-1D",10.764,-85.335,"2017-05-18","1",654,"PLVBA"
"BIOUG54622-B09","PLVBB651-20","GMP#21163","Arthropoda","Insecta","Hymenoptera","Braconidae","Microgastrinae","Pseudapanteles","Pseudapanteles raulsolorzanoi","BOLD:AAA6667","Malaise trap PL12-1D",10.764,-85.335,"2017-05-25","1",655,"PLVBB"
"BIOUG54622-D01","PLVBB667-20","GMP#21163","Arthropoda","Insecta","Hymenoptera","Braconidae","Microgastrinae","Glyptapanteles","Glyptapanteles pamitchellae","BOLD:AAA3934","Malaise trap PL12-1D",10.764,-85.335,"2017-05-25","1",654,"PLVBB"
"BIOUG54622-F01","PLVBB691-20","GMP#21163","Arthropoda","Insecta","Hymenoptera","Braconidae","Microgastrinae","Glyptapanteles","Glyptapanteles pamitchellae","BOLD:AAA3934","Malaise trap PL12-1D",10.764,-85.335,"2017-05-25","1",655,"PLVBB"
"BIOUG54399-G04","PLVBC605-20","GMP#21164","Arthropoda","Insecta","Hymenoptera","Braconidae","Microgastrinae","Glyptapanteles","Glyptapanteles pamitchellae","BOLD:AAA3934","Malaise trap PL12-1D",10.764,-85.335,"2017-06-01","1",654,"PLVBC"
"BIOUG54409-A10","PLVBF159-20","GMP#21167","Arthropoda","Insecta","Hymenoptera","Braconidae","Microgastrinae","Hypomicrogaster","Hypomicrogaster OVRGDHJ03","BOLD:ACF0511","Malaise trap PL12-1D",10.764,-85.335,"2017-06-22","1",655,"PLVBF"
"BIOUG55480-B03","PLVBJ128-20","GMP#21171","Arthropoda","Insecta","Hymenoptera","Braconidae","Microgastrinae","Pseudapanteles","Pseudapanteles raulsolorzanoi","BOLD:AAA6667","Malaise trap PL12-1D",10.764,-85.335,"2017-07-20","1",654,"PLVBJ"
"BIOUG62206-G08","PLVCG186-20","GMP#27899","Arthropoda","Insecta","Hymenoptera","Braconidae","Microgastrinae","Parapanteles","Parapanteles tlineaDHJ01","BOLD:AED2446","Malaise trap PL12-1G",10.764,-85.335,"2019-12-26","1",654,"PLVCG"
"BIOUG62643-G02","PLVCT080-20","GMP#28042","Arthropoda","Insecta","Hymenoptera","Braconidae","Microgastrinae","Pseudapanteles","Pseudapanteles alvaroumanai","BOLD:AAE0922","Malaise trap PL12-1G",10.764,-85.335,"2020-03-26","1",654,"PLVCT"
"BIOUG62647-G02","PLVCV179-20","GMP#28044","Arthropoda","Insecta","Hymenoptera","Braconidae","Microgastrinae","Glyptapanteles","Glyptapanteles pamitchellae","BOLD:AAA3934","Malaise trap PL12-1G",10.764,-85.335,"2020-04-09","1",652,"PLVCV"
"BIOUG62652-E05","PLVCY127-20","GMP#28047","Arthropoda","Insecta","Hymenoptera","Braconidae","Microgastrinae","Pseudapanteles","Pseudapanteles alvaroumanai","BOLD:AAE0922","Malaise trap PL12-1G",10.764,-85.335,"2020-05-07","1",656,"PLVCY"
"BIOUG62652-E07","PLVCY129-20","GMP#28047","Arthropoda","Insecta","Hymenoptera","Braconidae","Microgastrinae","Glyptapanteles","Glyptapanteles Whitfield91","BOLD:ACL4468","Malaise trap PL12-1G",10.764,-85.335,"2020-05-07","1",657,"PLVCY"
"BIOUG62653-D11","PLVCZ050-20","GMP#28048","Arthropoda","Insecta","Hymenoptera","Braconidae","Microgastrinae","Pseudapanteles","Pseudapanteles Malaise3040","BOLD:ADB3040","Malaise trap PL12-1G",10.764,-85.335,"2020-05-14","1",651,"PLVCZ"
"BIOUG62653-E03","PLVCZ054-20","GMP#28048","Arthropoda","Insecta","Hymenoptera","Braconidae","Microgastrinae","Pseudapanteles","Pseudapanteles alvaroumanai","BOLD:AAE0922","Malaise trap PL12-1G",10.764,-85.335,"2020-05-14","1",650,"PLVCZ"
"BIOUG62658-A01","PLVDB209-20","GMP#28050","Arthropoda","Insecta","Hymenoptera","Braconidae","Microgastrinae","Pseudapanteles","Pseudapanteles raulsolorzanoi","BOLD:AAA6667","Malaise trap PL12-1G",10.764,-85.335,"2020-05-28","1",655,"PLVDB"
"BIOUG62658-A02","PLVDB210-20","GMP#28050","Arthropoda","Insecta","Hymenoptera","Braconidae","Microgastrinae","Pseudapanteles","Pseudapanteles raulsolorzanoi","BOLD:AAA6667","Malaise trap PL12-1G",10.764,-85.335,"2020-05-28","1",654,"PLVDB"
"BIOUG62658-B10","PLVDB230-20","GMP#28050","Arthropoda","Insecta","Hymenoptera","Braconidae","Microgastrinae","Pseudapanteles","Pseudapanteles alvaroumanai","BOLD:AAE0922","Malaise trap PL12-1G",10.764,-85.335,"2020-05-28","1",654,"PLVDB"
"BIOUG62661-E12","PLVDC053-20","GMP#28051","Arthropoda","Insecta","Hymenoptera","Braconidae","Microgastrinae","Pseudapanteles","Pseudapanteles raulsolorzanoi","BOLD:AAA6667","Malaise trap PL12-1G",10.764,-85.335,"2020-06-04","1",653,"PLVDC"
"BIOUG62661-B01","PLVDD202-20","GMP#28052","Arthropoda","Insecta","Hymenoptera","Braconidae","Microgastrinae","Pseudapanteles","Pseudapanteles raulsolorzanoi","BOLD:AAA6667","Malaise trap PL12-1G",10.764,-85.335,"2020-06-11","1",654,"PLVDD"
"BIOUG63474-H09","PLVDE2655-20","GMP#28053","Arthropoda","Insecta","Hymenoptera","Braconidae","Microgastrinae","Pseudapanteles","Pseudapanteles alvaroumanai","BOLD:AAE0922","Malaise trap PL12-1G",10.764,-85.335,"2020-06-18","1",654,"PLVDE"
"BIOUG63475-C01","PLVDE2682-20","GMP#28053","Arthropoda","Insecta","Hymenoptera","Braconidae","Microgastrinae","Pseudapanteles","Pseudapanteles raulsolorzanoi","BOLD:AAA6667","Malaise trap PL12-1G",10.764,-85.335,"2020-06-18","1",654,"PLVDE"
"BIOUG63475-E07","PLVDE2712-20","GMP#28053","Arthropoda","Insecta","Hymenoptera","Braconidae","Microgastrinae","Hypomicrogaster","Hypomicrogaster OVRGDHJ03","BOLD:ACF0511","Malaise trap PL12-1G",10.764,-85.335,"2020-06-18","1",653,"PLVDE"
"BIOUG63475-H07","PLVDE2748-20","GMP#28053","Arthropoda","Insecta","Hymenoptera","Braconidae","Microgastrinae","Pseudapanteles","Pseudapanteles alvaroumanai","BOLD:AAE0922","Malaise trap PL12-1G",10.764,-85.335,"2020-06-18","1",654,"PLVDE"
"BIOUG63476-A05","PLVDE2757-20","GMP#28053","Arthropoda","Insecta","Hymenoptera","Braconidae","Microgastrinae","Pseudapanteles","Pseudapanteles raulsolorzanoi","BOLD:AAA6667","Malaise trap PL12-1G",10.764,-85.335,"2020-06-18","1",654,"PLVDE"
"BIOUG63476-H01","PLVDE2837-20","GMP#28053","Arthropoda","Insecta","Hymenoptera","Braconidae","Microgastrinae","Snellenius","Snellenius lucindamcdadeae","BOLD:AAD3624","Malaise trap PL12-1G",10.764,-85.335,"2020-06-18","1",654,"PLVDE"
"BIOUG63477-F02","PLVDE2909-20","GMP#28053","Arthropoda","Insecta","Hymenoptera","Braconidae","Microgastrinae","Pseudapanteles","Pseudapanteles alvaroumanai","BOLD:AAE0922","Malaise trap PL12-1G",10.764,-85.335,"2020-06-18","1",654,"PLVDE"
"BIOUG63477-F03","PLVDE2910-20","GMP#28053","Arthropoda","Insecta","Hymenoptera","Braconidae","Microgastrinae","Pseudapanteles","Pseudapanteles alvaroumanai","BOLD:AAE0922","Malaise trap PL12-1G",10.764,-85.335,"2020-06-18","1",654,"PLVDE"
"BIOUG63477-G01","PLVDE2920-20","GMP#28053","Arthropoda","Insecta","Hymenoptera","Braconidae","Microgastrinae","Pseudapanteles","Pseudapanteles alvaroumanai","BOLD:AAE0922","Malaise trap PL12-1G",10.764,-85.335,"2020-06-18","1",653,"PLVDE"
"BIOUG55965-D10","PLWAC311-20","GMP#20982","Arthropoda","Insecta","Hymenoptera","Braconidae","Microgastrinae","Glyptapanteles","Glyptapanteles Malaise8087","BOLD:AAN8087","Malaise trap PL12-4D",10.763,-85.334,"2016-12-01","1",654,"PLWAC"
"BIOUG55970-H01","PLWAE283-20","GMP#20984","Arthropoda","Insecta","Hymenoptera","Braconidae","Microgastrinae","Pseudapanteles","Pseudapanteles alvaroumanai","BOLD:AAE0922","Malaise trap PL12-4D",10.763,-85.334,"2016-12-15","1",656,"PLWAE"
"BIOUG55972-G03","PLWAF264-20","GMP#20985","Arthropoda","Insecta","Hymenoptera","Braconidae","Microgastrinae","Glyptapanteles","Glyptapanteles Malaise2049","BOLD:AEA2049","Malaise trap PL12-4D",10.763,-85.334,"2016-12-22","1",652,"PLWAF"
"BIOUG55975-D04","PLWAG216-20","GMP#20986","Arthropoda","Insecta","Hymenoptera","Braconidae","Microgastrinae","Apanteles","Apanteles luciariosae","BOLD:ACV4289","Malaise trap PL12-4D",10.763,-85.334,"2016-12-29","1",654,"PLWAG"
"BIOUG55975-E04","PLWAG228-20","GMP#20986","Arthropoda","Insecta","Hymenoptera","Braconidae","Microgastrinae","Hypomicrogaster","Hypomicrogaster Janzen48","BOLD:ACE8845","Malaise trap PL12-4D",10.763,-85.334,"2016-12-29","1",657,"PLWAG"
"BIOUG55977-F11","PLWAH126-20","GMP#20987","Arthropoda","Insecta","Hymenoptera","Braconidae","Microgastrinae","Glyptapanteles","Glyptapanteles Malaise8087","BOLD:AAN8087","Malaise trap PL12-4D",10.763,-85.334,"2017-01-05","1",654,"PLWAH"
"BIOUG54626-B01","PLWAI298-20","GMP#20988","Arthropoda","Insecta","Hymenoptera","Braconidae","Microgastrinae","Glyptapanteles","Glyptapanteles Whitfield90","BOLD:AAY1040","Malaise trap PL12-4D",10.763,-85.334,"2017-01-12","1",654,"PLWAI"
"BIOUG54626-B02","PLWAI299-20","GMP#20988","Arthropoda","Insecta","Hymenoptera","Braconidae","Microgastrinae","Dolichogenidea","Dolichogenidea Janzen57","BOLD:AAM5842","Malaise trap PL12-4D",10.763,-85.334,"2017-01-12","1",656,"PLWAI"
"BIOUG54628-E08","PLWAJ223-20","GMP#20989","Arthropoda","Insecta","Hymenoptera","Braconidae","Microgastrinae","Parapanteles","Parapanteles tlineaDHJ01","BOLD:AED2446","Malaise trap PL12-4D",10.763,-85.334,"2017-01-19","1",654,"PLWAJ"
"BIOUG56227-A10","PLWAK449-20","GMP#20990","Arthropoda","Insecta","Hymenoptera","Braconidae","Microgastrinae","Cotesia","Cotesia Whitfield84","BOLD:AAJ5709","Malaise trap PL12-4D",10.763,-85.334,"2017-01-26","1",654,"PLWAK"
"BIOUG56230-H04","PLWAL374-20","GMP#20991","Arthropoda","Insecta","Hymenoptera","Braconidae","Microgastrinae","Apanteles","Apanteles harryramirezi","BOLD:AAE3605","Malaise trap PL12-4D",10.763,-85.334,"2017-02-02","1",654,"PLWAL"
"BIOUG56233-A07","PLWAM252-20","GMP#20992","Arthropoda","Insecta","Hymenoptera","Braconidae","Microgastrinae","Glyptapanteles","Glyptapanteles pamitchellae","BOLD:AAA3934","Malaise trap PL12-4D",10.763,-85.334,"2017-02-09","1",654,"PLWAM"
"BIOUG55093-E08","PLWAN074-20","GMP#20993","Arthropoda","Insecta","Hymenoptera","Braconidae","Microgastrinae","Dolichogenidea","Dolichogenidea Rodriguez144","BOLD:AAD2236","Malaise trap PL12-4D",10.763,-85.334,"2017-02-16","1",654,"PLWAN"
"BIOUG56106-D07","PLWAQ157-20","GMP#20996","Arthropoda","Insecta","Hymenoptera","Braconidae","Microgastrinae","Glyptapanteles","Glyptapanteles nataliaivanovae","BOLD:AAC5317","Malaise trap PL12-4D",10.763,-85.334,"2017-03-09","1",653,"PLWAQ"
"BIOUG56110-A12","PLWAR316-20","GMP#20997","Arthropoda","Insecta","Hymenoptera","Braconidae","Microgastrinae","Apanteles","Apanteles Janzen5893","BOLD:ADY5893","Malaise trap PL12-4D",10.763,-85.334,"2017-03-16","1",653,"PLWAR"
"BIOUG56110-B02","PLWAR318-20","GMP#20997","Arthropoda","Insecta","Hymenoptera","Braconidae","Microgastrinae","Pseudapanteles","Pseudapanteles alvaroumanai","BOLD:AAE0922","Malaise trap PL12-4D",10.763,-85.334,"2017-03-16","1",655,"PLWAR"
"BIOUG55819-F10","PLWAT236-20","GMP#20999","Arthropoda","Insecta","Hymenoptera","Braconidae","Microgastrinae","Apanteles","Apanteles Janzen5893","BOLD:ADY5893","Malaise trap PL12-4D",10.763,-85.334,"2017-03-30","1",667,"PLWAT"
"BIOUG55819-G01","PLWAT239-20","GMP#20999","Arthropoda","Insecta","Hymenoptera","Braconidae","Microgastrinae","Hypomicrogaster","Hypomicrogaster samarshalli","BOLD:AAF7670","Malaise trap PL12-4D",10.763,-85.334,"2017-03-30","1",653,"PLWAT"
"BIOUG55830-C07","PLWAW241-20","GMP#21002","Arthropoda","Insecta","Hymenoptera","Braconidae","Microgastrinae","Apanteles","Apanteles freddyquesadaiDHJ02","BOLD:AAC5219","Malaise trap PL12-4D",10.763,-85.334,"2017-04-20","1",640,"PLWAW"
"BIOUG55843-A08","PLWAZ624-20","GMP#21005","Arthropoda","Insecta","Hymenoptera","Braconidae","Microgastrinae","Pseudapanteles","Pseudapanteles raulsolorzanoi","BOLD:AAA6667","Malaise trap PL12-4D",10.763,-85.334,"2017-05-11","1",657,"PLWAZ"
"BIOUG55847-C12","PLWBA368-20","GMP#21006","Arthropoda","Insecta","Hymenoptera","Braconidae","Microgastrinae","Pseudapanteles","Pseudapanteles raulsolorzanoi","BOLD:AAA6667","Malaise trap PL12-4D",10.763,-85.334,"2017-05-18","1",654,"PLWBA"
"BIOUG55857-E11","PLWBC449-20","GMP#21008","Arthropoda","Insecta","Hymenoptera","Braconidae","Microgastrinae","Glyptapanteles","Glyptapanteles meganmiltonae","BOLD:AAI7301","Malaise trap PL12-4D",10.763,-85.334,"2017-06-01","1",653,"PLWBC"
"BIOUG54414-G08","PLWBE250-20","GMP#21010","Arthropoda","Insecta","Hymenoptera","Braconidae","Microgastrinae","Glyptapanteles","Glyptapanteles Whitfield75","BOLD:AAE7080","Malaise trap PL12-4D",10.763,-85.334,"2017-06-15","1",654,"PLWBE"
"BIOUG54414-H04","PLWBE258-20","GMP#21010","Arthropoda","Insecta","Hymenoptera","Braconidae","Microgastrinae","Glyptapanteles","Glyptapanteles Whitfield75","BOLD:AAE7080","Malaise trap PL12-4D",10.763,-85.334,"2017-06-15","1",659,"PLWBE"
"BIOUG55798-B06","PLWBK148-20","GMP#21016","Arthropoda","Insecta","Hymenoptera","Braconidae","Microgastrinae","Cotesia","Cotesia Whitfield05","BOLD:AAE9335","Malaise trap PL12-4D",10.763,-85.334,"2017-07-27","1",654,"PLWBK"
"BIOUG55704-G03","PLWBP109-20","GMP#21021","Arthropoda","Insecta","Hymenoptera","Braconidae","Microgastrinae","Glyptapanteles","Glyptapanteles sondrawardae","BOLD:AAA3077","Malaise trap PL12-4D",10.763,-85.334,"2017-08-31","1",655,"PLWBP"
"BIOUG64176-A02","PLWCC091-21","GMP#23360","Arthropoda","Insecta","Hymenoptera","Braconidae","Microgastrinae","Dolichogenidea","Dolichogenidea Rodriguez144","BOLD:AAD2236","Malaise trap PL12-2G",10.763,-85.335,"2019-11-28","1",655,"PLWCC"
"BIOUG61796-E06","PLWCG041-21","GMP#28193","Arthropoda","Insecta","Hymenoptera","Braconidae","Microgastrinae","Glyptapanteles","Glyptapanteles pamitchellae","BOLD:AAA3934","Malaise trap PL12-2G",10.763,-85.335,"2019-12-26","1",654,"PLWCG"
"BIOUG64718-F10","PLWCK242-21","GMP#28197","Arthropoda","Insecta","Hymenoptera","Braconidae","Microgastrinae","Glyptapanteles","Glyptapanteles pamitchellae","BOLD:AAA3934","Malaise trap PL12-2G",10.763,-85.335,"2020-01-23","1",654,"PLWCK"
"BIOUG64718-F12","PLWCK244-21","GMP#28197","Arthropoda","Insecta","Hymenoptera","Braconidae","Microgastrinae","Promicrogaster","Promicrogaster Malaise7200","BOLD:AEE7200","Malaise trap PL12-2G",10.763,-85.335,"2020-01-23","1",656,"PLWCK"
"BIOUG64718-G08","PLWCK252-21","GMP#28197","Arthropoda","Insecta","Hymenoptera","Braconidae","Microgastrinae","Glyptapanteles","Glyptapanteles Whitfield304","BOLD:AAM1075","Malaise trap PL12-2G",10.763,-85.335,"2020-01-23","1",654,"PLWCK"
"BIOUG64949-G06","PLWCM210-21","GMP#28199","Arthropoda","Insecta","Hymenoptera","Braconidae","Microgastrinae","Apanteles","Apanteles Malaise9568","BOLD:ADA9568","Malaise trap PL12-2G",10.763,-85.335,"2020-02-06","1",654,"PLWCM"
"BIOUG64952-G12","PLWCO176-21","GMP#28201","Arthropoda","Insecta","Hymenoptera","Braconidae","Microgastrinae","Apanteles","Apanteles Malaise9568","BOLD:ADA9568","Malaise trap PL12-2G",10.763,-85.335,"2020-02-20","1",654,"PLWCO"
"BIOUG64952-H02","PLWCO178-21","GMP#28201","Arthropoda","Insecta","Hymenoptera","Braconidae","Microgastrinae","Apanteles","Apanteles Malaise9568","BOLD:ADA9568","Malaise trap PL12-2G",10.763,-85.335,"2020-02-20","1",654,"PLWCO"
"BIOUG64952-H06","PLWCO182-21","GMP#28201","Arthropoda","Insecta","Hymenoptera","Braconidae","Microgastrinae","Apanteles","Apanteles Malaise9568","BOLD:ADA9568","Malaise trap PL12-2G",10.763,-85.335,"2020-02-20","1",654,"PLWCO"
"BIOUG64954-B12","PLWCP114-21","GMP#28202","Arthropoda","Insecta","Hymenoptera","Braconidae","Microgastrinae","Glyptapanteles","Glyptapanteles pamitchellae","BOLD:AAA3934","Malaise trap PL12-2G",10.763,-85.335,"2020-02-27","1",654,"PLWCP"
"BIOUG64954-C01","PLWCP115-21","GMP#28202","Arthropoda","Insecta","Hymenoptera","Braconidae","Microgastrinae","Apanteles","Apanteles Malaise9568","BOLD:ADA9568","Malaise trap PL12-2G",10.763,-85.335,"2020-02-27","1",653,"PLWCP"
"BIOUG63768-H06","PLWCQ154-21","GMP#28203","Arthropoda","Insecta","Hymenoptera","Braconidae","Microgastrinae","Promicrogaster","Promicrogaster alexmartinezi","BOLD:AAM6962","Malaise trap PL12-2G",10.763,-85.335,"2020-03-05","1",655,"PLWCQ"
"BIOUG63770-H04","PLWCR158-21","GMP#28204","Arthropoda","Insecta","Hymenoptera","Braconidae","Microgastrinae","Glyptapanteles","Glyptapanteles pamitchellae","BOLD:AAA3934","Malaise trap PL12-2G",10.763,-85.335,"2020-03-12","1",654,"PLWCR"
"BIOUG63770-H11","PLWCR165-21","GMP#28204","Arthropoda","Insecta","Hymenoptera","Braconidae","Microgastrinae","Dolichogenidea","Dolichogenidea malaise0710","BOLD:ADB0710","Malaise trap PL12-2G",10.763,-85.335,"2020-03-12","1",654,"PLWCR"
"BIOUG64963-F11","PLWCV274-21","GMP#28208","Arthropoda","Insecta","Hymenoptera","Braconidae","Microgastrinae","Dolichogenidea","Dolichogenidea Rodriguez144","BOLD:AAD2236","Malaise trap PL12-2G",10.763,-85.335,"2020-04-09","1",653,"PLWCV"
"BIOUG64729-F05","PLWCZ358-21","GMP#28212","Arthropoda","Insecta","Hymenoptera","Braconidae","Microgastrinae","Apanteles","Apanteles Malaise7955","BOLD:ADB7955","Malaise trap PL12-2G",10.763,-85.335,"2020-05-14","1",653,"PLWCZ"
"BIOUG64737-C12","PLWDA324-21","GMP#28213","Arthropoda","Insecta","Hymenoptera","Braconidae","Microgastrinae","Apanteles","Apanteles Malaise2941","BOLD:ADB2941","Malaise trap PL12-2G",10.763,-85.335,"2020-05-21","1",652,"PLWDA"
"BIOUG64737-G05","PLWDA365-21","GMP#28213","Arthropoda","Insecta","Hymenoptera","Braconidae","Microgastrinae","Apanteles","Apanteles Malaise2941","BOLD:ADB2941","Malaise trap PL12-2G",10.763,-85.335,"2020-05-21","1",654,"PLWDA"
"BIOUG64976-B02","PLWDD434-21","GMP#28216","Arthropoda","Insecta","Hymenoptera","Braconidae","Microgastrinae","Pseudapanteles","Pseudapanteles alvaroumanai","BOLD:AAE0922","Malaise trap PL12-2G",10.763,-85.335,"2020-06-11","1",653,"PLWDD"
"BIOUG65103-D05","PLWDN156-21","GMP#29118","Arthropoda","Insecta","Hymenoptera","Braconidae","Microgastrinae","Parapanteles","Parapanteles tlineaDHJ01","BOLD:AED2446","Malaise trap PL12-2G",10.763,-85.335,"2020-08-20","1",655,"PLWDN"
"BIOUG65103-D06","PLWDN157-21","GMP#29118","Arthropoda","Insecta","Hymenoptera","Braconidae","Microgastrinae","Parapanteles","Parapanteles tlineaDHJ01","BOLD:AED2446","Malaise trap PL12-2G",10.763,-85.335,"2020-08-20","1",653,"PLWDN"
"BIOUG56428-B03","PLXAC203-20","GMP#20826","Arthropoda","Insecta","Hymenoptera","Braconidae","Microgastrinae","Dolichogenidea","Dolichogenidea Malaise3265","BOLD:AEE3265","Malaise trap PL12-6D",10.764,-85.333,"2016-12-01","1",654,"PLXAC"
"BIOUG56441-A03","PLXAI193-20","GMP#20832","Arthropoda","Insecta","Hymenoptera","Braconidae","Microgastrinae","Apanteles","Apanteles malaise0925","BOLD:AEE0925","Malaise trap PL12-6D",10.764,-85.333,"2017-01-12","1",654,"PLXAI"
"BIOUG54430-H05","PLXAN143-20","GMP#20837","Arthropoda","Insecta","Hymenoptera","Braconidae","Microgastrinae","Dolichogenidea","Dolichogenidea Rodriguez144","BOLD:AAD2236","Malaise trap PL12-6D",10.764,-85.333,"2017-02-16","1",654,"PLXAN"
"BIOUG56247-A02","PLXAT254-20","GMP#20843","Arthropoda","Insecta","Hymenoptera","Braconidae","Microgastrinae","Apanteles","Apanteles oscarchavezi","BOLD:AAN7915","Malaise trap PL12-6D",10.764,-85.333,"2017-03-30","1",656,"PLXAT"
"BIOUG56248-H05","PLXAU122-20","GMP#20844","Arthropoda","Insecta","Hymenoptera","Braconidae","Microgastrinae","Hypomicrogaster","Hypomicrogaster samarshalli","BOLD:AAF7670","Malaise trap PL12-6D",10.764,-85.333,"2017-04-06","1",654,"PLXAU"
"BIOUG56252-G01","PLXAU486-20","GMP#20844","Arthropoda","Insecta","Hymenoptera","Braconidae","Microgastrinae","Hypomicrogaster","Hypomicrogaster samarshalli","BOLD:AAF7670","Malaise trap PL12-6D",10.764,-85.333,"2017-04-06","1",643,"PLXAU"
"BIOUG56256-G06","PLXAV437-20","GMP#20845","Arthropoda","Insecta","Hymenoptera","Braconidae","Microgastrinae","Apanteles","Apanteles Malaise9656","BOLD:ADA9656","Malaise trap PL12-6D",10.764,-85.333,"2017-04-13","1",653,"PLXAV"
"BIOUG56256-H07","PLXAV450-20","GMP#20845","Arthropoda","Insecta","Hymenoptera","Braconidae","Microgastrinae","Dolichogenidea","Dolichogenidea Rodriguez144","BOLD:AAD2236","Malaise trap PL12-6D",10.764,-85.333,"2017-04-13","1",653,"PLXAV"
"BIOUG56257-H09","PLXAW122-20","GMP#20846","Arthropoda","Insecta","Hymenoptera","Braconidae","Microgastrinae","Apanteles","Apanteles lilliammenae","BOLD:ACF3142","Malaise trap PL12-6D",10.764,-85.333,"2017-04-20","1",654,"PLXAW"
"BIOUG56113-C02","PLXAX423-20","GMP#20847","Arthropoda","Insecta","Hymenoptera","Braconidae","Microgastrinae","Parapanteles","Parapanteles Whitfield300","BOLD:AAK1628","Malaise trap PL12-6D",10.764,-85.333,"2017-04-27","1",655,"PLXAX"
"BIOUG56113-F05","PLXAX462-20","GMP#20847","Arthropoda","Insecta","Hymenoptera","Braconidae","Microgastrinae","Glyptapanteles","Glyptapanteles Malaise9358","BOLD:AEC9358","Malaise trap PL12-6D",10.764,-85.333,"2017-04-27","1",654,"PLXAX"
"BIOUG56113-F07","PLXAX464-20","GMP#20847","Arthropoda","Insecta","Hymenoptera","Braconidae","Microgastrinae","Pseudapanteles","Pseudapanteles Malaise3040","BOLD:ADB3040","Malaise trap PL12-6D",10.764,-85.333,"2017-04-27","1",654,"PLXAX"
"BIOUG56122-A06","PLXAY777-20","GMP#20848","Arthropoda","Insecta","Hymenoptera","Braconidae","Microgastrinae","Pseudapanteles","Pseudapanteles Malaise3040","BOLD:ADB3040","Malaise trap PL12-6D",10.764,-85.333,"2017-05-04","1",654,"PLXAY"
"BIOUG56122-A07","PLXAY778-20","GMP#20848","Arthropoda","Insecta","Hymenoptera","Braconidae","Microgastrinae","Pseudapanteles","Pseudapanteles raulsolorzanoi","BOLD:AAA6667","Malaise trap PL12-6D",10.764,-85.333,"2017-05-04","1",657,"PLXAY"
"BIOUG55518-D08","PLXBA709-20","GMP#20850","Arthropoda","Insecta","Hymenoptera","Braconidae","Microgastrinae","Glyptapanteles","Glyptapanteles Whitfield75","BOLD:AAE7080","Malaise trap PL12-6D",10.764,-85.333,"2017-05-18","1",655,"PLXBA"
"BIOUG55518-F12","PLXBA737-20","GMP#20850","Arthropoda","Insecta","Hymenoptera","Braconidae","Microgastrinae","Glyptapanteles","Glyptapanteles pamitchellae","BOLD:AAA3934","Malaise trap PL12-6D",10.764,-85.333,"2017-05-18","1",652,"PLXBA"
"BIOUG55518-G04","PLXBA741-20","GMP#20850","Arthropoda","Insecta","Hymenoptera","Braconidae","Microgastrinae","Pseudapanteles","Pseudapanteles raulsolorzanoi","BOLD:AAA6667","Malaise trap PL12-6D",10.764,-85.333,"2017-05-18","1",652,"PLXBA"
"BIOUG55518-G11","PLXBA748-20","GMP#20850","Arthropoda","Insecta","Hymenoptera","Braconidae","Microgastrinae","Apanteles","Apanteles jairomoyai","BOLD:AAK1709","Malaise trap PL12-6D",10.764,-85.333,"2017-05-18","1",655,"PLXBA"
"BIOUG55529-D09","PLXBC373-20","GMP#20852","Arthropoda","Insecta","Hymenoptera","Braconidae","Microgastrinae","Pseudapanteles","Pseudapanteles raulsolorzanoi","BOLD:AAA6667","Malaise trap PL12-6D",10.764,-85.333,"2017-06-01","1",655,"PLXBC"
"BIOUG55533-G06","PLXBD311-20","GMP#20853","Arthropoda","Insecta","Hymenoptera","Braconidae","Microgastrinae","Glyptapanteles","Glyptapanteles Whitfield75","BOLD:AAE7080","Malaise trap PL12-6D",10.764,-85.333,"2017-06-08","1",653,"PLXBD"
"BIOUG55533-G11","PLXBD316-20","GMP#20853","Arthropoda","Insecta","Hymenoptera","Braconidae","Microgastrinae","Glyptapanteles","Glyptapanteles Whitfield75","BOLD:AAE7080","Malaise trap PL12-6D",10.764,-85.333,"2017-06-08","1",655,"PLXBD"
"BIOUG55542-G02","PLXBF230-20","GMP#20855","Arthropoda","Insecta","Hymenoptera","Braconidae","Microgastrinae","Glyptapanteles","Glyptapanteles pamitchellae","BOLD:AAA3934","Malaise trap PL12-6D",10.764,-85.333,"2017-06-22","1",655,"PLXBF"
"BIOUG56138-G02","PLXBH218-20","GMP#20857","Arthropoda","Insecta","Hymenoptera","Braconidae","Microgastrinae","Hypomicrogaster","Hypomicrogaster Whitfield44","BOLD:AAF4762","Malaise trap PL12-6D",10.764,-85.333,"2017-07-06","1",660,"PLXBH"
"BIOUG55660-E05","PLXBU041-20","GMP#20870","Arthropoda","Insecta","Hymenoptera","Braconidae","Microgastrinae","Pseudapanteles","Pseudapanteles Malaise3040","BOLD:ADB3040","Malaise trap PL12-6D",10.764,-85.333,"2017-10-05","1",653,"PLXBU"
"BIOUG62518-G03","PLXCB1126-20","GMP#27862","Arthropoda","Insecta","Hymenoptera","Braconidae","Microgastrinae","Pseudapanteles","Pseudapanteles alvaroumanai","BOLD:AAE0922","Malaise trap PL12-3G",10.763,-85.334,"2019-11-21","1",653,"PLXCB"
"BIOUG62519-A08","PLXCB1154-20","GMP#27862","Arthropoda","Insecta","Hymenoptera","Braconidae","Microgastrinae","Glyptapanteles","Glyptapanteles jesusugaldei","BOLD:ABX6466","Malaise trap PL12-3G",10.763,-85.334,"2019-11-21","1",654,"PLXCB"
"BIOUG62534-A02","PLXCC977-20","GMP#27863","Arthropoda","Insecta","Hymenoptera","Braconidae","Microgastrinae","Glyptapanteles","Glyptapanteles Malaise8087","BOLD:AAN8087","Malaise trap PL12-3G",10.763,-85.334,"2019-11-28","1",652,"PLXCC"
"BIOUG62552-C02","PLXCD1027-20","GMP#27864","Arthropoda","Insecta","Hymenoptera","Braconidae","Microgastrinae","Pseudapanteles","Pseudapanteles alvaroumanai","BOLD:AAE0922","Malaise trap PL12-3G",10.763,-85.334,"2019-12-05","1",654,"PLXCD"
"BIOUG62552-D06","PLXCD1043-20","GMP#27864","Arthropoda","Insecta","Hymenoptera","Braconidae","Microgastrinae","Alphomelon","Alphomelon disputabile","BOLD:AAF3301","Malaise trap PL12-3G",10.763,-85.334,"2019-12-05","1",655,"PLXCD"
"BIOUG62552-E11","PLXCD1060-20","GMP#27864","Arthropoda","Insecta","Hymenoptera","Braconidae","Microgastrinae","Glyptapanteles","Glyptapanteles pamitchellae","BOLD:AAA3934","Malaise trap PL12-3G",10.763,-85.334,"2019-12-05","1",653,"PLXCD"
"BIOUG62553-C07","PLXCD1127-20","GMP#27864","Arthropoda","Insecta","Hymenoptera","Braconidae","Microgastrinae","Glyptapanteles","Glyptapanteles pamitchellae","BOLD:AAA3934","Malaise trap PL12-3G",10.763,-85.334,"2019-12-05","1",654,"PLXCD"
"BIOUG62553-E05","PLXCD1149-20","GMP#27864","Arthropoda","Insecta","Hymenoptera","Braconidae","Microgastrinae","Parapanteles","Parapanteles tlineaDHJ01","BOLD:AED2446","Malaise trap PL12-3G",10.763,-85.334,"2019-12-05","1",650,"PLXCD"
"BIOUG62553-E06","PLXCD1150-20","GMP#27864","Arthropoda","Insecta","Hymenoptera","Braconidae","Microgastrinae","Pseudapanteles","Pseudapanteles raulsolorzanoi","BOLD:AAA6667","Malaise trap PL12-3G",10.763,-85.334,"2019-12-05","1",652,"PLXCD"
"BIOUG62555-F03","PLXCD1349-20","GMP#27864","Arthropoda","Insecta","Hymenoptera","Braconidae","Microgastrinae","Glyptapanteles","Glyptapanteles Malaise8087","BOLD:AAN8087","Malaise trap PL12-3G",10.763,-85.334,"2019-12-05","1",655,"PLXCD"
"BIOUG62557-A05","PLXCD1481-20","GMP#27864","Arthropoda","Insecta","Hymenoptera","Braconidae","Microgastrinae","Glyptapanteles","Glyptapanteles Malaise8087","BOLD:AAN8087","Malaise trap PL12-3G",10.763,-85.334,"2019-12-05","1",654,"PLXCD"
"BIOUG62791-C01","PLXCE1039-20","GMP#27865","Arthropoda","Insecta","Hymenoptera","Braconidae","Microgastrinae","Glyptapanteles","Glyptapanteles Malaise8087","BOLD:AAN8087","Malaise trap PL12-3G",10.763,-85.334,"2019-12-12","1",656,"PLXCE"
"BIOUG62791-D08","PLXCE1058-20","GMP#27865","Arthropoda","Insecta","Hymenoptera","Braconidae","Microgastrinae","Pseudapanteles","Pseudapanteles raulsolorzanoi","BOLD:AAA6667","Malaise trap PL12-3G",10.763,-85.334,"2019-12-12","1",654,"PLXCE"
"BIOUG62790-B02","PLXCE933-20","GMP#27865","Arthropoda","Insecta","Hymenoptera","Braconidae","Microgastrinae","Glyptapanteles","Glyptapanteles Janzen4535","BOLD:AEB1477","Malaise trap PL12-3G",10.763,-85.334,"2019-12-12","1",656,"PLXCE"
"BIOUG62790-E04","PLXCE971-20","GMP#27865","Arthropoda","Insecta","Hymenoptera","Braconidae","Microgastrinae","Glyptapanteles","Glyptapanteles Malaise8087","BOLD:AAN8087","Malaise trap PL12-3G",10.763,-85.334,"2019-12-12","1",654,"PLXCE"
"BIOUG61353-D05","PLXCF1658-20","GMP#27866","Arthropoda","Insecta","Hymenoptera","Braconidae","Microgastrinae","Pseudapanteles","Pseudapanteles raulsolorzanoi","BOLD:AAA6667","Malaise trap PL12-3G",10.763,-85.334,"2019-12-19","1",654,"PLXCF"
"BIOUG61353-D09","PLXCF1662-20","GMP#27866","Arthropoda","Insecta","Hymenoptera","Braconidae","Microgastrinae","Rhygoplitis","Rhygoplitis Whitfield01","BOLD:AAC0735","Malaise trap PL12-3G",10.763,-85.334,"2019-12-19","1",654,"PLXCF"
"BIOUG61354-E12","PLXCF1772-20","GMP#27866","Arthropoda","Insecta","Hymenoptera","Braconidae","Microgastrinae","Diolcogaster","Diolcogaster Choi53","BOLD:AAF5702","Malaise trap PL12-3G",10.763,-85.334,"2019-12-19","1",655,"PLXCF"
"BIOUG61354-F03","PLXCF1775-20","GMP#27866","Arthropoda","Insecta","Hymenoptera","Braconidae","Microgastrinae","Glyptapanteles","Glyptapanteles Malaise8087","BOLD:AAN8087","Malaise trap PL12-3G",10.763,-85.334,"2019-12-19","1",655,"PLXCF"
"BIOUG61370-A09","PLXCG1405-20","GMP#27867","Arthropoda","Insecta","Hymenoptera","Braconidae","Microgastrinae","Dolichogenidea","Dolichogenidea Rodriguez144","BOLD:AAD2236","Malaise trap PL12-3G",10.763,-85.334,"2019-12-26","1",655,"PLXCG"
"BIOUG61370-B09","PLXCG1417-20","GMP#27867","Arthropoda","Insecta","Hymenoptera","Braconidae","Microgastrinae","Glyptapanteles","Glyptapanteles Malaise8087","BOLD:AAN8087","Malaise trap PL12-3G",10.763,-85.334,"2019-12-26","1",656,"PLXCG"
"BIOUG61370-H09","PLXCG1489-20","GMP#27867","Arthropoda","Insecta","Hymenoptera","Braconidae","Microgastrinae","Apanteles","Apanteles carolinacanoae","BOLD:AAE2842","Malaise trap PL12-3G",10.763,-85.334,"2019-12-26","1",654,"PLXCG"
"BIOUG61371-D10","PLXCG1537-20","GMP#27867","Arthropoda","Insecta","Hymenoptera","Braconidae","Microgastrinae","Pseudapanteles","Pseudapanteles alvaroumanai","BOLD:AAE0922","Malaise trap PL12-3G",10.763,-85.334,"2019-12-26","1",655,"PLXCG"
"BIOUG61371-E10","PLXCG1549-20","GMP#27867","Arthropoda","Insecta","Hymenoptera","Braconidae","Microgastrinae","Diolcogaster","Diolcogaster Choi77","BOLD:AAB9863","Malaise trap PL12-3G",10.763,-85.334,"2019-12-26","1",653,"PLXCG"
"BIOUG61372-D07","PLXCG1629-20","GMP#27867","Arthropoda","Insecta","Hymenoptera","Braconidae","Microgastrinae","Apanteles","Apanteles freddyquesadaiDHJ02","BOLD:AAC5219","Malaise trap PL12-3G",10.763,-85.334,"2019-12-26","1",653,"PLXCG"
"BIOUG61372-D11","PLXCG1633-20","GMP#27867","Arthropoda","Insecta","Hymenoptera","Braconidae","Microgastrinae","Glyptapanteles","Glyptapanteles Whitfield75","BOLD:AAE7080","Malaise trap PL12-3G",10.763,-85.334,"2019-12-26","1",655,"PLXCG"
"BIOUG61372-F09","PLXCG1655-20","GMP#27867","Arthropoda","Insecta","Hymenoptera","Braconidae","Microgastrinae","Cotesia","Cotesia Malaise3022","BOLD:AEH3022","Malaise trap PL12-3G",10.763,-85.334,"2019-12-26","1",653,"PLXCG"
"BIOUG62190-E04","PLXCH1457-20","GMP#27868","Arthropoda","Insecta","Hymenoptera","Braconidae","Microgastrinae","Glyptapanteles","Glyptapanteles Malaise8087","BOLD:AAN8087","Malaise trap PL12-3G",10.763,-85.334,"2020-01-02","1",654,"PLXCH"
"BIOUG62191-C02","PLXCH1526-20","GMP#27868","Arthropoda","Insecta","Hymenoptera","Braconidae","Microgastrinae","Glyptapanteles","Glyptapanteles Malaise8087","BOLD:AAN8087","Malaise trap PL12-3G",10.763,-85.334,"2020-01-02","1",654,"PLXCH"
"BIOUG62192-B01","PLXCH1608-20","GMP#27868","Arthropoda","Insecta","Hymenoptera","Braconidae","Microgastrinae","Dolichogenidea","Dolichogenidea Janzen5847","BOLD:AAM5847","Malaise trap PL12-3G",10.763,-85.334,"2020-01-02","1",653,"PLXCH"
"BIOUG59445-D12","PLXCI1599-20","GMP#27869","Arthropoda","Insecta","Hymenoptera","Braconidae","Microgastrinae","Pseudapanteles","Pseudapanteles Malaise3040","BOLD:ADB3040","Malaise trap PL12-3G",10.763,-85.334,"2020-01-09","1",652,"PLXCI"
"BIOUG59461-B12","PLXCJ1226-20","GMP#27870","Arthropoda","Insecta","Hymenoptera","Braconidae","Microgastrinae","Dolichogenidea","Dolichogenidea Malaise2202","BOLD:AEH2202","Malaise trap PL12-3G",10.763,-85.334,"2020-01-16","1",655,"PLXCJ"
"BIOUG59463-H01","PLXCJ1477-20","GMP#27870","Arthropoda","Insecta","Hymenoptera","Braconidae","Microgastrinae","Glyptapanteles","Glyptapanteles Malaise8087","BOLD:AAN8087","Malaise trap PL12-3G",10.763,-85.334,"2020-01-16","1",654,"PLXCJ"
"BIOUG59455-D09","PLXCJ677-20","GMP#27870","Arthropoda","Insecta","Hymenoptera","Braconidae","Microgastrinae","Glyptapanteles","Glyptapanteles Malaise6541","BOLD:ABX6541","Malaise trap PL12-3G",10.763,-85.334,"2020-01-16","1",653,"PLXCJ"
"BIOUG62104-B12","PLXCL309-20","GMP#27872","Arthropoda","Insecta","Hymenoptera","Braconidae","Microgastrinae","Cotesia","Cotesia Whitfield17","BOLD:AAA7143","Malaise trap PL12-3G",10.763,-85.334,"2020-01-30","1",653,"PLXCL"
"BIOUG62104-G08","PLXCL365-20","GMP#27872","Arthropoda","Insecta","Hymenoptera","Braconidae","Microgastrinae","Hypomicrogaster","Hypomicrogaster Whitfield39","BOLD:AAI7795","Malaise trap PL12-3G",10.763,-85.334,"2020-01-30","1",651,"PLXCL"
"BIOUG59481-A09","PLXCM1583-20","GMP#27873","Arthropoda","Insecta","Hymenoptera","Braconidae","Microgastrinae","Apanteles","Apanteles juancarrilloi","BOLD:AAC8420","Malaise trap PL12-3G",10.763,-85.334,"2020-02-06","1",654,"PLXCM"
"BIOUG59481-B07","PLXCM1593-20","GMP#27873","Arthropoda","Insecta","Hymenoptera","Braconidae","Microgastrinae","Glyptapanteles","Glyptapanteles Malaise8087","BOLD:AAN8087","Malaise trap PL12-3G",10.763,-85.334,"2020-02-06","1",656,"PLXCM"
"BIOUG59466-C12","PLXCM185-20","GMP#27873","Arthropoda","Insecta","Hymenoptera","Braconidae","Microgastrinae","Dolichogenidea","Dolichogenidea Rodriguez195","BOLD:AAM5088","Malaise trap PL12-3G",10.763,-85.334,"2020-02-06","1",653,"PLXCM"
"BIOUG59472-B08","PLXCM739-20","GMP#27873","Arthropoda","Insecta","Hymenoptera","Braconidae","Microgastrinae","Glyptapanteles","Glyptapanteles Malaise8087","BOLD:AAN8087","Malaise trap PL12-3G",10.763,-85.334,"2020-02-06","1",655,"PLXCM"
"BIOUG59472-C06","PLXCM749-20","GMP#27873","Arthropoda","Insecta","Hymenoptera","Braconidae","Microgastrinae","Glyptapanteles","Glyptapanteles Malaise8087","BOLD:AAN8087","Malaise trap PL12-3G",10.763,-85.334,"2020-02-06","1",655,"PLXCM"
"BIOUG59473-A12","PLXCM826-20","GMP#27873","Arthropoda","Insecta","Hymenoptera","Braconidae","Microgastrinae","Pseudapanteles","Pseudapanteles Malaise3040","BOLD:ADB3040","Malaise trap PL12-3G",10.763,-85.334,"2020-02-06","1",654,"PLXCM"
"BIOUG59473-E06","PLXCM868-20","GMP#27873","Arthropoda","Insecta","Hymenoptera","Braconidae","Microgastrinae","Glyptapanteles","Glyptapanteles Malaise8087","BOLD:AAN8087","Malaise trap PL12-3G",10.763,-85.334,"2020-02-06","1",654,"PLXCM"
"BIOUG62756-G06","PLXCN1016-20","GMP#27874","Arthropoda","Insecta","Hymenoptera","Braconidae","Microgastrinae","Cotesia","Cotesia Malaise3022","BOLD:AEH3022","Malaise trap PL12-3G",10.763,-85.334,"2020-02-13","1",653,"PLXCN"
"BIOUG62757-A05","PLXCN1038-20","GMP#27874","Arthropoda","Insecta","Hymenoptera","Braconidae","Microgastrinae","Diolcogaster","Diolcogaster Janzen03","BOLD:AAF5712","Malaise trap PL12-3G",10.763,-85.334,"2020-02-13","1",655,"PLXCN"
"BIOUG62757-A11","PLXCN1044-20","GMP#27874","Arthropoda","Insecta","Hymenoptera","Braconidae","Microgastrinae","Apanteles","Apanteles oscarchavezi","BOLD:AAN7915","Malaise trap PL12-3G",10.763,-85.334,"2020-02-13","1",654,"PLXCN"
"BIOUG62757-D02","PLXCN1071-20","GMP#27874","Arthropoda","Insecta","Hymenoptera","Braconidae","Microgastrinae","Dolichogenidea","Dolichogenidea Rodriguez195","BOLD:AAM5088","Malaise trap PL12-3G",10.763,-85.334,"2020-02-13","1",655,"PLXCN"
"BIOUG62758-B07","PLXCN1147-20","GMP#27874","Arthropoda","Insecta","Hymenoptera","Braconidae","Microgastrinae","Cotesia","Cotesia Malaise3022","BOLD:AEH3022","Malaise trap PL12-3G",10.763,-85.334,"2020-02-13","1",654,"PLXCN"
"BIOUG62755-A07","PLXCN850-20","GMP#27874","Arthropoda","Insecta","Hymenoptera","Braconidae","Microgastrinae","Pseudapanteles","Pseudapanteles raulsolorzanoi","BOLD:AAA6667","Malaise trap PL12-3G",10.763,-85.334,"2020-02-13","1",655,"PLXCN"
"BIOUG62755-C12","PLXCN879-20","GMP#27874","Arthropoda","Insecta","Hymenoptera","Braconidae","Microgastrinae","Glyptapanteles","Glyptapanteles Malaise8087","BOLD:AAN8087","Malaise trap PL12-3G",10.763,-85.334,"2020-02-13","1",653,"PLXCN"
"BIOUG62755-D05","PLXCN884-20","GMP#27874","Arthropoda","Insecta","Hymenoptera","Braconidae","Microgastrinae","Cotesia","Cotesia Malaise3022","BOLD:AEH3022","Malaise trap PL12-3G",10.763,-85.334,"2020-02-13","1",653,"PLXCN"
"BIOUG62755-D12","PLXCN891-20","GMP#27874","Arthropoda","Insecta","Hymenoptera","Braconidae","Microgastrinae","Apanteles","Apanteles oscarchavezi","BOLD:AAN7915","Malaise trap PL12-3G",10.763,-85.334,"2020-02-13","1",655,"PLXCN"
"BIOUG62755-F05","PLXCN908-20","GMP#27874","Arthropoda","Insecta","Hymenoptera","Braconidae","Microgastrinae","Apanteles","Apanteles oscarchavezi","BOLD:AAN7915","Malaise trap PL12-3G",10.763,-85.334,"2020-02-13","1",656,"PLXCN"
"BIOUG62756-C02","PLXCN964-20","GMP#27874","Arthropoda","Insecta","Hymenoptera","Braconidae","Microgastrinae","Apanteles","Apanteles Malaise9656","BOLD:ADA9656","Malaise trap PL12-3G",10.763,-85.334,"2020-02-13","1",656,"PLXCN"
"BIOUG62756-D01","PLXCN975-20","GMP#27874","Arthropoda","Insecta","Hymenoptera","Braconidae","Microgastrinae","Apanteles","Apanteles eduardoramirezi","BOLD:AAA4554","Malaise trap PL12-3G",10.763,-85.334,"2020-02-13","1",654,"PLXCN"
"BIOUG62116-C06","PLXCO425-20","GMP#27875","Arthropoda","Insecta","Hymenoptera","Braconidae","Microgastrinae","Dolichogenidea","Dolichogenidea Janzen5847","BOLD:AAM5847","Malaise trap PL12-3G",10.763,-85.334,"2020-02-20","1",651,"PLXCO"
"BIOUG62116-C10","PLXCO429-20","GMP#27875","Arthropoda","Insecta","Hymenoptera","Braconidae","Microgastrinae","Dolichogenidea","Dolichogenidea Janzen5847","BOLD:AAM5847","Malaise trap PL12-3G",10.763,-85.334,"2020-02-20","1",652,"PLXCO"
"BIOUG62116-H03","PLXCO482-20","GMP#27875","Arthropoda","Insecta","Hymenoptera","Braconidae","Microgastrinae","Apanteles","Apanteles Malaise9568","BOLD:ADA9568","Malaise trap PL12-3G",10.763,-85.334,"2020-02-20","1",652,"PLXCO"
"BIOUG63120-E05","PLXCO630-20","GMP#27875","Arthropoda","Insecta","Hymenoptera","Braconidae","Microgastrinae","Hypomicrogaster","Hypomicrogaster Janzen160","BOLD:AAM5150","Malaise trap PL12-3G",10.763,-85.334,"2020-02-20","1",654,"PLXCO"
"BIOUG63120-E11","PLXCO636-20","GMP#27875","Arthropoda","Insecta","Hymenoptera","Braconidae","Microgastrinae","Apanteles","Apanteles Malaise9568","BOLD:ADA9568","Malaise trap PL12-3G",10.763,-85.334,"2020-02-20","1",653,"PLXCO"
"BIOUG59498-H01","PLXCP1371-20","GMP#27876","Arthropoda","Insecta","Hymenoptera","Braconidae","Microgastrinae","Dolichogenidea","Dolichogenidea Janzen5847","BOLD:AAM5847","Malaise trap PL12-3G",10.763,-85.334,"2020-02-27","1",654,"PLXCP"
"BIOUG59494-A01","PLXCP907-20","GMP#27876","Arthropoda","Insecta","Hymenoptera","Braconidae","Microgastrinae","Apanteles","Apanteles Malaise9568","BOLD:ADA9568","Malaise trap PL12-3G",10.763,-85.334,"2020-02-27","1",641,"PLXCP"
"BIOUG59494-B01","PLXCP919-20","GMP#27876","Arthropoda","Insecta","Hymenoptera","Braconidae","Microgastrinae","Pseudapanteles","Pseudapanteles soniapicadoae","BOLD:AAX8739","Malaise trap PL12-3G",10.763,-85.334,"2020-02-27","1",654,"PLXCP"
"BIOUG59494-B12","PLXCP930-20","GMP#27876","Arthropoda","Insecta","Hymenoptera","Braconidae","Microgastrinae","Dolichogenidea","Dolichogenidea Janzen5847","BOLD:AAM5847","Malaise trap PL12-3G",10.763,-85.334,"2020-02-27","1",644,"PLXCP"
"BIOUG59494-G12","PLXCP990-20","GMP#27876","Arthropoda","Insecta","Hymenoptera","Braconidae","Microgastrinae","Sendaphne","Sendaphne Malaise1237","BOLD:AEH1237","Malaise trap PL12-3G",10.763,-85.334,"2020-02-27","1",653,"PLXCP"
"BIOUG62904-C03","PLXCQ495-20","GMP#27877","Arthropoda","Insecta","Hymenoptera","Braconidae","Microgastrinae","Apanteles","Apanteles Malaise9568","BOLD:ADA9568","Malaise trap PL12-3G",10.763,-85.334,"2020-03-05","1",653,"PLXCQ"
"BIOUG62904-G01","PLXCQ541-20","GMP#27877","Arthropoda","Insecta","Hymenoptera","Braconidae","Microgastrinae","Dolichogenidea","Dolichogenidea Rodriguez195","BOLD:AAM5088","Malaise trap PL12-3G",10.763,-85.334,"2020-03-05","1",654,"PLXCQ"
"BIOUG62764-F10","PLXCR593-20","GMP#27878","Arthropoda","Insecta","Hymenoptera","Braconidae","Microgastrinae","Dolichogenidea","Dolichogenidea Janzen5847","BOLD:AAM5847","Malaise trap PL12-3G",10.763,-85.334,"2020-03-12","1",655,"PLXCR"
"BIOUG62764-H06","PLXCR613-20","GMP#27878","Arthropoda","Insecta","Hymenoptera","Braconidae","Microgastrinae","Glyptapanteles","Glyptapanteles Whitfield189","BOLD:AAI7285","Malaise trap PL12-3G",10.763,-85.334,"2020-03-12","1",655,"PLXCR"
"BIOUG62765-B02","PLXCR632-20","GMP#27878","Arthropoda","Insecta","Hymenoptera","Braconidae","Microgastrinae","Dolichogenidea","Dolichogenidea Janzen5847","BOLD:AAM5847","Malaise trap PL12-3G",10.763,-85.334,"2020-03-12","1",652,"PLXCR"
"BIOUG62770-B02","PLXCS409-20","GMP#27879","Arthropoda","Insecta","Hymenoptera","Braconidae","Microgastrinae","Glyptapanteles","Glyptapanteles shelbystedenfeldae","BOLD:AAC1266","Malaise trap PL12-3G",10.763,-85.334,"2020-03-19","1",656,"PLXCS"
"BIOUG62770-D12","PLXCS443-20","GMP#27879","Arthropoda","Insecta","Hymenoptera","Braconidae","Microgastrinae","Glyptapanteles","Glyptapanteles Malaise2009","BOLD:ADB2009","Malaise trap PL12-3G",10.763,-85.334,"2020-03-19","1",656,"PLXCS"
"BIOUG62770-F05","PLXCS460-20","GMP#27879","Arthropoda","Insecta","Hymenoptera","Braconidae","Microgastrinae","Dolichogenidea","Dolichogenidea Malaise1263","BOLD:ACL1263","Malaise trap PL12-3G",10.763,-85.334,"2020-03-19","1",655,"PLXCS"
"BIOUG62354-D01","PLXCT011-20","GMP#27880","Arthropoda","Insecta","Hymenoptera","Braconidae","Microgastrinae","Promicrogaster","Promicrogaster Malaise4302","BOLD:AEH4302","Malaise trap PL12-3G",10.763,-85.334,"2020-03-26","1",653,"PLXCT"
"BIOUG62916-C02","PLXCV813-20","GMP#27882","Arthropoda","Insecta","Hymenoptera","Braconidae","Microgastrinae","Pseudapanteles","Pseudapanteles raulsolorzanoi","BOLD:AAA6667","Malaise trap PL12-3G",10.763,-85.334,"2020-04-09","1",655,"PLXCV"
"BIOUG62917-A02","PLXCV884-20","GMP#27882","Arthropoda","Insecta","Hymenoptera","Braconidae","Microgastrinae","Rhygoplitis","Rhygoplitis Whitfield01","BOLD:AAC0735","Malaise trap PL12-3G",10.763,-85.334,"2020-04-09","1",654,"PLXCV"
"BIOUG62933-A05","PLXCX509-20","GMP#27884","Arthropoda","Insecta","Hymenoptera","Braconidae","Microgastrinae","Pseudapanteles","Pseudapanteles raulsolorzanoi","BOLD:AAA6667","Malaise trap PL12-3G",10.763,-85.334,"2020-04-30","1",656,"PLXCX"
"BIOUG62933-H06","PLXCX594-20","GMP#27884","Arthropoda","Insecta","Hymenoptera","Braconidae","Microgastrinae","Apanteles","Apanteles Malaise2941","BOLD:ADB2941","Malaise trap PL12-3G",10.763,-85.334,"2020-04-30","1",654,"PLXCX"
"BIOUG62934-C03","PLXCX626-20","GMP#27884","Arthropoda","Insecta","Hymenoptera","Braconidae","Microgastrinae","Pseudapanteles","Pseudapanteles raulsolorzanoi","BOLD:AAA6667","Malaise trap PL12-3G",10.763,-85.334,"2020-04-30","1",657,"PLXCX"
"BIOUG62943-B06","PLXCY796-20","GMP#27885","Arthropoda","Insecta","Hymenoptera","Braconidae","Microgastrinae","Glyptapanteles","Glyptapanteles Whitfield91","BOLD:ACL4468","Malaise trap PL12-3G",10.763,-85.334,"2020-05-07","1",665,"PLXCY"
"BIOUG63124-A01","PLXCZ511-20","GMP#27886","Arthropoda","Insecta","Hymenoptera","Braconidae","Microgastrinae","Apanteles","Apanteles eduardoramirezi","BOLD:AAA4554","Malaise trap PL12-3G",10.763,-85.334,"2020-05-14","1",654,"PLXCZ"
"BIOUG63124-B03","PLXCZ525-20","GMP#27886","Arthropoda","Insecta","Hymenoptera","Braconidae","Microgastrinae","Pseudapanteles","Pseudapanteles alvaroumanai","BOLD:AAE0922","Malaise trap PL12-3G",10.763,-85.334,"2020-05-14","1",656,"PLXCZ"
"BIOUG63124-D01","PLXCZ547-20","GMP#27886","Arthropoda","Insecta","Hymenoptera","Braconidae","Microgastrinae","Glyptapanteles","Glyptapanteles Whitfield91","BOLD:ACL4468","Malaise trap PL12-3G",10.763,-85.334,"2020-05-14","1",653,"PLXCZ"
"BIOUG63124-D02","PLXCZ548-20","GMP#27886","Arthropoda","Insecta","Hymenoptera","Braconidae","Microgastrinae","Glyptapanteles","Glyptapanteles pamitchellae","BOLD:AAA3934","Malaise trap PL12-3G",10.763,-85.334,"2020-05-14","1",655,"PLXCZ"
"BIOUG63124-D10","PLXCZ556-20","GMP#27886","Arthropoda","Insecta","Hymenoptera","Braconidae","Microgastrinae","Pseudapanteles","Pseudapanteles raulsolorzanoi","BOLD:AAA6667","Malaise trap PL12-3G",10.763,-85.334,"2020-05-14","1",654,"PLXCZ"
"BIOUG63124-F05","PLXCZ575-20","GMP#27886","Arthropoda","Insecta","Hymenoptera","Braconidae","Microgastrinae","Dolichogenidea","Dolichogenidea Rodriguez195","BOLD:AAM5088","Malaise trap PL12-3G",10.763,-85.334,"2020-05-14","1",654,"PLXCZ"
"BIOUG63126-A03","PLXCZ703-20","GMP#27886","Arthropoda","Insecta","Hymenoptera","Braconidae","Microgastrinae","Pseudapanteles","Pseudapanteles raulsolorzanoi","BOLD:AAA6667","Malaise trap PL12-3G",10.763,-85.334,"2020-05-14","1",656,"PLXCZ"
"BIOUG63126-A08","PLXCZ708-20","GMP#27886","Arthropoda","Insecta","Hymenoptera","Braconidae","Microgastrinae","Dolichogenidea","Dolichogenidea Rodriguez195","BOLD:AAM5088","Malaise trap PL12-3G",10.763,-85.334,"2020-05-14","1",653,"PLXCZ"
"BIOUG63137-C05","PLXDA1189-20","GMP#27887","Arthropoda","Insecta","Hymenoptera","Braconidae","Microgastrinae","Apanteles","Apanteles eduardoramirezi","BOLD:AAA4554","Malaise trap PL12-3G",10.763,-85.334,"2020-05-21","1",654,"PLXDA"
"BIOUG63137-C08","PLXDA1192-20","GMP#27887","Arthropoda","Insecta","Hymenoptera","Braconidae","Microgastrinae","Dolichogenidea","Dolichogenidea Janzen94","BOLD:AAE8602","Malaise trap PL12-3G",10.763,-85.334,"2020-05-21","1",653,"PLXDA"
"BIOUG63134-F11","PLXDA990-20","GMP#27887","Arthropoda","Insecta","Hymenoptera","Braconidae","Microgastrinae","Pseudapanteles","Pseudapanteles raulsolorzanoi","BOLD:AAA6667","Malaise trap PL12-3G",10.763,-85.334,"2020-05-21","1",654,"PLXDA"
"BIOUG63719-E11","PLXDB2746-20","GMP#27888","Arthropoda","Insecta","Hymenoptera","Braconidae","Microgastrinae","Pseudapanteles","Pseudapanteles raulsolorzanoi","BOLD:AAA6667","Malaise trap PL12-3G",10.763,-85.334,"2020-05-28","1",655,"PLXDB"
"BIOUG63719-F07","PLXDB2754-20","GMP#27888","Arthropoda","Insecta","Hymenoptera","Braconidae","Microgastrinae","Pseudapanteles","Pseudapanteles raulsolorzanoi","BOLD:AAA6667","Malaise trap PL12-3G",10.763,-85.334,"2020-05-28","1",654,"PLXDB"
"BIOUG63720-E10","PLXDB2840-20","GMP#27888","Arthropoda","Insecta","Hymenoptera","Braconidae","Microgastrinae","Pseudapanteles","Pseudapanteles raulsolorzanoi","BOLD:AAA6667","Malaise trap PL12-3G",10.763,-85.334,"2020-05-28","1",654,"PLXDB"
"BIOUG63721-D12","PLXDB2925-20","GMP#27888","Arthropoda","Insecta","Hymenoptera","Braconidae","Microgastrinae","Pseudapanteles","Pseudapanteles raulsolorzanoi","BOLD:AAA6667","Malaise trap PL12-3G",10.763,-85.334,"2020-05-28","1",656,"PLXDB"
"BIOUG63721-E01","PLXDB2926-20","GMP#27888","Arthropoda","Insecta","Hymenoptera","Braconidae","Microgastrinae","Pseudapanteles","Pseudapanteles raulsolorzanoi","BOLD:AAA6667","Malaise trap PL12-3G",10.763,-85.334,"2020-05-28","1",654,"PLXDB"
"BIOUG63721-H10","PLXDB2971-20","GMP#27888","Arthropoda","Insecta","Hymenoptera","Braconidae","Microgastrinae","Pseudapanteles","Pseudapanteles raulsolorzanoi","BOLD:AAA6667","Malaise trap PL12-3G",10.763,-85.334,"2020-05-28","1",657,"PLXDB"
"BIOUG63722-D03","PLXDB3011-20","GMP#27888","Arthropoda","Insecta","Hymenoptera","Braconidae","Microgastrinae","Pseudapanteles","Pseudapanteles raulsolorzanoi","BOLD:AAA6667","Malaise trap PL12-3G",10.763,-85.334,"2020-05-28","1",655,"PLXDB"
"BIOUG63722-G02","PLXDB3046-20","GMP#27888","Arthropoda","Insecta","Hymenoptera","Braconidae","Microgastrinae","Pseudapanteles","Pseudapanteles raulsolorzanoi","BOLD:AAA6667","Malaise trap PL12-3G",10.763,-85.334,"2020-05-28","1",654,"PLXDB"
"BIOUG63722-H07","PLXDB3063-20","GMP#27888","Arthropoda","Insecta","Hymenoptera","Braconidae","Microgastrinae","Pseudapanteles","Pseudapanteles raulsolorzanoi","BOLD:AAA6667","Malaise trap PL12-3G",10.763,-85.334,"2020-05-28","1",656,"PLXDB"
"BIOUG63722-H11","PLXDB3067-20","GMP#27888","Arthropoda","Insecta","Hymenoptera","Braconidae","Microgastrinae","Pseudapanteles","Pseudapanteles raulsolorzanoi","BOLD:AAA6667","Malaise trap PL12-3G",10.763,-85.334,"2020-05-28","1",655,"PLXDB"
"BIOUG63723-D06","PLXDB3109-20","GMP#27888","Arthropoda","Insecta","Hymenoptera","Braconidae","Microgastrinae","Pseudapanteles","Pseudapanteles raulsolorzanoi","BOLD:AAA6667","Malaise trap PL12-3G",10.763,-85.334,"2020-05-28","1",653,"PLXDB"
"BIOUG63723-F02","PLXDB3129-20","GMP#27888","Arthropoda","Insecta","Hymenoptera","Braconidae","Microgastrinae","Glyptapanteles","Glyptapanteles Whitfield91","BOLD:ACL4468","Malaise trap PL12-3G",10.763,-85.334,"2020-05-28","1",651,"PLXDB"
"BIOUG63723-G04","PLXDB3143-20","GMP#27888","Arthropoda","Insecta","Hymenoptera","Braconidae","Microgastrinae","Pseudapanteles","Pseudapanteles raulsolorzanoi","BOLD:AAA6667","Malaise trap PL12-3G",10.763,-85.334,"2020-05-28","1",654,"PLXDB"
"BIOUG63724-C08","PLXDB3194-20","GMP#27888","Arthropoda","Insecta","Hymenoptera","Braconidae","Microgastrinae","Choeras","Choeras Malaise6850","BOLD:AEC6850","Malaise trap PL12-3G",10.763,-85.334,"2020-05-28","1",652,"PLXDB"
"BIOUG63724-D08","PLXDB3206-20","GMP#27888","Arthropoda","Insecta","Hymenoptera","Braconidae","Microgastrinae","Pseudapanteles","Pseudapanteles raulsolorzanoi","BOLD:AAA6667","Malaise trap PL12-3G",10.763,-85.334,"2020-05-28","1",654,"PLXDB"
"BIOUG63724-E09","PLXDB3219-20","GMP#27888","Arthropoda","Insecta","Hymenoptera","Braconidae","Microgastrinae","Pseudapanteles","Pseudapanteles raulsolorzanoi","BOLD:AAA6667","Malaise trap PL12-3G",10.763,-85.334,"2020-05-28","1",651,"PLXDB"
"BIOUG62978-F08","PLXDC3471-20","GMP#27889","Arthropoda","Insecta","Hymenoptera","Braconidae","Microgastrinae","Pseudapanteles","Pseudapanteles raulsolorzanoi","BOLD:AAA6667","Malaise trap PL12-3G",10.763,-85.334,"2020-06-04","1",642,"PLXDC"
"BIOUG62978-G12","PLXDC3487-20","GMP#27889","Arthropoda","Insecta","Hymenoptera","Braconidae","Microgastrinae","Pseudapanteles","Pseudapanteles raulsolorzanoi","BOLD:AAA6667","Malaise trap PL12-3G",10.763,-85.334,"2020-06-04","1",654,"PLXDC"
"BIOUG62980-E07","PLXDC3648-20","GMP#27889","Arthropoda","Insecta","Hymenoptera","Braconidae","Microgastrinae","Glyptapanteles","Glyptapanteles Whitfield111","BOLD:AAC6257","Malaise trap PL12-3G",10.763,-85.334,"2020-06-04","1",653,"PLXDC"
"BIOUG62981-E12","PLXDC3748-20","GMP#27889","Arthropoda","Insecta","Hymenoptera","Braconidae","Microgastrinae","Pseudapanteles","Pseudapanteles raulsolorzanoi","BOLD:AAA6667","Malaise trap PL12-3G",10.763,-85.334,"2020-06-04","1",654,"PLXDC"
"BIOUG62479-A11","PLXDD2396-20","GMP#27890","Arthropoda","Insecta","Hymenoptera","Braconidae","Microgastrinae","Pseudapanteles","Pseudapanteles raulsolorzanoi","BOLD:AAA6667","Malaise trap PL12-3G",10.763,-85.334,"2020-06-11","1",655,"PLXDD"
"BIOUG62479-H02","PLXDD2471-20","GMP#27890","Arthropoda","Insecta","Hymenoptera","Braconidae","Microgastrinae","Pseudapanteles","Pseudapanteles raulsolorzanoi","BOLD:AAA6667","Malaise trap PL12-3G",10.763,-85.334,"2020-06-11","1",655,"PLXDD"
"BIOUG62481-B03","PLXDD2590-20","GMP#27890","Arthropoda","Insecta","Hymenoptera","Braconidae","Microgastrinae","Pseudapanteles","Pseudapanteles raulsolorzanoi","BOLD:AAA6667","Malaise trap PL12-3G",10.763,-85.334,"2020-06-11","1",654,"PLXDD"
"BIOUG62482-D07","PLXDD2713-20","GMP#27890","Arthropoda","Insecta","Hymenoptera","Braconidae","Microgastrinae","Pseudapanteles","Pseudapanteles alvaroumanai","BOLD:AAE0922","Malaise trap PL12-3G",10.763,-85.334,"2020-06-11","1",655,"PLXDD"
"BIOUG62483-D09","PLXDD2810-20","GMP#27890","Arthropoda","Insecta","Hymenoptera","Braconidae","Microgastrinae","Glyptapanteles","Glyptapanteles Malaise2689","BOLD:AEH2689","Malaise trap PL12-3G",10.763,-85.334,"2020-06-11","1",654,"PLXDD"
"BIOUG62820-D02","PLXDF2064-20","GMP#27892","Arthropoda","Insecta","Hymenoptera","Braconidae","Microgastrinae","Pseudapanteles","Pseudapanteles alvaroumanai","BOLD:AAE0922","Malaise trap PL12-3G",10.763,-85.334,"2020-06-25","1",654,"PLXDF"
"BIOUG62821-B03","PLXDF2136-20","GMP#27892","Arthropoda","Insecta","Hymenoptera","Braconidae","Microgastrinae","Pseudapanteles","Pseudapanteles alvaroumanai","BOLD:AAE0922","Malaise trap PL12-3G",10.763,-85.334,"2020-06-25","1",655,"PLXDF"
"BIOUG62825-H04","PLXDF2589-20","GMP#27892","Arthropoda","Insecta","Hymenoptera","Braconidae","Microgastrinae","Glyptapanteles","Glyptapanteles Malaise1686","BOLD:AEH1686","Malaise trap PL12-3G",10.763,-85.334,"2020-06-25","1",654,"PLXDF"
"BIOUG63590-C05","PLXDG1535-21","GMP#29009","Arthropoda","Insecta","Hymenoptera","Braconidae","Microgastrinae","Pseudapanteles","Pseudapanteles alvaroumanai","BOLD:AAE0922","Malaise trap PL12-3G",10.763,-85.334,"2020-07-02","1",654,"PLXDG"
"BIOUG63590-C08","PLXDG1538-21","GMP#29009","Arthropoda","Insecta","Hymenoptera","Braconidae","Microgastrinae","Cotesia","Cotesia Whitfield30","BOLD:AAA7143","Malaise trap PL12-3G",10.763,-85.334,"2020-07-02","1",652,"PLXDG"
"BIOUG63590-C09","PLXDG1539-21","GMP#29009","Arthropoda","Insecta","Hymenoptera","Braconidae","Microgastrinae","Pseudapanteles","Pseudapanteles alvaroumanai","BOLD:AAE0922","Malaise trap PL12-3G",10.763,-85.334,"2020-07-02","1",654,"PLXDG"
"BIOUG63590-E03","PLXDG1557-21","GMP#29009","Arthropoda","Insecta","Hymenoptera","Braconidae","Microgastrinae","Pseudapanteles","Pseudapanteles alvaroumanai","BOLD:AAE0922","Malaise trap PL12-3G",10.763,-85.334,"2020-07-02","1",654,"PLXDG"
"BIOUG63590-E05","PLXDG1559-21","GMP#29009","Arthropoda","Insecta","Hymenoptera","Braconidae","Microgastrinae","Pseudapanteles","Pseudapanteles alvaroumanai","BOLD:AAE0922","Malaise trap PL12-3G",10.763,-85.334,"2020-07-02","1",653,"PLXDG"
"BIOUG63590-E08","PLXDG1562-21","GMP#29009","Arthropoda","Insecta","Hymenoptera","Braconidae","Microgastrinae","Diolcogaster","Diolcogaster Choi94","BOLD:AAD9754","Malaise trap PL12-3G",10.763,-85.334,"2020-07-02","1",654,"PLXDG"
"BIOUG63590-G12","PLXDG1590-21","GMP#29009","Arthropoda","Insecta","Hymenoptera","Braconidae","Microgastrinae","Pseudapanteles","Pseudapanteles alvaroumanai","BOLD:AAE0922","Malaise trap PL12-3G",10.763,-85.334,"2020-07-02","1",655,"PLXDG"
"BIOUG63591-B04","PLXDG1617-21","GMP#29009","Arthropoda","Insecta","Hymenoptera","Braconidae","Microgastrinae","Pseudapanteles","Pseudapanteles raulsolorzanoi","BOLD:AAA6667","Malaise trap PL12-3G",10.763,-85.334,"2020-07-02","1",656,"PLXDG"
"BIOUG64570-A01","PLXDI2327-21","GMP#29011","Arthropoda","Insecta","Hymenoptera","Braconidae","Microgastrinae","Dolichogenidea","Dolichogenidea Janzen94","BOLD:AAE8602","Malaise trap PL12-3G",10.763,-85.334,"2020-07-16","1",653,"PLXDI"
"BIOUG64570-B01","PLXDI2339-21","GMP#29011","Arthropoda","Insecta","Hymenoptera","Braconidae","Microgastrinae","Dolichogenidea","Dolichogenidea Janzen94","BOLD:AAE8602","Malaise trap PL12-3G",10.763,-85.334,"2020-07-16","1",654,"PLXDI"
"BIOUG64593-A04","PLXDJ1970-21","GMP#29012","Arthropoda","Insecta","Hymenoptera","Braconidae","Microgastrinae","Apanteles","Apanteles jimmychevezi","BOLD:AAJ1513","Malaise trap PL12-3G",10.763,-85.334,"2020-07-23","1",654,"PLXDJ"
"BIOUG64593-E09","PLXDJ2023-21","GMP#29012","Arthropoda","Insecta","Hymenoptera","Braconidae","Microgastrinae","Dolichogenidea","Dolichogenidea Janzen94","BOLD:AAE8602","Malaise trap PL12-3G",10.763,-85.334,"2020-07-23","1",656,"PLXDJ"
"BIOUG64593-F08","PLXDJ2034-21","GMP#29012","Arthropoda","Insecta","Hymenoptera","Braconidae","Microgastrinae","Promicrogaster","Promicrogaster Malaise3092","BOLD:AEF3092","Malaise trap PL12-3G",10.763,-85.334,"2020-07-23","1",656,"PLXDJ"
"BIOUG64594-B03","PLXDJ2076-21","GMP#29012","Arthropoda","Insecta","Hymenoptera","Braconidae","Microgastrinae","Promicrogaster","Promicrogaster Malaise3092","BOLD:AEF3092","Malaise trap PL12-3G",10.763,-85.334,"2020-07-23","1",654,"PLXDJ"
"BIOUG64877-G07","PLXDK1843-21","GMP#29013","Arthropoda","Insecta","Hymenoptera","Braconidae","Microgastrinae","Hypomicrogaster","Hypomicrogaster OVRGDHJ03","BOLD:ACF0511","Malaise trap PL12-3G",10.763,-85.334,"2020-07-30","1",640,"PLXDK"
"BIOUG64900-A06","PLXDL1998-21","GMP#29014","Arthropoda","Insecta","Hymenoptera","Braconidae","Microgastrinae","Alphomelon","Alphomelon andydeansi","BOLD:ADJ6568","Malaise trap PL12-3G",10.763,-85.334,"2020-08-06","1",640,"PLXDL"
"BIOUG64900-A10","PLXDL2002-21","GMP#29014","Arthropoda","Insecta","Hymenoptera","Braconidae","Microgastrinae","Dolichogenidea","Dolichogenidea Janzen94","BOLD:AAE8602","Malaise trap PL12-3G",10.763,-85.334,"2020-08-06","1",654,"PLXDL"
"BIOUG64900-F02","PLXDL2054-21","GMP#29014","Arthropoda","Insecta","Hymenoptera","Braconidae","Microgastrinae","Pseudapanteles","Pseudapanteles raulsolorzanoi","BOLD:AAA6667","Malaise trap PL12-3G",10.763,-85.334,"2020-08-06","1",651,"PLXDL"
"BIOUG63891-F06","PLXDM1581-21","GMP#29015","Arthropoda","Insecta","Hymenoptera","Braconidae","Microgastrinae","Promicrogaster","Promicrogaster pablouzagaiDHJ02","BOLD:AAC9678","Malaise trap PL12-3G",10.763,-85.334,"2020-08-13","1",652,"PLXDM"
"BIOUG63893-E08","PLXDM1761-21","GMP#29015","Arthropoda","Insecta","Hymenoptera","Braconidae","Microgastrinae","Pseudapanteles","Pseudapanteles alvaroumanai","BOLD:AAE0922","Malaise trap PL12-3G",10.763,-85.334,"2020-08-13","1",651,"PLXDM"
"BIOUG64227-B12","PLXDO1534-21","GMP#29017","Arthropoda","Insecta","Hymenoptera","Braconidae","Microgastrinae","Pseudapanteles","Pseudapanteles raulsolorzanoi","BOLD:AAA6667","Malaise trap PL12-3G",10.763,-85.334,"2020-08-27","1",653,"PLXDO"
"BIOUG64241-B10","PLXDP1226-21","GMP#29018","Arthropoda","Insecta","Hymenoptera","Braconidae","Microgastrinae","Apanteles","Apanteles jairomoyai","BOLD:AAK1709","Malaise trap PL12-3G",10.763,-85.334,"2020-09-03","1",655,"PLXDP"
"BIOUG64242-F07","PLXDP1366-21","GMP#29018","Arthropoda","Insecta","Hymenoptera","Braconidae","Microgastrinae","Hypomicrogaster","Hypomicrogaster Whitfield251","BOLD:ACM8436","Malaise trap PL12-3G",10.763,-85.334,"2020-09-03","1",656,"PLXDP"
"BIOUG64255-B05","PLXDQ1145-21","GMP#29019","Arthropoda","Insecta","Hymenoptera","Braconidae","Microgastrinae","Glyptapanteles","Glyptapanteles Janzen4535","BOLD:AEB1477","Malaise trap PL12-3G",10.763,-85.334,"2020-09-10","1",655,"PLXDQ"
"BIOUG64255-G10","PLXDQ1210-21","GMP#29019","Arthropoda","Insecta","Hymenoptera","Braconidae","Microgastrinae","Apanteles","Apanteles Janzen0422","BOLD:AAW0422","Malaise trap PL12-3G",10.763,-85.334,"2020-09-10","1",655,"PLXDQ"
"BIOUG64255-H07","PLXDQ1219-21","GMP#29019","Arthropoda","Insecta","Hymenoptera","Braconidae","Microgastrinae","Hypomicrogaster","Hypomicrogaster Whitfield39","BOLD:AAI7795","Malaise trap PL12-3G",10.763,-85.334,"2020-09-10","1",654,"PLXDQ"
"BIOUG64255-H11","PLXDQ1223-21","GMP#29019","Arthropoda","Insecta","Hymenoptera","Braconidae","Microgastrinae","Hypomicrogaster","Hypomicrogaster Whitfield39","BOLD:AAI7795","Malaise trap PL12-3G",10.763,-85.334,"2020-09-10","1",651,"PLXDQ"
"BIOUG64256-C01","PLXDQ1248-21","GMP#29019","Arthropoda","Insecta","Hymenoptera","Braconidae","Microgastrinae","Glyptapanteles","Glyptapanteles sondrawardae","BOLD:AAA3077","Malaise trap PL12-3G",10.763,-85.334,"2020-09-10","1",653,"PLXDQ"
"BIOUG64267-E03","PLXDR1039-21","GMP#29020","Arthropoda","Insecta","Hymenoptera","Braconidae","Microgastrinae","Hypomicrogaster","Hypomicrogaster OVRGDHJ03","BOLD:ACF0511","Malaise trap PL12-3G",10.763,-85.334,"2020-09-17","1",652,"PLXDR"
"BIOUG64267-H05","PLXDR1077-21","GMP#29020","Arthropoda","Insecta","Hymenoptera","Braconidae","Microgastrinae","Pseudapanteles","Pseudapanteles raulsolorzanoi","BOLD:AAA6667","Malaise trap PL12-3G",10.763,-85.334,"2020-09-17","1",662,"PLXDR"
"BIOUG64268-B06","PLXDR1101-21","GMP#29020","Arthropoda","Insecta","Hymenoptera","Braconidae","Microgastrinae","Apanteles","Apanteles ronaldcastroi","BOLD:ADA2584","Malaise trap PL12-3G",10.763,-85.334,"2020-09-17","1",647,"PLXDR"
"BIOUG65034-E04","PLXDW1247-21","GMP#29025","Arthropoda","Insecta","Hymenoptera","Braconidae","Microgastrinae","Apanteles","Apanteles bernyapui","BOLD:AAB7636","Malaise trap PL12-3G",10.763,-85.334,"2020-10-22","1",657,"PLXDW"
"BIOUG65035-F01","PLXDW1351-21","GMP#29025","Arthropoda","Insecta","Hymenoptera","Braconidae","Microgastrinae","Apanteles","Apanteles raulacevedoi","BOLD:ABX5812","Malaise trap PL12-3G",10.763,-85.334,"2020-10-22","1",653,"PLXDW"
"BIOUG73912-B02","PLXDX1021-21","GMP#34401","Arthropoda","Insecta","Hymenoptera","Braconidae","Microgastrinae","Apanteles","Apanteles jairomoyai","BOLD:AAK1709","Malaise trap PL12-3G",10.763,-85.334,"2020-10-29","1",655,"PLXDX"
"BIOUG73911-D07","PLXDX955-21","GMP#34401","Arthropoda","Insecta","Hymenoptera","Braconidae","Microgastrinae","Cotesia","Cotesia Whitfield05","BOLD:AAE9335","Malaise trap PL12-3G",10.763,-85.334,"2020-10-29","1",654,"PLXDX"
"BIOUG56455-G03","PLYAB455-20","GMP#20513","Arthropoda","Insecta","Hymenoptera","Braconidae","Microgastrinae","Apanteles","Apanteles Malaise7530","BOLD:AEE7530","Malaise trap PL12-7D",10.761,-85.335,"2016-11-24","1",654,"PLYAB"
"BIOUG55555-E06","PLYAG356-20","GMP#20518","Arthropoda","Insecta","Hymenoptera","Braconidae","Microgastrinae","Glyptapanteles","Glyptapanteles Malaise7938","BOLD:ADA7938","Malaise trap PL12-7D",10.761,-85.335,"2016-12-29","1",657,"PLYAG"
"BIOUG55556-E12","PLYAG457-20","GMP#20518","Arthropoda","Insecta","Hymenoptera","Braconidae","Microgastrinae","Glyptapanteles","Glyptapanteles Malaise7938","BOLD:ADA7938","Malaise trap PL12-7D",10.761,-85.335,"2016-12-29","1",651,"PLYAG"
"BIOUG55549-H03","PLYAH464-20","GMP#20519","Arthropoda","Insecta","Hymenoptera","Braconidae","Microgastrinae","Glyptapanteles","Glyptapanteles Malaise7938","BOLD:ADA7938","Malaise trap PL12-7D",10.761,-85.335,"2017-01-05","1",654,"PLYAH"
"BIOUG55550-A10","PLYAH482-20","GMP#20519","Arthropoda","Insecta","Hymenoptera","Braconidae","Microgastrinae","Glyptapanteles","Glyptapanteles Malaise8087","BOLD:AAN8087","Malaise trap PL12-7D",10.761,-85.335,"2017-01-05","1",654,"PLYAH"
"BIOUG55550-C12","PLYAH508-20","GMP#20519","Arthropoda","Insecta","Hymenoptera","Braconidae","Microgastrinae","Dolichogenidea","Dolichogenidea Rodriguez144","BOLD:AAD2236","Malaise trap PL12-7D",10.761,-85.335,"2017-01-05","1",654,"PLYAH"
"BIOUG55571-F11","PLYAJ355-20","GMP#20521","Arthropoda","Insecta","Hymenoptera","Braconidae","Microgastrinae","Glyptapanteles","Glyptapanteles malaise0378","BOLD:AEF0378","Malaise trap PL12-7D",10.761,-85.335,"2017-01-19","1",653,"PLYAJ"
"BIOUG55565-E03","PLYAK603-20","GMP#20522","Arthropoda","Insecta","Hymenoptera","Braconidae","Microgastrinae","Apanteles","Apanteles bernyapui","BOLD:AAB7636","Malaise trap PL12-7D",10.761,-85.335,"2017-01-26","1",640,"PLYAK"
"BIOUG55996-A03","PLYAM273-20","GMP#20524","Arthropoda","Insecta","Hymenoptera","Braconidae","Microgastrinae","Glyptapanteles","Glyptapanteles Whitfield90","BOLD:AAY1040","Malaise trap PL12-7D",10.761,-85.335,"2017-02-09","1",656,"PLYAM"
"BIOUG55996-C08","PLYAM302-20","GMP#20524","Arthropoda","Insecta","Hymenoptera","Braconidae","Microgastrinae","Glyptapanteles","Glyptapanteles Malaise7935","BOLD:AAN7935","Malaise trap PL12-7D",10.761,-85.335,"2017-02-09","1",654,"PLYAM"
"BIOUG55996-D01","PLYAM307-20","GMP#20524","Arthropoda","Insecta","Hymenoptera","Braconidae","Microgastrinae","Glyptapanteles","Glyptapanteles Whitfield90","BOLD:AAY1040","Malaise trap PL12-7D",10.761,-85.335,"2017-02-09","1",655,"PLYAM"
"BIOUG56149-H07","PLYAN257-20","GMP#20525","Arthropoda","Insecta","Hymenoptera","Braconidae","Microgastrinae","Glyptapanteles","Glyptapanteles Whitfield90","BOLD:AAY1040","Malaise trap PL12-7D",10.761,-85.335,"2017-02-16","1",654,"PLYAN"
"BIOUG56154-D06","PLYAO360-20","GMP#20526","Arthropoda","Insecta","Hymenoptera","Braconidae","Microgastrinae","Pseudapanteles","Pseudapanteles raulsolorzanoi","BOLD:AAA6667","Malaise trap PL12-7D",10.761,-85.335,"2017-02-23","1",655,"PLYAO"
"BIOUG56154-E04","PLYAO370-20","GMP#20526","Arthropoda","Insecta","Hymenoptera","Braconidae","Microgastrinae","Apanteles","Apanteles oscarchavezi","BOLD:AAN7915","Malaise trap PL12-7D",10.761,-85.335,"2017-02-23","1",654,"PLYAO"
"BIOUG56157-A03","PLYAP215-20","GMP#20527","Arthropoda","Insecta","Hymenoptera","Braconidae","Microgastrinae","Pseudapanteles","Pseudapanteles Malaise3040","BOLD:ADB3040","Malaise trap PL12-7D",10.761,-85.335,"2017-03-02","1",655,"PLYAP"
"BIOUG56157-A06","PLYAP218-20","GMP#20527","Arthropoda","Insecta","Hymenoptera","Braconidae","Microgastrinae","Glyptapanteles","Glyptapanteles Whitfield90","BOLD:AAY1040","Malaise trap PL12-7D",10.761,-85.335,"2017-03-02","1",654,"PLYAP"
"BIOUG56157-A12","PLYAP224-20","GMP#20527","Arthropoda","Insecta","Hymenoptera","Braconidae","Microgastrinae","Apanteles","Apanteles Malaise7955","BOLD:ADB7955","Malaise trap PL12-7D",10.761,-85.335,"2017-03-02","1",653,"PLYAP"
"BIOUG56000-E10","PLYAR174-20","GMP#20529","Arthropoda","Insecta","Hymenoptera","Braconidae","Microgastrinae","Dolichogenidea","Dolichogenidea Malaise3265","BOLD:AEE3265","Malaise trap PL12-7D",10.761,-85.335,"2017-03-16","1",653,"PLYAR"
"BIOUG56614-E02","PLYAS138-20","GMP#20530","Arthropoda","Insecta","Hymenoptera","Braconidae","Microgastrinae","Pseudapanteles","Pseudapanteles alvaroumanai","BOLD:AAE0922","Malaise trap PL12-7D",10.761,-85.335,"2017-03-23","1",653,"PLYAS"
"BIOUG56623-C09","PLYAU178-20","GMP#20532","Arthropoda","Insecta","Hymenoptera","Braconidae","Microgastrinae","Pseudapanteles","Pseudapanteles alvaroumanai","BOLD:AAE0922","Malaise trap PL12-7D",10.761,-85.335,"2017-04-06","1",656,"PLYAU"
"BIOUG56640-G03","PLYAZ461-20","GMP#20537","Arthropoda","Insecta","Hymenoptera","Braconidae","Microgastrinae","Pseudapanteles","Pseudapanteles alvaroumanai","BOLD:AAE0922","Malaise trap PL12-7D",10.761,-85.335,"2017-05-11","1",656,"PLYAZ"
"BIOUG56276-A05","PLYBC540-20","GMP#20540","Arthropoda","Insecta","Hymenoptera","Braconidae","Microgastrinae","Glyptapanteles","Glyptapanteles pamitchellae","BOLD:AAA3934","Malaise trap PL12-7D",10.761,-85.335,"2017-06-01","1",656,"PLYBC"
"BIOUG56276-E09","PLYBC592-20","GMP#20540","Arthropoda","Insecta","Hymenoptera","Braconidae","Microgastrinae","Glyptapanteles","Glyptapanteles pamitchellae","BOLD:AAA3934","Malaise trap PL12-7D",10.761,-85.335,"2017-06-01","1",652,"PLYBC"
"BIOUG56277-G02","PLYBD091-20","GMP#20541","Arthropoda","Insecta","Hymenoptera","Braconidae","Microgastrinae","Glyptapanteles","Glyptapanteles pamitchellae","BOLD:AAA3934","Malaise trap PL12-7D",10.761,-85.335,"2017-06-08","1",654,"PLYBD"
"BIOUG63806-D10","PLYCF375-20","GMP#28060","Arthropoda","Insecta","Hymenoptera","Braconidae","Microgastrinae","Alphomelon","Alphomelon andydeansi","BOLD:ADJ6568","Malaise trap PL12-4G",10.763,-85.334,"2019-12-19","1",655,"PLYCF"
"BIOUG63808-F02","PLYCG213-20","GMP#28061","Arthropoda","Insecta","Hymenoptera","Braconidae","Microgastrinae","Glyptapanteles","Glyptapanteles pamitchellae","BOLD:AAA3934","Malaise trap PL12-4G",10.763,-85.334,"2019-12-26","1",653,"PLYCG"
"BIOUG63808-F03","PLYCG214-20","GMP#28061","Arthropoda","Insecta","Hymenoptera","Braconidae","Microgastrinae","Glyptapanteles","Glyptapanteles Malaise7935","BOLD:AAN7935","Malaise trap PL12-4G",10.763,-85.334,"2019-12-26","1",655,"PLYCG"
"BIOUG63812-D09","PLYCH264-20","GMP#28062","Arthropoda","Insecta","Hymenoptera","Braconidae","Microgastrinae","Diolcogaster","Diolcogaster Choi65","BOLD:AAE8429","Malaise trap PL12-4G",10.763,-85.334,"2020-01-02","1",654,"PLYCH"
"BIOUG63812-E02","PLYCH269-20","GMP#28062","Arthropoda","Insecta","Hymenoptera","Braconidae","Microgastrinae","Glyptapanteles","Glyptapanteles Malaise8087","BOLD:AAN8087","Malaise trap PL12-4G",10.763,-85.334,"2020-01-02","1",655,"PLYCH"
"BIOUG63812-E04","PLYCH271-20","GMP#28062","Arthropoda","Insecta","Hymenoptera","Braconidae","Microgastrinae","Hypomicrogaster","Hypomicrogaster Janzen160","BOLD:AAM5150","Malaise trap PL12-4G",10.763,-85.334,"2020-01-02","1",653,"PLYCH"
"BIOUG62218-B06","PLYCM030-20","GMP#28067","Arthropoda","Insecta","Hymenoptera","Braconidae","Microgastrinae","Apanteles","Apanteles oscarchavezi","BOLD:AAN7915","Malaise trap PL12-4G",10.763,-85.334,"2020-02-06","1",654,"PLYCM"
"BIOUG63113-B01","PLYCU146-20","GMP#28075","Arthropoda","Insecta","Hymenoptera","Braconidae","Microgastrinae","Apanteles","Apanteles juanlopezi","BOLD:AAX2065","Malaise trap PL12-4G",10.763,-85.334,"2020-04-02","1",654,"PLYCU"
"BIOUG63113-B11","PLYCU156-20","GMP#28075","Arthropoda","Insecta","Hymenoptera","Braconidae","Microgastrinae","Rhygoplitis","Rhygoplitis Whitfield01","BOLD:AAC0735","Malaise trap PL12-4G",10.763,-85.334,"2020-04-02","1",655,"PLYCU"
"BIOUG63113-B12","PLYCU157-20","GMP#28075","Arthropoda","Insecta","Hymenoptera","Braconidae","Microgastrinae","Rasivalva","Rasivalva Malaise2062","BOLD:AAV2062","Malaise trap PL12-4G",10.763,-85.334,"2020-04-02","1",654,"PLYCU"
"BIOUG62233-E04","PLYDA233-20","GMP#28081","Arthropoda","Insecta","Hymenoptera","Braconidae","Microgastrinae","Apanteles","Apanteles freddyquesadaiDHJ02","BOLD:AAC5219","Malaise trap PL12-4G",10.763,-85.334,"2020-05-21","1",655,"PLYDA"
"BIOUG62238-A02","PLYDB396-20","GMP#28082","Arthropoda","Insecta","Hymenoptera","Braconidae","Microgastrinae","Glyptapanteles","Glyptapanteles jesusugaldei","BOLD:ABX6466","Malaise trap PL12-4G",10.763,-85.334,"2020-05-28","1",653,"PLYDB"
"BIOUG62988-B02","PLYDC385-20","GMP#28083","Arthropoda","Insecta","Hymenoptera","Braconidae","Microgastrinae","Rhygoplitis","Rhygoplitis Whitfield01","BOLD:AAC0735","Malaise trap PL12-4G",10.763,-85.334,"2020-06-04","1",654,"PLYDC"
"BIOUG62994-E08","PLYDD479-21","GMP#28084","Arthropoda","Insecta","Hymenoptera","Braconidae","Microgastrinae","Pseudapanteles","Pseudapanteles alvaroumanai","BOLD:AAE0922","Malaise trap PL12-4G",10.763,-85.334,"2020-06-11","1",654,"PLYDD"
"BIOUG62994-G12","PLYDD507-21","GMP#28084","Arthropoda","Insecta","Hymenoptera","Braconidae","Microgastrinae","Rhygoplitis","Rhygoplitis Whitfield01","BOLD:AAC0735","Malaise trap PL12-4G",10.763,-85.334,"2020-06-11","1",656,"PLYDD"
"BIOUG63730-E11","PLYDF446-21","GMP#28086","Arthropoda","Insecta","Hymenoptera","Braconidae","Microgastrinae","Glyptapanteles","Glyptapanteles Whitfield75","BOLD:AAE7080","Malaise trap PL12-4G",10.763,-85.334,"2020-06-25","1",661,"PLYDF"
"BIOUG64050-B01","PLYDH805-21","GMP#29044","Arthropoda","Insecta","Hymenoptera","Braconidae","Microgastrinae","Pseudapanteles","Pseudapanteles alvaroumanai","BOLD:AAE0922","Malaise trap PL12-4G",10.763,-85.334,"2020-07-09","1",654,"PLYDH"
"BIOUG64017-G07","PLYDL196-21","GMP#29048","Arthropoda","Insecta","Hymenoptera","Braconidae","Microgastrinae","Cotesia","Cotesia Whitfield12","BOLD:AAA7143","Malaise trap PL12-4G",10.763,-85.334,"2020-08-06","1",654,"PLYDL"
"BIOUG64021-F02","PLYDN135-21","GMP#29050","Arthropoda","Insecta","Hymenoptera","Braconidae","Microgastrinae","Pseudapanteles","Pseudapanteles alvaroumanai","BOLD:AAE0922","Malaise trap PL12-4G",10.763,-85.334,"2020-08-20","1",654,"PLYDN"
"BIOUG64022-G05","PLYDO094-21","GMP#29051","Arthropoda","Insecta","Hymenoptera","Braconidae","Microgastrinae","Glyptapanteles","Glyptapanteles Malaise9101","BOLD:AEG9101","Malaise trap PL12-4G",10.763,-85.334,"2020-08-27","1",655,"PLYDO"
"BIOUG64031-B01","PLYDS477-21","GMP#29055","Arthropoda","Insecta","Hymenoptera","Braconidae","Microgastrinae","Hypomicrogaster","Hypomicrogaster OVRGDHJ03","BOLD:ACF0511","Malaise trap PL12-4G",10.763,-85.334,"2020-09-24","1",657,"PLYDS"
"BIOUG55681-C10","PLZAA242-20","GMP#20676","Arthropoda","Insecta","Hymenoptera","Braconidae","Microgastrinae","Dolichogenidea","Dolichogenidea Rodriguez144","BOLD:AAD2236","Malaise trap PL12-9D",10.76,-85.334,"2016-11-17","1",655,"PLZAA"
"BIOUG55692-C02","PLZAC483-20","GMP#20678","Arthropoda","Insecta","Hymenoptera","Braconidae","Microgastrinae","Snellenius","Snellenius Malaise7619","BOLD:AEE7619","Malaise trap PL12-9D",10.76,-85.334,"2016-12-01","1",655,"PLZAC"
"BIOUG55692-F02","PLZAC519-20","GMP#20678","Arthropoda","Insecta","Hymenoptera","Braconidae","Microgastrinae","Glyptapanteles","Glyptapanteles Malaise0427","BOLD:AFK0427","Malaise trap PL12-9D",10.76,-85.334,"2016-12-01","1",655,"PLZAC"
"BIOUG55697-H05","PLZAD504-20","GMP#20679","Arthropoda","Insecta","Hymenoptera","Braconidae","Microgastrinae","Pseudapanteles","Pseudapanteles alvaroumanai","BOLD:AAE0922","Malaise trap PL12-9D",10.76,-85.334,"2016-12-08","1",655,"PLZAD"
"BIOUG55697-H06","PLZAD505-20","GMP#20679","Arthropoda","Insecta","Hymenoptera","Braconidae","Microgastrinae","Dolichogenidea","Dolichogenidea Rodriguez144","BOLD:AAD2236","Malaise trap PL12-9D",10.76,-85.334,"2016-12-08","1",654,"PLZAD"
"BIOUG55706-A09","PLZAF176-20","GMP#20681","Arthropoda","Insecta","Hymenoptera","Braconidae","Microgastrinae","Pseudapanteles","Pseudapanteles raulsolorzanoi","BOLD:AAA6667","Malaise trap PL12-9D",10.76,-85.334,"2016-12-22","1",655,"PLZAF"
"BIOUG55707-A03","PLZAG064-20","GMP#20682","Arthropoda","Insecta","Hymenoptera","Braconidae","Microgastrinae","Dolichogenidea","Dolichogenidea Rodriguez144","BOLD:AAD2236","Malaise trap PL12-9D",10.76,-85.334,"2016-12-29","1",654,"PLZAG"
"BIOUG55710-F04","PLZAH235-20","GMP#20683","Arthropoda","Insecta","Hymenoptera","Braconidae","Microgastrinae","Glyptapanteles","Glyptapanteles Malaise7938","BOLD:ADA7938","Malaise trap PL12-9D",10.76,-85.334,"2017-01-05","1",654,"PLZAH"
"BIOUG55710-F12","PLZAH243-20","GMP#20683","Arthropoda","Insecta","Hymenoptera","Braconidae","Microgastrinae","Glyptapanteles","Glyptapanteles Malaise7938","BOLD:ADA7938","Malaise trap PL12-9D",10.76,-85.334,"2017-01-05","1",653,"PLZAH"
"BIOUG55713-D12","PLZAI146-20","GMP#20684","Arthropoda","Insecta","Hymenoptera","Braconidae","Microgastrinae","Dolichogenidea","Dolichogenidea Rodriguez144","BOLD:AAD2236","Malaise trap PL12-9D",10.76,-85.334,"2017-01-12","1",656,"PLZAI"
"BIOUG55713-F01","PLZAI159-20","GMP#20684","Arthropoda","Insecta","Hymenoptera","Braconidae","Microgastrinae","Apanteles","Apanteles juancarrilloi","BOLD:AAC8420","Malaise trap PL12-9D",10.76,-85.334,"2017-01-12","1",654,"PLZAI"
"BIOUG55716-G08","PLZAJ251-20","GMP#20685","Arthropoda","Insecta","Hymenoptera","Braconidae","Microgastrinae","Dolichogenidea","Dolichogenidea Rodriguez144","BOLD:AAD2236","Malaise trap PL12-9D",10.76,-85.334,"2017-01-19","1",655,"PLZAJ"
"BIOUG55716-H06","PLZAJ261-20","GMP#20685","Arthropoda","Insecta","Hymenoptera","Braconidae","Microgastrinae","Distatrix","Distatrix Malaise9572","BOLD:AAZ9572","Malaise trap PL12-9D",10.76,-85.334,"2017-01-19","1",655,"PLZAJ"
"BIOUG55717-A07","PLZAJ273-20","GMP#20685","Arthropoda","Insecta","Hymenoptera","Braconidae","Microgastrinae","Dolichogenidea","Dolichogenidea Rodriguez144","BOLD:AAD2236","Malaise trap PL12-9D",10.76,-85.334,"2017-01-19","1",654,"PLZAJ"
"BIOUG55717-A11","PLZAJ277-20","GMP#20685","Arthropoda","Insecta","Hymenoptera","Braconidae","Microgastrinae","Pseudapanteles","Pseudapanteles alvaroumanai","BOLD:AAE0922","Malaise trap PL12-9D",10.76,-85.334,"2017-01-19","1",654,"PLZAJ"
"BIOUG55717-C01","PLZAJ291-20","GMP#20685","Arthropoda","Insecta","Hymenoptera","Braconidae","Microgastrinae","Glyptapanteles","Glyptapanteles pamitchellae","BOLD:AAA3934","Malaise trap PL12-9D",10.76,-85.334,"2017-01-19","1",655,"PLZAJ"
"BIOUG55717-C05","PLZAJ295-20","GMP#20685","Arthropoda","Insecta","Hymenoptera","Braconidae","Microgastrinae","Dolichogenidea","Dolichogenidea Rodriguez144","BOLD:AAD2236","Malaise trap PL12-9D",10.76,-85.334,"2017-01-19","1",656,"PLZAJ"
"BIOUG55717-D08","PLZAJ310-20","GMP#20685","Arthropoda","Insecta","Hymenoptera","Braconidae","Microgastrinae","Apanteles","Apanteles oscarchavezi","BOLD:AAN7915","Malaise trap PL12-9D",10.76,-85.334,"2017-01-19","1",656,"PLZAJ"
"BIOUG55723-G11","PLZAK467-20","GMP#20686","Arthropoda","Insecta","Hymenoptera","Braconidae","Microgastrinae","Dolichogenidea","Dolichogenidea Malaise9679","BOLD:ADA9679","Malaise trap PL12-9D",10.76,-85.334,"2017-01-26","1",654,"PLZAK"
"BIOUG55724-A01","PLZAK480-20","GMP#20686","Arthropoda","Insecta","Hymenoptera","Braconidae","Microgastrinae","Pseudapanteles","Pseudapanteles alvaroumanai","BOLD:AAE0922","Malaise trap PL12-9D",10.76,-85.334,"2017-01-26","1",654,"PLZAK"
"BIOUG55724-A02","PLZAK481-20","GMP#20686","Arthropoda","Insecta","Hymenoptera","Braconidae","Microgastrinae","Pseudapanteles","Pseudapanteles raulsolorzanoi","BOLD:AAA6667","Malaise trap PL12-9D",10.76,-85.334,"2017-01-26","1",654,"PLZAK"
"BIOUG55729-F01","PLZAL235-20","GMP#20687","Arthropoda","Insecta","Hymenoptera","Braconidae","Microgastrinae","Apanteles","Apanteles oscarchavezi","BOLD:AAN7915","Malaise trap PL12-9D",10.76,-85.334,"2017-02-02","1",655,"PLZAL"
"BIOUG55729-F10","PLZAL244-20","GMP#20687","Arthropoda","Insecta","Hymenoptera","Braconidae","Microgastrinae","Glyptapanteles","Glyptapanteles pamitchellae","BOLD:AAA3934","Malaise trap PL12-9D",10.76,-85.334,"2017-02-02","1",653,"PLZAL"
"BIOUG55730-B08","PLZAL289-20","GMP#20687","Arthropoda","Insecta","Hymenoptera","Braconidae","Microgastrinae","Apanteles","Apanteles franciscopizarroi","BOLD:AAK1643","Malaise trap PL12-9D",10.76,-85.334,"2017-02-02","1",655,"PLZAL"
"BIOUG55730-B10","PLZAL291-20","GMP#20687","Arthropoda","Insecta","Hymenoptera","Braconidae","Microgastrinae","Glyptapanteles","Glyptapanteles pamitchellae","BOLD:AAA3934","Malaise trap PL12-9D",10.76,-85.334,"2017-02-02","1",655,"PLZAL"
"BIOUG55730-C02","PLZAL295-20","GMP#20687","Arthropoda","Insecta","Hymenoptera","Braconidae","Microgastrinae","Pseudapanteles","Pseudapanteles alvaroumanai","BOLD:AAE0922","Malaise trap PL12-9D",10.76,-85.334,"2017-02-02","1",654,"PLZAL"
"BIOUG55733-A04","PLZAM155-20","GMP#20688","Arthropoda","Insecta","Hymenoptera","Braconidae","Microgastrinae","Pseudapanteles","Pseudapanteles alvaroumanai","BOLD:AAE0922","Malaise trap PL12-9D",10.76,-85.334,"2017-02-09","1",655,"PLZAM"
"BIOUG55733-A10","PLZAM161-20","GMP#20688","Arthropoda","Insecta","Hymenoptera","Braconidae","Microgastrinae","Glyptapanteles","Glyptapanteles Whitfield90","BOLD:AAY1040","Malaise trap PL12-9D",10.76,-85.334,"2017-02-09","1",654,"PLZAM"
"BIOUG55733-A12","PLZAM163-20","GMP#20688","Arthropoda","Insecta","Hymenoptera","Braconidae","Microgastrinae","Dolichogenidea","Dolichogenidea Malaise9679","BOLD:ADA9679","Malaise trap PL12-9D",10.76,-85.334,"2017-02-09","1",655,"PLZAM"
"BIOUG55737-E10","PLZAN261-20","GMP#20689","Arthropoda","Insecta","Hymenoptera","Braconidae","Microgastrinae","Dolichogenidea","Dolichogenidea Malaise3185","BOLD:AEF3185","Malaise trap PL12-9D",10.76,-85.334,"2017-02-16","1",661,"PLZAN"
"BIOUG55737-G04","PLZAN279-20","GMP#20689","Arthropoda","Insecta","Hymenoptera","Braconidae","Microgastrinae","Dolichogenidea","Dolichogenidea Malaise3185","BOLD:AEF3185","Malaise trap PL12-9D",10.76,-85.334,"2017-02-16","1",654,"PLZAN"
"BIOUG55743-A08","PLZAO369-20","GMP#20690","Arthropoda","Insecta","Hymenoptera","Braconidae","Microgastrinae","Pseudapanteles","Pseudapanteles Malaise3040","BOLD:ADB3040","Malaise trap PL12-9D",10.76,-85.334,"2017-02-23","1",657,"PLZAO"
"BIOUG55743-B03","PLZAO376-20","GMP#20690","Arthropoda","Insecta","Hymenoptera","Braconidae","Microgastrinae","Dolichogenidea","Dolichogenidea Rodriguez144","BOLD:AAD2236","Malaise trap PL12-9D",10.76,-85.334,"2017-02-23","1",657,"PLZAO"
"BIOUG55743-G07","PLZAO440-20","GMP#20690","Arthropoda","Insecta","Hymenoptera","Braconidae","Microgastrinae","Diolcogaster","Diolcogaster Choi84","BOLD:AAB0594","Malaise trap PL12-9D",10.76,-85.334,"2017-02-23","1",654,"PLZAO"
"BIOUG55743-H02","PLZAO447-20","GMP#20690","Arthropoda","Insecta","Hymenoptera","Braconidae","Microgastrinae","Pseudapanteles","Pseudapanteles alvaroumanai","BOLD:AAE0922","Malaise trap PL12-9D",10.76,-85.334,"2017-02-23","1",655,"PLZAO"
"BIOUG55744-A02","PLZAO458-20","GMP#20690","Arthropoda","Insecta","Hymenoptera","Braconidae","Microgastrinae","Rasivalva","Rasivalva Malaise7445","BOLD:AEB7445","Malaise trap PL12-9D",10.76,-85.334,"2017-02-23","1",657,"PLZAO"
"BIOUG55744-A07","PLZAO463-20","GMP#20690","Arthropoda","Insecta","Hymenoptera","Braconidae","Microgastrinae","Pseudapanteles","Pseudapanteles raulsolorzanoi","BOLD:AAA6667","Malaise trap PL12-9D",10.76,-85.334,"2017-02-23","1",655,"PLZAO"
"BIOUG55744-B10","PLZAO478-20","GMP#20690","Arthropoda","Insecta","Hymenoptera","Braconidae","Microgastrinae","Dolichogenidea","Dolichogenidea Rodriguez144","BOLD:AAD2236","Malaise trap PL12-9D",10.76,-85.334,"2017-02-23","1",655,"PLZAO"
"BIOUG55748-A01","PLZAP238-20","GMP#20691","Arthropoda","Insecta","Hymenoptera","Braconidae","Microgastrinae","Pseudapanteles","Pseudapanteles alvaroumanai","BOLD:AAE0922","Malaise trap PL12-9D",10.76,-85.334,"2017-03-02","1",654,"PLZAP"
"BIOUG55748-A08","PLZAP245-20","GMP#20691","Arthropoda","Insecta","Hymenoptera","Braconidae","Microgastrinae","Dolichogenidea","Dolichogenidea Rodriguez144","BOLD:AAD2236","Malaise trap PL12-9D",10.76,-85.334,"2017-03-02","1",654,"PLZAP"
"BIOUG55748-C03","PLZAP264-20","GMP#20691","Arthropoda","Insecta","Hymenoptera","Braconidae","Microgastrinae","Pseudapanteles","Pseudapanteles Malaise3040","BOLD:ADB3040","Malaise trap PL12-9D",10.76,-85.334,"2017-03-02","1",655,"PLZAP"
"BIOUG55748-D02","PLZAP275-20","GMP#20691","Arthropoda","Insecta","Hymenoptera","Braconidae","Microgastrinae","Pseudapanteles","Pseudapanteles alvaroumanai","BOLD:AAE0922","Malaise trap PL12-9D",10.76,-85.334,"2017-03-02","1",654,"PLZAP"
"BIOUG55753-C05","PLZAQ297-20","GMP#20692","Arthropoda","Insecta","Hymenoptera","Braconidae","Microgastrinae","Pseudapanteles","Pseudapanteles alvaroumanai","BOLD:AAE0922","Malaise trap PL12-9D",10.76,-85.334,"2017-03-09","1",653,"PLZAQ"
"BIOUG55753-C07","PLZAQ299-20","GMP#20692","Arthropoda","Insecta","Hymenoptera","Braconidae","Microgastrinae","Pseudapanteles","Pseudapanteles raulsolorzanoi","BOLD:AAA6667","Malaise trap PL12-9D",10.76,-85.334,"2017-03-09","1",655,"PLZAQ"
"BIOUG55753-D01","PLZAQ305-20","GMP#20692","Arthropoda","Insecta","Hymenoptera","Braconidae","Microgastrinae","Pseudapanteles","Pseudapanteles Malaise3040","BOLD:ADB3040","Malaise trap PL12-9D",10.76,-85.334,"2017-03-09","1",657,"PLZAQ"
"BIOUG55753-D04","PLZAQ308-20","GMP#20692","Arthropoda","Insecta","Hymenoptera","Braconidae","Microgastrinae","Glyptapanteles","Glyptapanteles pamitchellae","BOLD:AAA3934","Malaise trap PL12-9D",10.76,-85.334,"2017-03-09","1",653,"PLZAQ"
"BIOUG56065-H01","PLZAR350-20","GMP#20693","Arthropoda","Insecta","Hymenoptera","Braconidae","Microgastrinae","Pseudapanteles","Pseudapanteles alvaroumanai","BOLD:AAE0922","Malaise trap PL12-9D",10.76,-85.334,"2017-03-16","1",655,"PLZAR"
"BIOUG56066-B01","PLZAR373-20","GMP#20693","Arthropoda","Insecta","Hymenoptera","Braconidae","Microgastrinae","Pseudapanteles","Pseudapanteles soniapicadoae","BOLD:AAX8739","Malaise trap PL12-9D",10.76,-85.334,"2017-03-16","1",654,"PLZAR"
"BIOUG56069-H04","PLZAS362-20","GMP#20694","Arthropoda","Insecta","Hymenoptera","Braconidae","Microgastrinae","Pseudapanteles","Pseudapanteles alvaroumanai","BOLD:AAE0922","Malaise trap PL12-9D",10.76,-85.334,"2017-03-23","1",654,"PLZAS"
"BIOUG56072-F11","PLZAT315-20","GMP#20695","Arthropoda","Insecta","Hymenoptera","Braconidae","Microgastrinae","Apanteles","Apanteles oscarchavezi","BOLD:AAN7915","Malaise trap PL12-9D",10.76,-85.334,"2017-03-30","1",654,"PLZAT"
"BIOUG56072-H06","PLZAT334-20","GMP#20695","Arthropoda","Insecta","Hymenoptera","Braconidae","Microgastrinae","Pseudapanteles","Pseudapanteles alvaroumanai","BOLD:AAE0922","Malaise trap PL12-9D",10.76,-85.334,"2017-03-30","1",654,"PLZAT"
"BIOUG56073-B02","PLZAT353-20","GMP#20695","Arthropoda","Insecta","Hymenoptera","Braconidae","Microgastrinae","Rhygoplitis","Rhygoplitis Whitfield01","BOLD:AAC0735","Malaise trap PL12-9D",10.76,-85.334,"2017-03-30","1",653,"PLZAT"
"BIOUG56077-C08","PLZAU342-20","GMP#20696","Arthropoda","Insecta","Hymenoptera","Braconidae","Microgastrinae","Glyptapanteles","Glyptapanteles Malaise2009","BOLD:ADB2009","Malaise trap PL12-9D",10.76,-85.334,"2017-04-06","1",655,"PLZAU"
"BIOUG56077-D09","PLZAU355-20","GMP#20696","Arthropoda","Insecta","Hymenoptera","Braconidae","Microgastrinae","Pseudapanteles","Pseudapanteles alvaroumanai","BOLD:AAE0922","Malaise trap PL12-9D",10.76,-85.334,"2017-04-06","1",655,"PLZAU"
"BIOUG56077-F01","PLZAU371-20","GMP#20696","Arthropoda","Insecta","Hymenoptera","Braconidae","Microgastrinae","Pseudapanteles","Pseudapanteles alvaroumanai","BOLD:AAE0922","Malaise trap PL12-9D",10.76,-85.334,"2017-04-06","1",655,"PLZAU"
"BIOUG56077-F04","PLZAU374-20","GMP#20696","Arthropoda","Insecta","Hymenoptera","Braconidae","Microgastrinae","Pseudapanteles","Pseudapanteles raulsolorzanoi","BOLD:AAA6667","Malaise trap PL12-9D",10.76,-85.334,"2017-04-06","1",652,"PLZAU"
"BIOUG56081-A07","PLZAV356-20","GMP#20697","Arthropoda","Insecta","Hymenoptera","Braconidae","Microgastrinae","Pseudapanteles","Pseudapanteles Malaise34","BOLD:AEZ3433","Malaise trap PL12-9D",10.76,-85.334,"2017-04-13","1",654,"PLZAV"
"BIOUG56081-A10","PLZAV359-20","GMP#20697","Arthropoda","Insecta","Hymenoptera","Braconidae","Microgastrinae","Dolichogenidea","Dolichogenidea Rodriguez144","BOLD:AAD2236","Malaise trap PL12-9D",10.76,-85.334,"2017-04-13","1",654,"PLZAV"
"BIOUG56084-E04","PLZAW333-20","GMP#20698","Arthropoda","Insecta","Hymenoptera","Braconidae","Microgastrinae","Glyptapanteles","Glyptapanteles pamitchellae","BOLD:AAA3934","Malaise trap PL12-9D",10.76,-85.334,"2017-04-20","1",654,"PLZAW"
"BIOUG56084-E11","PLZAW340-20","GMP#20698","Arthropoda","Insecta","Hymenoptera","Braconidae","Microgastrinae","Apanteles","Apanteles Malaise9656","BOLD:ADA9656","Malaise trap PL12-9D",10.76,-85.334,"2017-04-20","1",654,"PLZAW"
"BIOUG56089-G09","PLZAX459-20","GMP#20699","Arthropoda","Insecta","Hymenoptera","Braconidae","Microgastrinae","Dolichogenidea","Dolichogenidea Malaise9679","BOLD:ADA9679","Malaise trap PL12-9D",10.76,-85.334,"2017-04-27","1",654,"PLZAX"
"BIOUG56094-G02","PLZAY399-20","GMP#20700","Arthropoda","Insecta","Hymenoptera","Braconidae","Microgastrinae","Pseudapanteles","Pseudapanteles alvaroumanai","BOLD:AAE0922","Malaise trap PL12-9D",10.76,-85.334,"2017-05-04","1",657,"PLZAY"
"BIOUG56701-H11","PLZAZ644-20","GMP#20701","Arthropoda","Insecta","Hymenoptera","Braconidae","Microgastrinae","Pseudapanteles","Pseudapanteles raulsolorzanoi","BOLD:AAA6667","Malaise trap PL12-9D",10.76,-85.334,"2017-05-11","1",654,"PLZAZ"
"BIOUG56702-B06","PLZAZ662-20","GMP#20701","Arthropoda","Insecta","Hymenoptera","Braconidae","Microgastrinae","Glyptapanteles","Glyptapanteles pamitchellae","BOLD:AAA3934","Malaise trap PL12-9D",10.76,-85.334,"2017-05-11","1",654,"PLZAZ"
"BIOUG56702-C09","PLZAZ677-20","GMP#20701","Arthropoda","Insecta","Hymenoptera","Braconidae","Microgastrinae","Apanteles","Apanteles Whitfield305","BOLD:AAK1646","Malaise trap PL12-9D",10.76,-85.334,"2017-05-11","1",654,"PLZAZ"
"BIOUG56715-B04","PLZBA1091-20","GMP#20702","Arthropoda","Insecta","Hymenoptera","Braconidae","Microgastrinae","Pseudapanteles","Pseudapanteles alvaroumanai","BOLD:AAE0922","Malaise trap PL12-9D",10.76,-85.334,"2017-05-18","1",658,"PLZBA"
"BIOUG56736-D05","PLZBC914-20","GMP#20704","Arthropoda","Insecta","Hymenoptera","Braconidae","Microgastrinae","Pseudapanteles","Pseudapanteles raulsolorzanoi","BOLD:AAA6667","Malaise trap PL12-9D",10.76,-85.334,"2017-06-01","1",654,"PLZBC"
"BIOUG55591-F01","PLZBE552-20","GMP#20706","Arthropoda","Insecta","Hymenoptera","Braconidae","Microgastrinae","Parapanteles","Parapanteles tlineaDHJ01","BOLD:AED2446","Malaise trap PL12-9D",10.76,-85.334,"2017-06-15","1",654,"PLZBE"
"BIOUG55600-C02","PLZBF661-20","GMP#20707","Arthropoda","Insecta","Hymenoptera","Braconidae","Microgastrinae","Glyptapanteles","Glyptapanteles jesusugaldei","BOLD:ABX6466","Malaise trap PL12-9D",10.76,-85.334,"2017-06-22","1",654,"PLZBF"
"BIOUG56342-G01","PLZBP265-20","GMP#20717","Arthropoda","Insecta","Hymenoptera","Braconidae","Microgastrinae","Dolichogenidea","Dolichogenidea Malaise9679","BOLD:ADA9679","Malaise trap PL12-9D",10.76,-85.334,"2017-08-31","1",654,"PLZBP"
"BIOUG56342-H05","PLZBP281-20","GMP#20717","Arthropoda","Insecta","Hymenoptera","Braconidae","Microgastrinae","Apanteles","Apanteles Malaise9656","BOLD:ADA9656","Malaise trap PL12-9D",10.76,-85.334,"2017-08-31","1",655,"PLZBP"
"BIOUG59538-A03","PLZCL034-20","GMP#20363","Arthropoda","Insecta","Hymenoptera","Braconidae","Microgastrinae","Hypomicrogaster","Hypomicrogaster Malaise8000","BOLD:AEF8000","Malaise trap PL12-2E",10.763,-85.335,"2018-02-01","1",652,"PLZCL"
