"","sampleid","processid","fieldid","phylum","class","order","family","subfamily","genus","species","uri","extrainfo","lat","long","collectiondate","fk_marker","nucraw_length","code"
"1","DHJPAR0045881","ACGBA046-12","09-SRNP-80912","Arthropoda","Insecta","Hymenoptera","Braconidae","Microgastrinae","Venanus","Venanus johnnyrosalesi","BOLD:AAB9613","malaise-trapped",10.9333,-85.4573,"2009-01-26","1",658,"ACGBA"
"2","DHJPAR0045900","ACGBA065-12","09-SRNP-80931","Arthropoda","Insecta","Hymenoptera","Braconidae","Microgastrinae","Glyptapanteles","Glyptapanteles bobkulai","BOLD:ACE8721","malaise-trapped",10.9333,-85.4573,"2009-04-20","1",658,"ACGBA"
"3","DHJPAR0045905","ACGBA070-12","09-SRNP-80936","Arthropoda","Insecta","Hymenoptera","Braconidae","Microgastrinae","Parapanteles","Parapanteles tlineaDHJ02","BOLD:AAD4646","malaise-trapped",10.9333,-85.4573,"2009-05-25","1",658,"ACGBA"
"4","DHJPAR0045959","ACGBA124-12","08-SRNP-76400","Arthropoda","Insecta","Hymenoptera","Braconidae","Microgastrinae","Apanteles","Apanteles juliodiazi","BOLD:AAE6814","malaise-trapped",10.9333,-85.4573,"2008-10-20","1",614,"ACGBA"
"5","DHJPAR0046031","ACGBA196-12","09-SRNP-80965","Arthropoda","Insecta","Hymenoptera","Braconidae","Microgastrinae","Dolichogenidea","Dolichogenidea Janzen28","BOLD:AAE8596","malaise-trapped",10.9333,-85.4573,"2009-04-13","1",658,"ACGBA"
"6","DHJPAR0012494","ASBD001-07","98-SRNP-16001","Arthropoda","Insecta","Hymenoptera","Braconidae","Microgastrinae","Apanteles","Apanteles raulacevedoi","BOLD:ABX5812","malaise-trapped",11.03,-85.527,"1998-08-17","1",657,"ASMGJ"
"7","DHJPAR0012495","ASBD002-07","99-SRNP-18854","Arthropoda","Insecta","Hymenoptera","Braconidae","Microgastrinae","Apanteles","Apanteles eduardoramirezi","BOLD:AAA4554","malaise-trapped",11.03,-85.527,"1999-05-10","1",657,"ASMGJ"
"8","DHJPAR0012497","ASBD004-07","98-SRNP-16002","Arthropoda","Insecta","Hymenoptera","Braconidae","Microgastrinae","Apanteles","Apanteles rolandoramosi","BOLD:AAE6776","malaise-trapped",11.03,-85.527,"1998-12-14","1",657,"ASMGJ"
"9","DHJPAR0012498","ASBD005-07","98-SRNP-16003","Arthropoda","Insecta","Hymenoptera","Braconidae","Microgastrinae","Apanteles","Apanteles bernyapui","BOLD:AAB7636","malaise-trapped",11.03,-85.527,"1998-10-14","1",657,"ASMGJ"
"10","DHJPAR0012499","ASBD006-07","98-SRNP-16004","Arthropoda","Insecta","Hymenoptera","Braconidae","Microgastrinae","Apanteles","Apanteles alejandromasisi","BOLD:AAK1575","malaise-trapped",11.03,-85.527,"1998-10-14","1",657,"ASMGJ"
"11","DHJPAR0012506","ASBD013-07","98-SRNP-16010","Arthropoda","Insecta","Hymenoptera","Braconidae","Microgastrinae","Apanteles","Apanteles albanjimenezi","BOLD:AAK1566","malaise-trapped",10.9333,-85.4573,"1998-12-28","1",657,"ASMGJ"
"12","DHJPAR0012508","ASBD015-07","99-SRNP-18858","Arthropoda","Insecta","Hymenoptera","Braconidae","Microgastrinae","Parapanteles","Parapanteles Whitfield304","BOLD:AAK1564","malaise-trapped",11.03,-85.527,"1999-05-17","1",657,"ASMGJ"
"13","DHJPAR0012512","ASBD019-07","06-SRNP-98014","Arthropoda","Insecta","Hymenoptera","Braconidae","Microgastrinae","Apanteles","Apanteles Rodriguez127","BOLD:AAK1559","malaise-trapped",10.8153,-85.5436,"2007-01-10","1",657,"ASMGJ"
"14","DHJPAR0012513","ASBD020-07","06-SRNP-98015","Arthropoda","Insecta","Hymenoptera","Braconidae","Microgastrinae","Apanteles","Apanteles Rodriguez138","BOLD:AAK1572","malaise-trapped",10.8153,-85.5436,"2007-01-10","1",657,"ASMGJ"
"15","DHJPAR0012516","ASBD023-07","99-SRNP-18863","Arthropoda","Insecta","Hymenoptera","Braconidae","Microgastrinae","Clarkinella","Clarkinella Rodriguez125","BOLD:AAK1540","malaise-trapped",11.03,-85.527,"1999-03-01","1",657,"ASMGJ"
"16","DHJPAR0012517","ASBD024-07","99-SRNP-18864","Arthropoda","Insecta","Hymenoptera","Braconidae","Microgastrinae","Dolichogenidea","Dolichogenidea Rodriguez145","BOLD:AAB9372","malaise-trapped",11.03,-85.527,"1999-05-31","1",657,"ASMGJ"
"17","DHJPAR0012519","ASBD026-07","99-SRNP-18865","Arthropoda","Insecta","Hymenoptera","Braconidae","Microgastrinae","Dolichogenidea","Dolichogenidea Rodriguez144","BOLD:AAD2236","malaise-trapped",11.03,-85.527,"1999-05-24","1",657,"ASMGJ"
"18","DHJPAR0012520","ASBD027-07","99-SRNP-18866","Arthropoda","Insecta","Hymenoptera","Braconidae","Microgastrinae","Hypomicrogaster","Hypomicrogaster samarshalli","BOLD:AAF7670","malaise-trapped",11.03,-85.527,"1999-05-31","1",581,"ASMGJ"
"19","DHJPAR0012524","ASBD031-07","99-SRNP-18870","Arthropoda","Insecta","Hymenoptera","Braconidae","Microgastrinae","Apanteles","Apanteles oscarchavezi","BOLD:AAN7915","malaise-trapped",11.03,-85.527,"1999-05-03","1",657,"ASMGJ"
"20","DHJPAR0012531","ASBD038-07","99-SRNP-18877","Arthropoda","Insecta","Hymenoptera","Braconidae","Microgastrinae","Apanteles","Apanteles lisabearssae","BOLD:AAC2117","malaise-trapped",11.03,-85.527,"1999-05-03","1",657,"ASMGJ"
"21","DHJPAR0012535","ASBD042-07","98-SRNP-16011","Arthropoda","Insecta","Hymenoptera","Braconidae","Microgastrinae","Glyptapanteles","Glyptapanteles Whitfield279","BOLD:AAD2307","malaise-trapped",10.9333,-85.4573,"1998-12-07","1",657,"ASMGJ"
"22","DHJPAR0012537","ASBD044-07","98-SRNP-16012","Arthropoda","Insecta","Hymenoptera","Braconidae","Microgastrinae","Apanteles","Apanteles mariaguevarae","BOLD:AAJ1368","malaise-trapped",10.8439,-85.6138,"1998-12-07","1",657,"ASMGJ"
"23","DHJPAR0012541","ASBD048-07","99-SRNP-18885","Arthropoda","Insecta","Hymenoptera","Braconidae","Microgastrinae","Apanteles","Apanteles Rodriguez143","BOLD:AAK1562","malaise-trapped",11.03,-85.527,"1999-02-08","1",657,"ASMGJ"
"24","DHJPAR0012544","ASBD051-07","98-SRNP-16014","Arthropoda","Insecta","Hymenoptera","Braconidae","Microgastrinae","Dolichogenidea","Dolichogenidea Janzen30","BOLD:ABX5195","malaise-trapped",11.03,-85.527,"1998-08-17","1",632,"ASMGJ"
"25","DHJPAR0012545","ASBD052-07","98-SRNP-16015","Arthropoda","Insecta","Hymenoptera","Braconidae","Microgastrinae","Dolichogenidea","Dolichogenidea Janzen29","BOLD:AAX8664","malaise-trapped",10.9333,-85.4573,"1998-10-05","1",657,"ASMGJ"
"26","DHJPAR0012546","ASBD053-07","00-SRNP-23850.1","Arthropoda","Insecta","Hymenoptera","Braconidae","Microgastrinae","Dolichogenidea","Dolichogenidea Janzen25","BOLD:ABY7999","malaise-trapped",10.9333,-85.4573,"2000-05-22","1",657,"ASMGJ"
"27","DHJPAR0012551","ASBD058-07","00-SRNP-23851","Arthropoda","Insecta","Hymenoptera","Braconidae","Microgastrinae","Dolichogenidea","Dolichogenidea Janzen0272","BOLD:ACF0272","malaise-trapped",10.9333,-85.4573,"2000-04-17","1",653,"ASMGJ"
"28","DHJPAR0012553","ASBD060-07","00-SRNP-23853","Arthropoda","Insecta","Hymenoptera","Braconidae","Microgastrinae","Dolichogenidea","Dolichogenidea Janzen23","BOLD:AAB5549","malaise-trapped",10.9333,-85.4573,"2000-05-29","1",657,"ASMGJ"
"29","DHJPAR0012557","ASBD064-07","00-SRNP-23855","Arthropoda","Insecta","Hymenoptera","Braconidae","Microgastrinae","Dolichogenidea","Dolichogenidea cedenoae","BOLD:ABX6267","malaise-trapped",10.9333,-85.4573,"2000-04-17","1",657,"ASMGJ"
"30","DHJPAR0012558","ASBD065-07","99-SRNP-18891","Arthropoda","Insecta","Hymenoptera","Braconidae","Microgastrinae","Dolichogenidea","Dolichogenidea Janzen94","BOLD:AAE8602","malaise-trapped",11.03,-85.527,"1999-04-05","1",657,"ASMGJ"
"31","DHJPAR0012560","ASBD067-07","99-SRNP-18892","Arthropoda","Insecta","Hymenoptera","Braconidae","Microgastrinae","Dolichogenidea","Dolichogenidea Janzen27","BOLD:AAI9746","malaise-trapped",11.03,-85.527,"1999-05-10","1",657,"ASMGJ"
"32","DHJPAR0012563","ASBD070-07","99-SRNP-18894","Arthropoda","Insecta","Hymenoptera","Braconidae","Microgastrinae","Rhygoplitis","Rhygoplitis Whitfield01","BOLD:AAC0735","malaise-trapped",11.03,-85.527,"1999-03-01","1",657,"ASMGJ"
"33","DHJPAR0012573","ASBD080-07","06-SRNP-98016","Arthropoda","Insecta","Hymenoptera","Braconidae","Microgastrinae","Pseudapanteles","Pseudapanteles rosemarykarpinskiae","BOLD:AAB2826","malaise-trapped",10.8439,-85.6138,"2007-01-10","1",656,"ASMGJ"
"34","DHJPAR0012576","ASBD083-07","99-SRNP-18904","Arthropoda","Insecta","Hymenoptera","Braconidae","Microgastrinae","Pseudapanteles","Pseudapanteles carlosrodriguezi","BOLD:AAE8274","malaise-trapped",11.03,-85.527,"1999-05-03","1",657,"ASMGJ"
"35","DHJPAR0012577","ASBD084-07","98-SRNP-16019","Arthropoda","Insecta","Hymenoptera","Braconidae","Microgastrinae","Pseudapanteles","Pseudapanteles alfiopivai","BOLD:AAF6107","malaise-trapped",11.03,-85.527,"1998-08-17","1",657,"ASMGJ"
"36","DHJPAR0012578","ASBD085-07","00-SRNP-23858","Arthropoda","Insecta","Hymenoptera","Braconidae","Microgastrinae","Lathrapanteles","Lathrapanteles Whitfield02","BOLD:AAE1584","malaise-trapped",10.9333,-85.4573,"2000-05-01","1",657,"ASMGJ"
"37","DHJPAR0012579","ASBD086-07","99-SRNP-18905","Arthropoda","Insecta","Hymenoptera","Braconidae","Microgastrinae","Snellenius","Snellenius gerardoherrerai","BOLD:AAD3623","malaise-trapped",11.03,-85.527,"1999-06-07","1",657,"ASMGJ"
"38","DHJPAR0012581","ASBD088-07","99-SRNP-18907","Arthropoda","Insecta","Hymenoptera","Braconidae","Microgastrinae","Microplitis","Microplitis hebertbakeri","BOLD:AAC6114","malaise-trapped",11.03,-85.527,"1999-05-31","1",657,"ASMGJ"
"39","DHJPAR0012582","ASBD089-07","98-SRNP-16020","Arthropoda","Insecta","Hymenoptera","Braconidae","Microgastrinae","Xanthomicrogaster","Xanthomicrogaster Malaise2270","BOLD:AAE2270","malaise-trapped",11.03,-85.527,"1998-08-31","1",657,"ASMGJ"
"40","DHJPAR0012585","ASBD092-07","00-SRNP-23859","Arthropoda","Insecta","Hymenoptera","Braconidae","Microgastrinae","Sendaphne","Sendaphne Whitfield04","BOLD:AAA7170","malaise-trapped",10.9333,-85.4573,"2000-06-03","1",621,"ASMGJ"
"41","DHJPAR0012586","ASBD093-07","99-SRNP-18909","Arthropoda","Insecta","Hymenoptera","Braconidae","Microgastrinae","Promicrogaster","Promicrogaster liagrantae","BOLD:AAD9684","malaise-trapped",11.03,-85.527,"1999-07-12","1",657,"ASMGJ"
"42","DHJPAR0012588","ASBD095-07","99-SRNP-18911","Arthropoda","Insecta","Hymenoptera","Braconidae","Microgastrinae","Promicrogaster","Promicrogaster fabriciocambroneroi","BOLD:AAX7726","malaise-trapped",11.03,-85.527,"1999-04-19","1",657,"ASMGJ"
"43","DHJPAR0012589","ASBD096-07","98-SRNP-16022","Arthropoda","Insecta","Hymenoptera","Braconidae","Microgastrinae","Hypomicrogaster","Hypomicrogaster Whitfield32","BOLD:AAX2082","malaise-trapped",10.9333,-85.4573,"1998-10-20","1",657,"ASMGJ"
"44","DHJPAR0012592","ASBD099-07","99-SRNP-18913","Arthropoda","Insecta","Hymenoptera","Braconidae","Microgastrinae","Diolcogaster","Diolcogaster Choi77","BOLD:AAB9863","malaise-trapped",11.03,-85.527,"1999-03-10","1",657,"ASMGJ"
"45","DHJPAR0012593","ASBD100-07","99-SRNP-18914","Arthropoda","Insecta","Hymenoptera","Braconidae","Microgastrinae","Diolcogaster","Diolcogaster Choi84","BOLD:AAB0594","malaise-trapped",11.03,-85.527,"1999-03-10","1",657,"ASMGJ"
"46","DHJPAR0012594","ASBD101-07","98-SRNP-16024","Arthropoda","Insecta","Hymenoptera","Braconidae","Microgastrinae","Hypomicrogaster","Hypomicrogaster Whitfield31","BOLD:AAI7798","malaise-trapped",10.9333,-85.4573,"1998-08-31","1",657,"ASMGJ"
"47","DHJPAR0012597","ASBD104-07","98-SRNP-16025","Arthropoda","Insecta","Hymenoptera","Braconidae","Microgastrinae","Rasivalva","Rasivalva Choi76","BOLD:ACV3805","malaise-trapped",11.03,-85.527,"1998-08-17","1",657,"ASMGJ"
"48","DHJPAR0012601","ASBD108-07","98-SRNP-16029","Arthropoda","Insecta","Hymenoptera","Braconidae","Microgastrinae","Snellenius","Snellenius warrenwagneri","BOLD:AAC6165","malaise-trapped",10.8439,-85.6138,"1998-12-28","1",657,"ASMGJ"
"49","DHJPAR0012602","ASBD109-07","99-SRNP-18915","Arthropoda","Insecta","Hymenoptera","Braconidae","Microgastrinae","Fornicia","Fornicia Whitfield01","BOLD:AAF6682","malaise-trapped",11.03,-85.527,"1999-01-18","1",657,"ASMGJ"
"50","DHJPAR0012605","ASBD112-07","06-SRNP-98018","Arthropoda","Insecta","Hymenoptera","Braconidae","Microgastrinae","Diolcogaster","Diolcogaster Choi75","BOLD:AAX9683","malaise-trapped",10.8439,-85.6138,"2007-01-12","1",629,"ASMGJ"
"51","DHJPAR0012606","ASBD113-07","99-SRNP-18918","Arthropoda","Insecta","Hymenoptera","Braconidae","Microgastrinae","Diolcogaster","Diolcogaster Choi80","BOLD:AAX9686","malaise-trapped",11.03,-85.527,"1999-05-31","1",568,"ASMGJ"
"52","DHJPAR0012607","ASBD114-07","98-SRNP-16030","Arthropoda","Insecta","Hymenoptera","Braconidae","Microgastrinae","Diolcogaster","Diolcogaster Choi78","BOLD:ABX5680","malaise-trapped",11.03,-85.527,"1998-11-30","1",657,"ASMGJ"
"53","DHJPAR0012617","ASBD124-07","99-SRNP-18926","Arthropoda","Insecta","Hymenoptera","Braconidae","Microgastrinae","Parapanteles","Parapanteles Whitfield301","BOLD:AAJ1367","malaise-trapped",11.03,-85.527,"1999-04-05","1",657,"ASMGJ"
"54","DHJPAR0012620","ASBD127-07","98-SRNP-16033","Arthropoda","Insecta","Hymenoptera","Braconidae","Microgastrinae","Lathrapanteles","Lathrapanteles Whitfield01","BOLD:AAD3521","malaise-trapped",11.03,-85.527,"1998-10-05","1",657,"ASMGJ"
"55","DHJPAR0012621","ASBD128-07","98-SRNP-16034","Arthropoda","Insecta","Hymenoptera","Braconidae","Microgastrinae","Glyptapanteles","Glyptapanteles pamitchellae","BOLD:AAA3934","malaise-trapped",11.03,-85.527,"1998-09-07","1",657,"ASMGJ"
"56","DHJPAR0012622","ASBD129-07","98-SRNP-16035","Arthropoda","Insecta","Hymenoptera","Braconidae","Microgastrinae","Glyptapanteles","Glyptapanteles nealweberi","BOLD:AAB2471","malaise-trapped",11.03,-85.527,"1998-11-16","1",657,"ASMGJ"
"57","DHJPAR0012623","ASBD130-07","99-SRNP-18929","Arthropoda","Insecta","Hymenoptera","Braconidae","Microgastrinae","Glyptapanteles","Glyptapanteles ninazitaniae","BOLD:AAA6269","malaise-trapped",11.03,-85.527,"1999-07-05","1",657,"ASMGJ"
"58","DHJPAR0012624","ASBD131-07","99-SRNP-18930","Arthropoda","Insecta","Hymenoptera","Braconidae","Microgastrinae","Glyptapanteles","Glyptapanteles Whitfield75","BOLD:AAE7080","malaise-trapped",11.03,-85.527,"1999-06-28","1",657,"ASMGJ"
"59","DHJPAR0012625","ASBD132-07","99-SRNP-18931","Arthropoda","Insecta","Hymenoptera","Braconidae","Microgastrinae","Glyptapanteles","Glyptapanteles Whitfield91","BOLD:ACL4468","malaise-trapped",11.03,-85.527,"1999-05-31","1",381,"ASMGJ"
"60","DHJPAR0012627","ASBD134-07","06-SRNP-98019","Arthropoda","Insecta","Hymenoptera","Braconidae","Microgastrinae","Glyptapanteles","Glyptapanteles Whitfield90","BOLD:AAY1040","malaise-trapped",10.8439,-85.6138,"2007-01-12","1",566,"ASMGJ"
"61","DHJPAR0012628","ASBD135-07","00-SRNP-23862","Arthropoda","Insecta","Hymenoptera","Braconidae","Microgastrinae","Glyptapanteles","Glyptapanteles Whitfield81","BOLD:AAF8296","malaise-trapped",10.9333,-85.4573,"2000-05-15","1",657,"ASMGJ"
"62","DHJPAR0012630","ASBD137-07","99-SRNP-18933","Arthropoda","Insecta","Hymenoptera","Braconidae","Microgastrinae","Glyptapanteles","Glyptapanteles mikesharkeyi","BOLD:AAA2794","malaise-trapped",11.03,-85.527,"1999-07-05","1",657,"ASMGJ"
"63","DHJPAR0012631","ASBD138-07","98-SRNP-16036","Arthropoda","Insecta","Hymenoptera","Braconidae","Microgastrinae","Glyptapanteles","Glyptapanteles Whitfield77","BOLD:AAA9309","malaise-trapped",10.9333,-85.4573,"1998-08-31","1",657,"ASMGJ"
"64","DHJPAR0012634","ASBD141-07","99-SRNP-18935","Arthropoda","Insecta","Hymenoptera","Braconidae","Microgastrinae","Glyptapanteles","Glyptapanteles eowilsoni","BOLD:AAD9762","malaise-trapped",11.03,-85.527,"1999-03-08","1",657,"ASMGJ"
"65","DHJPAR0012642","ASBD149-07","00-SRNP-23864","Arthropoda","Insecta","Hymenoptera","Braconidae","Microgastrinae","Parapanteles","Parapanteles Whitfield09","BOLD:AAB6927","malaise-trapped",10.9333,-85.4573,"2000-05-22","1",657,"ASMGJ"
"66","DHJPAR0012643","ASBD150-07","98-SRNP-16043","Arthropoda","Insecta","Hymenoptera","Braconidae","Microgastrinae","Parapanteles","Parapanteles Whitfield11","BOLD:AAX1139","malaise-trapped",10.9333,-85.4573,"1998-12-07","1",657,"ASMGJ"
"67","DHJPAR0012645","ASBD152-07","98-SRNP-16045","Arthropoda","Insecta","Hymenoptera","Braconidae","Microgastrinae","Parapanteles","Parapanteles Whitfield10","BOLD:AAX1134","malaise-trapped",10.9333,-85.4573,"1998-10-26","1",657,"ASMGJ"
"68","DHJPAR0012648","ASBD155-07","98-SRNP-16047","Arthropoda","Insecta","Hymenoptera","Braconidae","Microgastrinae","Cotesia","Cotesia Whitfield64","BOLD:AAA7143","malaise-trapped",11.03,-85.527,"1998-09-28","1",657,"ASMGJ"
"69","DHJPAR0012712","ASBD219-07","03-SRNP-38729","Arthropoda","Insecta","Hymenoptera","Braconidae","Microgastrinae","Apanteles","Apanteles rosibelelizondoae","BOLD:AAA4871","malaise-trapped",10.9019,-85.2749,"2003-06-20","1",570,"ASMGJ"
"70","DHJPAR0012727","ASBD234-07","98-SRNP-16052","Arthropoda","Insecta","Hymenoptera","Braconidae","Microgastrinae","Glyptapanteles","Glyptapanteles Whitfield78","BOLD:AAE7075","malaise-trapped",10.9333,-85.4573,"1998-09-14","1",603,"ASMGJ"
"71","DHJPAR0012731","ASBD238-07","98-SRNP-16056","Arthropoda","Insecta","Hymenoptera","Braconidae","Microgastrinae","Hypomicrogaster","Hypomicrogaster Whitfield30","BOLD:AAX2083","malaise-trapped",10.9333,-85.4573,"1998-08-31","1",657,"ASMGJ"
"72","DHJPAR0012736","ASBD243-07","98-SRNP-16060","Arthropoda","Insecta","Hymenoptera","Braconidae","Microgastrinae","Dolichogenidea","Dolichogenidea Janzen20","BOLD:AAI9747","malaise-trapped",11.03,-85.527,"1998-08-31","1",657,"ASMGJ"
"73","DHJPAR0012739","ASBD246-07","99-SRNP-18944","Arthropoda","Insecta","Hymenoptera","Braconidae","Microgastrinae","Cotesia","Cotesia Janzen38","BOLD:AAX8658","malaise-trapped",11.03,-85.527,"1999-02-15","1",573,"ASMGJ"
"74","DHJPAR0012744","ASBD251-07","06-SRNP-98020","Arthropoda","Insecta","Hymenoptera","Braconidae","Microgastrinae","Dolichogenidea","Dolichogenidea Janzen257","BOLD:AAF5364","malaise-trapped",10.8801,-85.3889,"2007-01-13","1",657,"ASMGJ"
"75","DHJPAR0012747","ASBD254-07","06-SRNP-98022","Arthropoda","Insecta","Hymenoptera","Braconidae","Microgastrinae","Dolichogenidea","Dolichogenidea Janzen117","BOLD:AAD9699","malaise-trapped",10.8439,-85.6138,"2007-01-12","1",657,"ASMGJ"
"76","DHJPAR0012750","ASBD257-07","00-SRNP-23867","Arthropoda","Insecta","Hymenoptera","Braconidae","Microgastrinae","Parapanteles","Parapanteles Whitfield07","BOLD:AAE6855","malaise-trapped",10.9333,-85.4573,"2000-05-22","1",657,"ASMGJ"
"77","DHJPAR0012754","ASBD261-07","98-SRNP-16065.1","Arthropoda","Insecta","Hymenoptera","Braconidae","Microgastrinae","Glyptapanteles","Glyptapanteles nataliaivanovae","BOLD:AAC5317","malaise-trapped",11.03,-85.527,"1998-12-07","1",657,"ASMGJ"
"78","DHJPAR0013537","ASBD402-07","99-SRNP-18968","Arthropoda","Insecta","Hymenoptera","Braconidae","Microgastrinae","Glyptapanteles","Glyptapanteles Whitfield306","BOLD:AAL3594","malaise-trapped",10.8439,-85.6138,"1999-12-06","1",657,"ASMGJ"
"79","DHJPAR0013543","ASBD408-07","99-SRNP-19003","Arthropoda","Insecta","Hymenoptera","Braconidae","Microgastrinae","Apanteles","Apanteles Rodriguez176","BOLD:AAD5258","malaise-trapped",10.8439,-85.6138,"1999-05-10","1",657,"ASMGJ"
"80","DHJPAR0013547","ASBD412-07","99-SRNP-19045","Arthropoda","Insecta","Hymenoptera","Braconidae","Microgastrinae","Cotesia","Cotesia Whitfield03","BOLD:AAE9345","malaise-trapped",10.8439,-85.6138,"1999-04-19","1",657,"ASMGJ"
"81","DHJPAR0013552","ASBD417-07","99-SRNP-19060","Arthropoda","Insecta","Hymenoptera","Braconidae","Microgastrinae","Apanteles","Apanteles victorbarrantesi","BOLD:AAE6770","malaise-trapped",10.8439,-85.6138,"1999-01-11","1",657,"ASMGJ"
"82","DHJPAR0013555","ASBD420-07","00-SRNP-23869","Arthropoda","Insecta","Hymenoptera","Braconidae","Microgastrinae","Glyptapanteles","Glyptapanteles shelbystedenfeldae","BOLD:AAC1266","malaise-trapped",10.8439,-85.6138,"2000-05-22","1",657,"ASMGJ"
"83","DHJPAR0013565","ASBD430-07","00-SRNP-23900","Arthropoda","Insecta","Hymenoptera","Braconidae","Microgastrinae","Apanteles","Apanteles Rodriguez200","BOLD:AAK1637","malaise-trapped",10.8439,-85.6138,"2000-05-01","1",657,"ASMGJ"
"84","DHJPAR0013591","ASBD456-07","99-SRNP-19102","Arthropoda","Insecta","Hymenoptera","Braconidae","Microgastrinae","Glyptapanteles","Glyptapanteles Whitfield199","BOLD:AAD6534","malaise-trapped",10.8514,-85.608,"1999-05-10","1",626,"ASMGJ"
"85","DHJPAR0013605","ASBD470-07","00-SRNP-23979","Arthropoda","Insecta","Hymenoptera","Braconidae","Microgastrinae","Pseudapanteles","Pseudapanteles raulsolorzanoi","BOLD:AAA6667","malaise-trapped",10.8514,-85.608,"2000-05-22","1",570,"ASMGJ"
"86","DHJPAR0013631","ASBD496-07","99-SRNP-19244","Arthropoda","Insecta","Hymenoptera","Braconidae","Microgastrinae","Glyptapanteles","Glyptapanteles jesusugaldei","BOLD:ABX6466","malaise-trapped",11.03,-85.527,"1999-01-18","1",587,"ASMGJ"
"87","DHJPAR0013641","ASBD506-07","99-SRNP-19254","Arthropoda","Insecta","Hymenoptera","Braconidae","Microgastrinae","Dolichogenidea","Dolichogenidea Janzen255","BOLD:ACF2929","malaise-trapped",11.03,-85.527,"1999-06-14","1",381,"ASMGJ"
"88","DHJPAR0013645","ASBD510-07","99-SRNP-19258","Arthropoda","Insecta","Hymenoptera","Braconidae","Microgastrinae","Glyptapanteles","Glyptapanteles Whitfield189","BOLD:AAI7285","malaise-trapped",11.03,-85.527,"1999-05-10","1",572,"ASMGJ"
"89","DHJPAR0013648","ASBD513-07","99-SRNP-19261","Arthropoda","Insecta","Hymenoptera","Braconidae","Microgastrinae","Pseudapanteles","Pseudapanteles alvaroumanai","BOLD:AAE0922","malaise-trapped",11.03,-85.527,"1999-04-05","1",606,"ASMGJ"
"90","DHJPAR0013663","ASBD528-07","07-SRNP-15074","Arthropoda","Insecta","Hymenoptera","Braconidae","Microgastrinae","Dolichogenidea","Dolichogenidea Rodriguez197","BOLD:AAC8392","malaise-trapped",10.8439,-85.6138,"2007-05-01","1",593,"ASMGJ"
"91","DHJPAR0013320","ASBRD005-07","98-SRNP-16072","Arthropoda","Insecta","Hymenoptera","Braconidae","Microgastrinae","Snellenius","Snellenius irenebakerae","BOLD:AAC9684","malaise-trapped",10.8439,-85.6138,"1998-10-26","1",657,"ASMGJ"
"92","DHJPAR0013314","ASBRD010-07","98-SRNP-16077","Arthropoda","Insecta","Hymenoptera","Braconidae","Microgastrinae","Snellenius","Snellenius lucindamcdadeae","BOLD:AAD3624","malaise-trapped",10.8439,-85.6138,"1998-08-31","1",629,"ASMGJ"
"93","DHJPAR0013342","ASBRD033-07","99-SRNP-18953","Arthropoda","Insecta","Hymenoptera","Braconidae","Microgastrinae","Snellenius","Snellenius velvaruddae","BOLD:AAH2837","malaise-trapped",10.8439,-85.6138,"1999-05-17","1",657,"ASMGJ"
"94","DHJPAR0013383","ASBRD037-07","99-SRNP-18957","Arthropoda","Insecta","Hymenoptera","Braconidae","Microgastrinae","Glyptapanteles","Glyptapanteles philwardi","BOLD:AAE7160","malaise-trapped",10.8439,-85.6138,"1999-04-26","1",657,"ASMGJ"
"95","DHJPAR0013126","ASBRD059-07","99-SRNP-18985","Arthropoda","Insecta","Hymenoptera","Braconidae","Microgastrinae","Prasmodon","Prasmodon paulgoldsteini","BOLD:AAE0704","malaise-trapped",10.8439,-85.6138,"1999-11-22","1",619,"ASMGJ"
"96","DHJPAR0013070","ASBRD067-07","99-SRNP-18993","Arthropoda","Insecta","Hymenoptera","Braconidae","Microgastrinae","Apanteles","Apanteles josejaramilloi","BOLD:AAD6849","malaise-trapped",10.8439,-85.6138,"1999-03-08","1",657,"ASMGJ"
"97","DHJPAR0013269","ASBRD071-07","99-SRNP-18997","Arthropoda","Insecta","Hymenoptera","Braconidae","Microgastrinae","Diolcogaster","Diolcogaster Choi314","BOLD:AAL1022","malaise-trapped",10.8439,-85.6138,"1999-05-24","1",588,"ASMGJ"
"98","DHJPAR0013385","ASBRD080-07","99-SRNP-19008","Arthropoda","Insecta","Hymenoptera","Braconidae","Microgastrinae","Glyptapanteles","Glyptapanteles daveschindeli","BOLD:AAF8182","malaise-trapped",10.8439,-85.6138,"1999-05-10","1",657,"ASMGJ"
"99","DHJPAR0013267","ASBRD081-07","99-SRNP-19009","Arthropoda","Insecta","Hymenoptera","Braconidae","Microgastrinae","Diolcogaster","Diolcogaster Choi95","BOLD:AAF5702","malaise-trapped",10.8439,-85.6138,"1999-05-10","1",657,"ASMGJ"
"100","DHJPAR0013123","ASBRD084-07","99-SRNP-19012","Arthropoda","Insecta","Hymenoptera","Braconidae","Microgastrinae","Hypomicrogaster","Hypomicrogaster Whitfield48","BOLD:AAX2166","malaise-trapped",10.8439,-85.6138,"1999-12-13","1",657,"ASMGJ"
"101","DHJPAR0013274","ASBRD090-07","99-SRNP-19021","Arthropoda","Insecta","Hymenoptera","Braconidae","Microgastrinae","Diolcogaster","Diolcogaster Choi112","BOLD:AAD3978","malaise-trapped",10.8439,-85.6138,"1999-05-17","1",657,"ASMGJ"
"102","DHJPAR0013144","ASBRD113-07","99-SRNP-19044","Arthropoda","Insecta","Hymenoptera","Braconidae","Microgastrinae","Pseudapanteles","Pseudapanteles hernanbravoi","BOLD:AAK9744","malaise-trapped",10.8439,-85.6138,"1999-04-19","1",657,"ASMGJ"
"103","DHJPAR0013252","ASBRD115-07","99-SRNP-19048","Arthropoda","Insecta","Hymenoptera","Braconidae","Microgastrinae","Hypomicrogaster","Hypomicrogaster OVRGDHJ06","BOLD:ABX5732","malaise-trapped",10.8439,-85.6138,"1999-01-18","1",657,"ASMGJ"
"104","DHJPAR0013350","ASBRD123-07","99-SRNP-19059","Arthropoda","Insecta","Hymenoptera","Braconidae","Microgastrinae","Xanthomicrogaster","Xanthomicrogaster Janzen02","BOLD:AAW7463","malaise-trapped",10.8439,-85.6138,"1999-01-11","1",657,"ASMGJ"
"105","DHJPAR0013023","ASBRD126-07","99-SRNP-19063","Arthropoda","Insecta","Hymenoptera","Braconidae","Microgastrinae","Apanteles","Apanteles juancarrilloi","BOLD:AAC8420","malaise-trapped",10.8439,-85.6138,"1999-10-19","1",657,"ASMGJ"
"106","DHJPAR0013332","ASBRD131-07","99-SRNP-19070","Arthropoda","Insecta","Hymenoptera","Braconidae","Microgastrinae","Microplitis","Microplitis espinachi","BOLD:AAA9772","malaise-trapped",10.8439,-85.6138,"1999-05-24","1",657,"ASMGJ"
"107","DHJPAR0013379","ASBRD140-07","00-SRNP-23872","Arthropoda","Insecta","Hymenoptera","Braconidae","Microgastrinae","Glyptapanteles","Glyptapanteles Whitfield183","BOLD:AAI7282","malaise-trapped",10.8439,-85.6138,"2000-05-22","1",657,"ASMGJ"
"108","DHJPAR0013324","ASBRD156-07","00-SRNP-23896","Arthropoda","Insecta","Hymenoptera","Braconidae","Microgastrinae","Microplitis","Microplitis figueresi","BOLD:ABY7274","malaise-trapped",10.8439,-85.6138,"2000-06-05","1",657,"ASMGJ"
"109","DHJPAR0013381","ASBRD158-07","00-SRNP-23898","Arthropoda","Insecta","Hymenoptera","Braconidae","Microgastrinae","Cotesia","Cotesia scotti","BOLD:AAB9141","malaise-trapped",10.8439,-85.6138,"2000-03-13","1",657,"ASMGJ"
"110","DHJPAR0013071","ASBRD172-07","00-SRNP-23914","Arthropoda","Insecta","Hymenoptera","Braconidae","Microgastrinae","Apanteles","Apanteles mariatorrentesae","BOLD:ACF3757","malaise-trapped",10.8439,-85.6138,"2000-04-24","1",657,"ASMGJ"
"111","DHJPAR0013054","ASBRD175-07","00-SRNP-23918","Arthropoda","Insecta","Hymenoptera","Braconidae","Microgastrinae","Apanteles","Apanteles Rodriguez210","BOLD:AAN1872","malaise-trapped",10.8439,-85.6138,"2000-04-24","1",657,"ASMGJ"
"112","DHJPAR0013312","ASBRD197-07","00-SRNP-23940","Arthropoda","Insecta","Hymenoptera","Braconidae","Microgastrinae","Janhalacaste","Janhalacaste winnieae","BOLD:AAK0117","malaise-trapped",10.8439,-85.6138,"2000-04-10","1",657,"ASMGJ"
"113","DHJPAR0013087","ASBRD202-07","00-SRNP-23945","Arthropoda","Insecta","Hymenoptera","Braconidae","Microgastrinae","Apanteles","Apanteles Rodriguez178","BOLD:AAK1722","malaise-trapped",10.8439,-85.6138,"2000-04-10","1",626,"ASMGJ"
"114","DHJPAR0013251","ASBRD221-07","97-SRNP-11568","Arthropoda","Insecta","Hymenoptera","Braconidae","Microgastrinae","Hypomicrogaster","Hypomicrogaster OVRGDHJ03","BOLD:ACF0511","malaise-trapped",10.8514,-85.608,"1997-09-08","1",657,"ASMGJ"
"115","DHJPAR0013357","ASBRD222-07","98-SRNP-16105","Arthropoda","Insecta","Hymenoptera","Braconidae","Microgastrinae","Glyptapanteles","Glyptapanteles andybennetti","BOLD:AAE7164","malaise-trapped",10.8514,-85.608,"1998-01-05","1",656,"ASMGJ"
"116","DHJPAR0013311","ASBRD226-07","98-SRNP-16112","Arthropoda","Insecta","Hymenoptera","Braconidae","Microgastrinae","Diolcogaster","Diolcogaster Choi58","BOLD:AAC2295","malaise-trapped",10.8514,-85.608,"1998-03-09","1",657,"ASMGJ"
"117","DHJPAR0013238","ASBRD229-07","98-SRNP-16117","Arthropoda","Insecta","Hymenoptera","Braconidae","Microgastrinae","Pseudapanteles","Pseudapanteles soniapicadoae","BOLD:AAX8739","malaise-trapped",10.8514,-85.608,"1998-02-23","1",657,"ASMGJ"
"118","DHJPAR0013173","ASBRD235-07","98-SRNP-16127","Arthropoda","Insecta","Hymenoptera","Braconidae","Microgastrinae","Dolichogenidea","Dolichogenidea Rodriguez164","BOLD:AAF7659","malaise-trapped",10.8514,-85.608,"1998-02-16","1",657,"ASMGJ"
"119","DHJPAR0013377","ASBRD243-07","99-SRNP-19085","Arthropoda","Insecta","Hymenoptera","Braconidae","Microgastrinae","Glyptapanteles","Glyptapanteles Whitfield139","BOLD:AAY0767","malaise-trapped",10.8514,-85.608,"1999-12-06","1",657,"ASMGJ"
"120","DHJPAR0013237","ASBRD275-07","00-SRNP-23977","Arthropoda","Insecta","Hymenoptera","Braconidae","Microgastrinae","Dolichogenidea","Dolichogenidea Janzen8650","BOLD:AAX8650","malaise-trapped",10.8514,-85.608,"2000-01-24","1",611,"ASMGJ"
"121","DHJPAR0013296","ASBRD280-07","00-SRNP-23984","Arthropoda","Insecta","Hymenoptera","Braconidae","Microgastrinae","Diolcogaster","Diolcogaster Choi97","BOLD:AAD7186","malaise-trapped",10.8514,-85.608,"2000-01-17","1",657,"ASMGJ"
"122","DHJPAR0013119","ASBRD281-07","00-SRNP-23985","Arthropoda","Insecta","Hymenoptera","Braconidae","Microgastrinae","Apanteles","Apanteles franciscopizarroi","BOLD:AAK1643","malaise-trapped",10.8514,-85.608,"2000-01-17","1",657,"ASMGJ"
"123","DHJPAR0013121","ASBRD287-07","00-SRNP-23993","Arthropoda","Insecta","Hymenoptera","Braconidae","Microgastrinae","Apanteles","Apanteles Whitfield305","BOLD:AAK1646","malaise-trapped",10.8514,-85.608,"2000-05-22","1",658,"ASMGJ"
"124","DHJPAR0013291","ASBRD292-07","00-SRNP-23998","Arthropoda","Insecta","Hymenoptera","Braconidae","Microgastrinae","Diolcogaster","Diolcogaster Janzen03","BOLD:AAF5712","malaise-trapped",10.8514,-85.608,"2000-04-24","1",657,"ASMGJ"
"125","DHJPAR0013122","ASBRD294-07","00-SRNP-24001","Arthropoda","Insecta","Hymenoptera","Braconidae","Microgastrinae","Dolichogenidea","Dolichogenidea Rodriguez195","BOLD:AAM5088","malaise-trapped",10.8514,-85.608,"2000-02-07","1",657,"ASMGJ"
"126","DHJPAR0013327","ASBRD301-07","00-SRNP-24009","Arthropoda","Insecta","Hymenoptera","Braconidae","Microgastrinae","Snellenius","Snellenius vickifunkae","BOLD:AAH2836","malaise-trapped",10.8514,-85.608,"2000-02-07","1",657,"ASMGJ"
"127","DHJPAR0013421","ASBRD328-07","07-SRNP-15061","Arthropoda","Insecta","Hymenoptera","Braconidae","Microgastrinae","Apanteles","Apanteles Rodriguez175","BOLD:AAK1721","malaise-trapped",10.8514,-85.608,"2007-06-05","1",657,"ASMGJ"
"128","DHJPAR0013401","ASBRD331-07","98-SRNP-16133","Arthropoda","Insecta","Hymenoptera","Braconidae","Microgastrinae","Glyptapanteles","Glyptapanteles Whitfield161","BOLD:AAI7272","malaise-trapped",10.9333,-85.4573,"1998-12-14","1",657,"ASMGJ"
"129","DHJPAR0013402","ASBRD336-07","98-SRNP-16138","Arthropoda","Insecta","Hymenoptera","Braconidae","Microgastrinae","Glyptapanteles","Glyptapanteles Whitfield122","BOLD:AAD9730","malaise-trapped",10.9333,-85.4573,"1998-10-26","1",657,"ASMGJ"
"130","DHJPAR0013526","ASBRD347-07","98-SRNP-16149","Arthropoda","Insecta","Hymenoptera","Braconidae","Microgastrinae","Pseudapanteles","Pseudapanteles analorenaguevarae","BOLD:AAK9737","malaise-trapped",10.9333,-85.4573,"1998-08-31","1",649,"ASMGJ"
"131","DHJPAR0013525","ASBRD351-07","98-SRNP-16153","Arthropoda","Insecta","Hymenoptera","Braconidae","Microgastrinae","Glyptapanteles","Glyptapanteles Whitfield137","BOLD:AAI7289","malaise-trapped",10.9333,-85.4573,"1998-10-26","1",522,"ASMGJ"
"132","DHJPAR0013517","ASBRD356-07","99-SRNP-19118","Arthropoda","Insecta","Hymenoptera","Braconidae","Microgastrinae","Glyptapanteles","Glyptapanteles Whitfield99","BOLD:AAD9471","malaise-trapped",10.9333,-85.4573,"1999-05-17","1",572,"ASMGJ"
"133","DHJPAR0013512","ASBRD358-07","99-SRNP-19120","Arthropoda","Insecta","Hymenoptera","Braconidae","Microgastrinae","Parapanteles","Parapanteles Whitfield86","BOLD:AAE6857","malaise-trapped",10.9333,-85.4573,"1999-09-13","1",657,"ASMGJ"
"134","DHJPAR0013435","ASBRD359-07","99-SRNP-19121","Arthropoda","Insecta","Hymenoptera","Braconidae","Microgastrinae","Glyptapanteles","Glyptapanteles Whitfield85","BOLD:ABY9810","malaise-trapped",10.9333,-85.4573,"1999-05-03","1",657,"ASMGJ"
"135","DHJPAR0013437","ASBRD363-07","99-SRNP-19125","Arthropoda","Insecta","Hymenoptera","Braconidae","Microgastrinae","Glyptapanteles","Glyptapanteles Whitfield136","BOLD:AAY0768","malaise-trapped",10.9333,-85.4573,"1999-08-30","1",657,"ASMGJ"
"136","DHJPAR0013434","ASBRD364-07","99-SRNP-19126","Arthropoda","Insecta","Hymenoptera","Braconidae","Microgastrinae","Glyptapanteles","Glyptapanteles Whitfield117","BOLD:ABX6003","malaise-trapped",10.9333,-85.4573,"1999-05-18","1",657,"ASMGJ"
"137","DHJPAR0013110","ASBRD369-07","99-SRNP-19131","Arthropoda","Insecta","Hymenoptera","Braconidae","Microgastrinae","Apanteles","Apanteles vannesabrenesaeDHJ02","BOLD:AAC1179","malaise-trapped",10.9333,-85.4573,"1999-05-24","1",629,"ASMGJ"
"138","DHJPAR0013446","ASBRD371-07","99-SRNP-19133","Arthropoda","Insecta","Hymenoptera","Braconidae","Microgastrinae","Parapanteles","Parapanteles Whitfield83","BOLD:AAL3409","malaise-trapped",10.9333,-85.4573,"1999-05-10","1",657,"ASMGJ"
"139","DHJPAR0013308","ASBRD415-07","99-SRNP-19179","Arthropoda","Insecta","Hymenoptera","Braconidae","Microgastrinae","Diolcogaster","Diolcogaster Choi89","BOLD:AAD6988","malaise-trapped",10.9333,-85.4573,"1999-09-06","1",657,"ASMGJ"
"140","DHJPAR0013468","ASBRD420-07","99-SRNP-19184","Arthropoda","Insecta","Hymenoptera","Braconidae","Microgastrinae","Hypomicrogaster","Hypomicrogaster Whitfield35","BOLD:AAX2124","malaise-trapped",10.9333,-85.4573,"1999-09-28","1",568,"ASMGJ"
"141","DHJPAR0013501","ASBRD445-07","99-SRNP-19212","Arthropoda","Insecta","Hymenoptera","Braconidae","Microgastrinae","Parapanteles","Parapanteles Whitfield98","BOLD:AAL3393","malaise-trapped",10.9333,-85.4573,"1999-07-05","1",657,"ASMGJ"
"142","DHJPAR0013232","ASBRD446-07","99-SRNP-19213","Arthropoda","Insecta","Hymenoptera","Braconidae","Microgastrinae","Dolichogenidea","Dolichogenidea Janzen47","BOLD:AAI9742","malaise-trapped",10.9333,-85.4573,"1999-07-26","1",657,"ASMGJ"
"143","DHJPAR0013456","ASBRD460-07","99-SRNP-19227","Arthropoda","Insecta","Hymenoptera","Braconidae","Microgastrinae","Parapanteles","Parapanteles Whitfield88","BOLD:AAX1179","malaise-trapped",10.9333,-85.4573,"1999-04-06","1",594,"ASMGJ"
"144","DHJPAR0013475","ASBRD471-07","99-SRNP-19238","Arthropoda","Insecta","Hymenoptera","Braconidae","Microgastrinae","Glyptapanteles","Glyptapanteles sondrawardae","BOLD:AAA3077","malaise-trapped",10.9333,-85.4573,"1999-05-25","1",657,"ASMGJ"
"145","DHJPAR0013485","ASBRD482-07","00-SRNP-24046","Arthropoda","Insecta","Hymenoptera","Braconidae","Microgastrinae","Apanteles","Apanteles ciriloumanaiDHJ02","BOLD:AAK1717","malaise-trapped",10.9333,-85.4573,"2000-04-03","1",657,"ASMGJ"
"146","DHJPAR0013352","ASBRD497-07","98-SRNP-16170","Arthropoda","Insecta","Hymenoptera","Braconidae","Microgastrinae","Glyptapanteles","Glyptapanteles ilarisaaksjarvi","BOLD:AAA4794","malaise-trapped",11.03,-85.527,"1998-08-10","1",657,"ASMGJ"
"147","DHJPAR0013351","ASBRD503-07","07-SRNP-15073","Arthropoda","Insecta","Hymenoptera","Braconidae","Microgastrinae","Cotesia","Cotesia Whitfield82","BOLD:AAI9077","malaise-trapped",10.8439,-85.6138,"2007-05-01","1",657,"ASMGJ"
"148","DHJPAR0024668","ASHYA007-08","98-SRNP-16178","Arthropoda","Insecta","Hymenoptera","Braconidae","Microgastrinae","Diolcogaster","Diolcogaster Choi107","BOLD:AAA1223","malaise-trapped",10.8514,-85.608,"1998-01-19","1",657,"ASHYA"
"149","DHJPAR0024710","ASHYA049-08","99-SRNP-19278","Arthropoda","Insecta","Hymenoptera","Braconidae","Microgastrinae","Dolichogenidea","Dolichogenidea Janzen39","BOLD:AAI9740","malaise-trapped",10.8439,-85.6138,"1999-02-01","1",657,"ASHYA"
"150","DHJPAR0024715","ASHYA054-08","99-SRNP-19283","Arthropoda","Insecta","Hymenoptera","Braconidae","Microgastrinae","Apanteles","Apanteles josediazi","BOLD:AAK1654","malaise-trapped",10.8439,-85.6138,"1999-08-02","1",657,"ASHYA"
"151","DHJPAR0024717","ASHYA056-08","99-SRNP-19285","Arthropoda","Insecta","Hymenoptera","Braconidae","Microgastrinae","Diolcogaster","Diolcogaster Choi5983","BOLD:AAM5983","malaise-trapped",10.8439,-85.6138,"1999-01-25","1",406,"ASHYA"
"152","DHJPAR0024724","ASHYA063-08","00-SRNP-24073","Arthropoda","Insecta","Hymenoptera","Braconidae","Microgastrinae","Apanteles","Apanteles rogerblancoi","BOLD:AAJ1389","malaise-trapped",10.8439,-85.6138,"2000-05-08","1",657,"ASHYA"
"153","DHJPAR0024741","ASHYA080-08","98-SRNP-16207","Arthropoda","Insecta","Hymenoptera","Braconidae","Microgastrinae","Diolcogaster","Diolcogaster Choi98","BOLD:AAX9674","malaise-trapped",11.03,-85.527,"1998-10-12","1",657,"ASHYA"
"154","DHJPAR0024748","ASHYA087-08","99-SRNP-19293","Arthropoda","Insecta","Hymenoptera","Braconidae","Microgastrinae","Cotesia","Cotesia Whitfield97","BOLD:ABZ7618","malaise-trapped",10.9333,-85.4573,"1999-12-13","1",657,"ASHYA"
"155","DHJPAR0024758","ASHYA097-08","07-SRNP-66220","Arthropoda","Insecta","Hymenoptera","Braconidae","Microgastrinae","Glyptapanteles","Glyptapanteles Whitfield158","BOLD:AAD1809","malaise-trapped",10.9004,-85.3725,"2007-08-08","1",656,"ASHYA"
"156","DHJPAR0024764","ASHYA103-08","07-SRNP-66226","Arthropoda","Insecta","Hymenoptera","Braconidae","Microgastrinae","Glyptapanteles","Glyptapanteles stephaniekirkae","BOLD:AAA4243","malaise-trapped",10.9004,-85.3725,"2007-08-08","1",657,"ASHYA"
"157","DHJPAR0024768","ASHYA107-08","07-SRNP-66230","Arthropoda","Insecta","Hymenoptera","Braconidae","Microgastrinae","Diolcogaster","Diolcogaster Choi106","BOLD:AAA1265","malaise-trapped",10.9004,-85.3725,"2007-08-08","1",657,"ASHYA"
"158","DHJPAR0024775","ASHYA114-08","07-SRNP-66237","Arthropoda","Insecta","Hymenoptera","Braconidae","Microgastrinae","Glyptapanteles","Glyptapanteles scottshawi","BOLD:AAA2958","malaise-trapped",10.9004,-85.3725,"2007-08-08","1",657,"ASHYA"
"159","DHJPAR0024784","ASHYA123-08","07-SRNP-66246","Arthropoda","Insecta","Hymenoptera","Braconidae","Microgastrinae","Hypomicrogaster","Hypomicrogaster Whitfield49","BOLD:AAE1349","malaise-trapped",10.9004,-85.3725,"2007-09-14","1",657,"ASHYA"
"160","DHJPAR0024791","ASHYA130-08","07-SRNP-66253","Arthropoda","Insecta","Hymenoptera","Braconidae","Microgastrinae","Diolcogaster","Diolcogaster Choi94","BOLD:AAD9754","malaise-trapped",10.9004,-85.3725,"2007-10-08","1",657,"ASHYA"
"161","DHJPAR0024792","ASHYA131-08","07-SRNP-66254","Arthropoda","Insecta","Hymenoptera","Braconidae","Microgastrinae","Promicrogaster","Promicrogaster daretrizoi","BOLD:AAA7171","malaise-trapped",10.9004,-85.3725,"2007-10-08","1",657,"ASHYA"
"162","DHJPAR0024804","ASHYA143-08","07-SRNP-66266","Arthropoda","Insecta","Hymenoptera","Braconidae","Microgastrinae","Glyptapanteles","Glyptapanteles Whitfield145","BOLD:AAD1805","malaise-trapped",10.9004,-85.3725,"2007-09-20","1",657,"ASHYA"
"163","DHJPAR0024807","ASHYA146-08","07-SRNP-66269","Arthropoda","Insecta","Hymenoptera","Braconidae","Microgastrinae","Pseudapanteles","Pseudapanteles margaritapenonae","BOLD:AAA2445","malaise-trapped",10.9004,-85.3725,"2007-06-16","1",657,"ASHYA"
"164","DHJPAR0024808","ASHYA147-08","07-SRNP-66270","Arthropoda","Insecta","Hymenoptera","Braconidae","Microgastrinae","Glyptapanteles","Glyptapanteles Whitfield311","BOLD:AAB2334","malaise-trapped",10.9004,-85.3725,"2007-12-13","1",657,"ASHYA"
"165","DHJPAR0024815","ASHYA154-08","07-SRNP-66277","Arthropoda","Insecta","Hymenoptera","Braconidae","Microgastrinae","Diolcogaster","Diolcogaster Choi59","BOLD:AFD8506","malaise-trapped",10.9004,-85.3725,"2007-09-26","1",657,"ASHYA"
"166","DHJPAR0024831","ASHYA170-08","07-SRNP-66293","Arthropoda","Insecta","Hymenoptera","Braconidae","Microgastrinae","Glyptapanteles","Glyptapanteles Whitfield141","BOLD:AAA2816","malaise-trapped",10.9004,-85.3725,"2007-08-15","1",645,"ASHYA"
"167","DHJPAR0024845","ASHYA184-08","07-SRNP-66307","Arthropoda","Insecta","Hymenoptera","Braconidae","Microgastrinae","Xanthomicrogaster","Xanthomicrogaster Whitfield07","BOLD:AAB9659","malaise-trapped",10.9004,-85.3725,"2007-08-15","1",657,"ASHYA"
"168","DHJPAR0024860","ASHYA199-08","07-SRNP-66322","Arthropoda","Insecta","Hymenoptera","Braconidae","Microgastrinae","Apanteles","Apanteles humbertolopezi","BOLD:AAE8607","malaise-trapped",10.9004,-85.3725,"2007-08-27","1",657,"ASHYA"
"169","DHJPAR0024867","ASHYA206-08","07-SRNP-66329","Arthropoda","Insecta","Hymenoptera","Braconidae","Microgastrinae","Glyptapanteles","Glyptapanteles Whitfield113DHJ01","BOLD:AAA4564","malaise-trapped",10.9004,-85.3725,"2007-08-27","1",657,"ASHYA"
"170","DHJPAR0024879","ASHYA218-08","07-SRNP-66341","Arthropoda","Insecta","Hymenoptera","Braconidae","Microgastrinae","Glyptapanteles","Glyptapanteles Whitfield124","BOLD:AAF8487","malaise-trapped",10.9004,-85.3725,"2007-08-27","1",657,"ASHYA"
"171","DHJPAR0024890","ASHYA229-08","07-SRNP-66352","Arthropoda","Insecta","Hymenoptera","Braconidae","Microgastrinae","Apanteles","Apanteles robertmontanoi","BOLD:AAJ1523","malaise-trapped",10.9004,-85.3725,"2007-08-27","1",657,"ASHYA"
"172","DHJPAR0024893","ASHYA232-08","07-SRNP-66355","Arthropoda","Insecta","Hymenoptera","Braconidae","Microgastrinae","Diolcogaster","Diolcogaster Choi105","BOLD:AAF5711","malaise-trapped",10.9004,-85.3725,"2007-10-02","1",657,"ASHYA"
"173","DHJPAR0024909","ASHYA248-08","07-SRNP-66371","Arthropoda","Insecta","Hymenoptera","Braconidae","Microgastrinae","Apanteles","Apanteles marcogonzalezi","BOLD:AAC1160","malaise-trapped",10.9004,-85.3725,"2007-11-25","1",657,"ASHYA"
"174","DHJPAR0024922","ASHYA261-08","07-SRNP-66384","Arthropoda","Insecta","Hymenoptera","Braconidae","Microgastrinae","Apanteles","Apanteles carloszunigai","BOLD:AAF7727","malaise-trapped",10.9004,-85.3725,"2007-07-10","1",657,"ASHYA"
"175","DHJPAR0024924","ASHYA263-08","07-SRNP-66386","Arthropoda","Insecta","Hymenoptera","Braconidae","Microgastrinae","Apanteles","Apanteles carlosguadamuzi","BOLD:ABX5981","malaise-trapped",10.9004,-85.3725,"2007-08-21","1",657,"ASHYA"
"176","DHJPAR0024941","ASHYA280-08","07-SRNP-66403","Arthropoda","Insecta","Hymenoptera","Braconidae","Microgastrinae","Glyptapanteles","Glyptapanteles Whitfield119","BOLD:AAD1798","malaise-trapped",10.9004,-85.3725,"2007-08-21","1",630,"ASHYA"
"177","DHJPAR0024993","ASHYA332-08","07-SRNP-66455","Arthropoda","Insecta","Hymenoptera","Braconidae","Microgastrinae","Glyptapanteles","Glyptapanteles Whitfield148","BOLD:AAC8957","malaise-trapped",10.9004,-85.3725,"2007-11-19","1",657,"ASHYA"
"178","DHJPAR0024997","ASHYA336-08","07-SRNP-66459","Arthropoda","Insecta","Hymenoptera","Braconidae","Microgastrinae","Glyptapanteles","Glyptapanteles Whitfield143","BOLD:AAY0746","malaise-trapped",10.9004,-85.3725,"2007-07-22","1",657,"ASHYA"
"179","DHJPAR0025042","ASHYA381-08","07-SRNP-66504","Arthropoda","Insecta","Hymenoptera","Braconidae","Microgastrinae","Glyptapanteles","Glyptapanteles Whitfield126","BOLD:AAD6535","malaise-trapped",10.9004,-85.3725,"2007-07-16","1",645,"ASHYA"
"180","DHJPAR0025051","ASHYA390-08","07-SRNP-66513","Arthropoda","Insecta","Hymenoptera","Braconidae","Microgastrinae","Glyptapanteles","Glyptapanteles Whitfield8233","BOLD:AAF8233","malaise-trapped",10.9004,-85.3725,"2007-07-28","1",657,"ASHYA"
"181","DHJPAR0025065","ASHYA404-08","07-SRNP-66527","Arthropoda","Insecta","Hymenoptera","Braconidae","Microgastrinae","Papanteles","Papanteles peckorum","BOLD:AAB6336","malaise-trapped",10.9004,-85.3725,"2007-06-22","1",657,"ASHYA"
"182","DHJPAR0025099","ASHYA438-08","07-SRNP-66561","Arthropoda","Insecta","Hymenoptera","Braconidae","Microgastrinae","Glyptapanteles","Glyptapanteles Whitfield259","BOLD:AAB7568","malaise-trapped",10.9004,-85.3725,"2007-06-05","1",657,"ASHYA"
"183","DHJPAR0025107","ASHYA446-08","07-SRNP-66569","Arthropoda","Insecta","Hymenoptera","Braconidae","Microgastrinae","Glyptapanteles","Glyptapanteles charlesporteri","BOLD:ACE4337","malaise-trapped",10.9004,-85.3725,"2007-12-13","1",657,"ASHYA"
"184","DHJPAR0025120","ASHYA459-08","07-SRNP-66582","Arthropoda","Insecta","Hymenoptera","Braconidae","Microgastrinae","Fornicia","Fornicia Janzen04","BOLD:ACF1747","malaise-trapped",10.9004,-85.3725,"2007-07-04","1",657,"ASHYA"
"185","DHJPAR0025145","ASHYA484-08","07-SRNP-66607","Arthropoda","Insecta","Hymenoptera","Braconidae","Microgastrinae","Glyptapanteles","Glyptapanteles Whitfield146","BOLD:AAI7279","malaise-trapped",10.9004,-85.3725,"2007-07-01","1",657,"ASHYA"
"186","DHJPAR0025176","ASHYA515-08","07-SRNP-66638","Arthropoda","Insecta","Hymenoptera","Braconidae","Microgastrinae","Glyptapanteles","Glyptapanteles Whitfield133","BOLD:AAB2436","malaise-trapped",10.9004,-85.3725,"2007-07-04","1",657,"ASHYA"
"187","DHJPAR0025187","ASHYA526-08","07-SRNP-66649","Arthropoda","Insecta","Hymenoptera","Braconidae","Microgastrinae","Apanteles","Apanteles Rodriguez190","BOLD:AAF7717","malaise-trapped",10.9004,-85.3725,"2007-07-04","1",657,"ASHYA"
"188","DHJPAR0025231","ASHYA570-08","07-SRNP-66693","Arthropoda","Insecta","Hymenoptera","Braconidae","Microgastrinae","Glyptapanteles","Glyptapanteles Whitfield140","BOLD:ACE9183","malaise-trapped",10.9004,-85.3725,"2007-07-22","1",656,"ASHYA"
"189","DHJPAR0025242","ASHYA581-08","07-SRNP-66704","Arthropoda","Insecta","Hymenoptera","Braconidae","Microgastrinae","Dolichogenidea","Dolichogenidea Janzen49","BOLD:AAC5949","malaise-trapped",10.9004,-85.3725,"2007-10-26","1",656,"ASHYA"
"190","DHJPAR0025243","ASHYA582-08","07-SRNP-66705","Arthropoda","Insecta","Hymenoptera","Braconidae","Microgastrinae","Hypomicrogaster","Hypomicrogaster luisi","BOLD:AER4623","malaise-trapped",10.9004,-85.3725,"2007-10-26","1",656,"ASHYA"
"191","DHJPAR0025244","ASHYA583-08","07-SRNP-66706","Arthropoda","Insecta","Hymenoptera","Braconidae","Microgastrinae","Parapanteles","Parapanteles Whitfield100","BOLD:AAA8869","malaise-trapped",10.9004,-85.3725,"2007-10-26","1",656,"ASHYA"
"192","DHJPAR0025256","ASHYA595-08","07-SRNP-66718","Arthropoda","Insecta","Hymenoptera","Braconidae","Microgastrinae","Apanteles","Apanteles waldymedinai","BOLD:AAJ1445","malaise-trapped",10.9004,-85.3725,"2007-12-07","1",656,"ASHYA"
"193","DHJPAR0025264","ASHYA603-08","07-SRNP-66726","Arthropoda","Insecta","Hymenoptera","Braconidae","Microgastrinae","Hypomicrogaster","Hypomicrogaster Whitfield38","BOLD:AAX2165","malaise-trapped",10.9004,-85.3725,"2007-12-19","1",656,"ASHYA"
"194","DHJPAR0025273","ASHYA612-08","07-SRNP-66735","Arthropoda","Insecta","Hymenoptera","Braconidae","Microgastrinae","Fornicia","Fornicia Janzen05","BOLD:AAE0967","malaise-trapped",10.9004,-85.3725,"2007-06-10","1",656,"ASHYA"
"195","DHJPAR0025314","ASHYA653-08","07-SRNP-66776","Arthropoda","Insecta","Hymenoptera","Braconidae","Microgastrinae","Glyptapanteles","Glyptapanteles Whitfield182","BOLD:AAA4565","malaise-trapped",10.9004,-85.3725,"2007-06-16","1",656,"ASHYA"
"196","DHJPAR0025347","ASHYA686-08","07-SRNP-66809","Arthropoda","Insecta","Hymenoptera","Braconidae","Microgastrinae","Glyptapanteles","Glyptapanteles Whitfield111","BOLD:AAC6257","malaise-trapped",10.9004,-85.3725,"2007-09-26","1",657,"ASHYA"
"197","DHJPAR0025348","ASHYA687-08","07-SRNP-66810","Arthropoda","Insecta","Hymenoptera","Braconidae","Microgastrinae","Apanteles","Apanteles Rodriguez177","BOLD:AAJ1403","malaise-trapped",10.9004,-85.3725,"2007-09-26","1",645,"ASHYA"
"198","DHJPAR0025351","ASHYA690-08","07-SRNP-66813","Arthropoda","Insecta","Hymenoptera","Braconidae","Microgastrinae","Promicrogaster","Promicrogaster pablouzagaiDHJ02","BOLD:AAC9678","malaise-trapped",10.9004,-85.3725,"2007-09-26","1",657,"ASHYA"
"199","DHJPAR0025352","ASHYA691-08","07-SRNP-66814","Arthropoda","Insecta","Hymenoptera","Braconidae","Microgastrinae","Dolichogenidea","Dolichogenidea Rodriguez187","BOLD:AAD6850","malaise-trapped",10.9004,-85.3725,"2007-07-28","1",632,"ASHYA"
"200","DHJPAR0025356","ASHYA695-08","07-SRNP-66818","Arthropoda","Insecta","Hymenoptera","Braconidae","Microgastrinae","Dolichogenidea","Dolichogenidea Janzen53","BOLD:AAC7481","malaise-trapped",10.9009,-85.2891,"2007-09-27","1",634,"ASHYA"
"201","DHJPAR0025362","ASHYA701-08","07-SRNP-66824","Arthropoda","Insecta","Hymenoptera","Braconidae","Microgastrinae","Hypomicrogaster","Hypomicrogaster Whitfield42","BOLD:AAI7790","malaise-trapped",10.9009,-85.2891,"2007-11-26","1",646,"ASHYA"
"202","DHJPAR0025380","ASHYA719-08","07-SRNP-66842","Arthropoda","Insecta","Hymenoptera","Braconidae","Microgastrinae","Pseudapanteles","Pseudapanteles Whitfield12","BOLD:AAF6051","malaise-trapped",10.9009,-85.2891,"2007-08-22","1",657,"ASHYA"
"203","DHJPAR0025381","ASHYA720-08","07-SRNP-66843","Arthropoda","Insecta","Hymenoptera","Braconidae","Microgastrinae","Diolcogaster","Diolcogaster Choi08","BOLD:AAB8634","malaise-trapped",10.9009,-85.2891,"2007-08-22","1",645,"ASHYA"
"204","DHJPAR0025382","ASHYA721-08","07-SRNP-66844","Arthropoda","Insecta","Hymenoptera","Braconidae","Microgastrinae","Apanteles","Apanteles manuelpereirai","BOLD:ABX6539","malaise-trapped",10.9009,-85.2891,"2007-08-22","1",657,"ASHYA"
"205","DHJPAR0025401","ASHYA740-08","07-SRNP-66863","Arthropoda","Insecta","Hymenoptera","Braconidae","Microgastrinae","Dolichogenidea","Dolichogenidea Janzen48","BOLD:ADK6021","malaise-trapped",10.9009,-85.2891,"2007-06-11","1",657,"ASHYA"
"206","DHJPAR0025426","ASHYA765-08","07-SRNP-66888","Arthropoda","Insecta","Hymenoptera","Braconidae","Microgastrinae","Apanteles","Apanteles isidrochaconi","BOLD:AAK2114","malaise-trapped",10.9009,-85.2891,"2007-07-11","1",657,"ASHYA"
"207","DHJPAR0025443","ASHYA782-08","07-SRNP-66905","Arthropoda","Insecta","Hymenoptera","Braconidae","Microgastrinae","Mariapanteles","Mariapanteles felipei","BOLD:AAE8276","malaise-trapped",10.9009,-85.2891,"2007-08-28","1",657,"ASHYA"
"208","DHJPAR0025452","ASHYA791-08","07-SRNP-66914","Arthropoda","Insecta","Hymenoptera","Braconidae","Microgastrinae","Diolcogaster","Diolcogaster Choi109","BOLD:AAX9660","malaise-trapped",10.9009,-85.2891,"2007-07-17","1",657,"ASHYA"
"209","DHJPAR0025454","ASHYA793-08","07-SRNP-66916","Arthropoda","Insecta","Hymenoptera","Braconidae","Microgastrinae","Apanteles","Apanteles Janzen34","BOLD:AAJ1510","malaise-trapped",10.9009,-85.2891,"2007-07-17","1",657,"ASHYA"
"210","DHJPAR0025459","ASHYA798-08","07-SRNP-66921","Arthropoda","Insecta","Hymenoptera","Braconidae","Microgastrinae","Diolcogaster","Diolcogaster Choi110","BOLD:AAX9668","malaise-trapped",10.9009,-85.2891,"2007-10-15","1",657,"ASHYA"
"211","DHJPAR0025485","ASHYA824-08","07-SRNP-66947","Arthropoda","Insecta","Hymenoptera","Braconidae","Microgastrinae","Dolichogenidea","Dolichogenidea Janzen13","BOLD:AAI9755","malaise-trapped",10.9009,-85.2891,"2007-10-09","1",657,"ASHYA"
"212","DHJPAR0025487","ASHYA826-08","07-SRNP-66949","Arthropoda","Insecta","Hymenoptera","Braconidae","Microgastrinae","Glyptapanteles","Glyptapanteles Whitfield142","BOLD:AAD4440","malaise-trapped",10.9009,-85.2891,"2007-10-09","1",657,"ASHYA"
"213","DHJPAR0025494","ASHYA833-08","07-SRNP-66956","Arthropoda","Insecta","Hymenoptera","Braconidae","Microgastrinae","Xanthomicrogaster","Xanthomicrogaster Whitfield06","BOLD:AAH9186","malaise-trapped",10.9009,-85.2891,"2007-11-14","1",657,"ASHYA"
"214","DHJPAR0025496","ASHYA835-08","07-SRNP-66958","Arthropoda","Insecta","Hymenoptera","Braconidae","Microgastrinae","Glyptapanteles","Glyptapanteles Whitfield114","BOLD:AAF8475","malaise-trapped",10.9009,-85.2891,"2007-11-14","1",631,"ASHYA"
"215","DHJPAR0025528","ASHYA867-08","07-SRNP-66990","Arthropoda","Insecta","Hymenoptera","Braconidae","Microgastrinae","Glyptapanteles","Glyptapanteles Whitfield101","BOLD:AAY0770","malaise-trapped",10.9009,-85.2891,"2007-06-29","1",657,"ASHYA"
"216","DHJPAR0025529","ASHYA868-08","07-SRNP-66991","Arthropoda","Insecta","Hymenoptera","Braconidae","Microgastrinae","Promicrogaster","Promicrogaster tracyvindasae","BOLD:AAF6982","malaise-trapped",10.9009,-85.2891,"2007-06-29","1",657,"ASHYA"
"217","DHJPAR0025530","ASHYA869-08","07-SRNP-66992","Arthropoda","Insecta","Hymenoptera","Braconidae","Microgastrinae","Dolichogenidea","Dolichogenidea Janzen60","BOLD:AAJ1390","malaise-trapped",10.9009,-85.2891,"2007-06-29","1",657,"ASHYA"
"218","DHJPAR0025549","ASHYA888-08","07-SRNP-67011","Arthropoda","Insecta","Hymenoptera","Braconidae","Microgastrinae","Glyptapanteles","Glyptapanteles Whitfield129","BOLD:AAC5318","malaise-trapped",10.9009,-85.2891,"2007-07-05","1",657,"ASHYA"
"219","DHJPAR0025577","ASHYA916-08","07-SRNP-67039","Arthropoda","Insecta","Hymenoptera","Braconidae","Microgastrinae","Promicrogaster","Promicrogaster eimyobandoae","BOLD:AAE9935","malaise-trapped",10.8902,-85.388,"2007-07-04","1",657,"ASHYA"
"220","DHJPAR0025586","ASHYA925-08","07-SRNP-67048","Arthropoda","Insecta","Hymenoptera","Braconidae","Microgastrinae","Glyptapanteles","Glyptapanteles Whitfield163","BOLD:AAF8130","malaise-trapped",10.8902,-85.388,"2007-07-10","1",657,"ASHYA"
"221","DHJPAR0025590","ASHYA929-08","07-SRNP-67052","Arthropoda","Insecta","Hymenoptera","Braconidae","Microgastrinae","Glyptapanteles","Glyptapanteles Whitfield118","BOLD:AAD1799","malaise-trapped",10.8902,-85.388,"2007-08-21","1",657,"ASHYA"
"222","DHJPAR0025616","ASHYA955-08","07-SRNP-67078","Arthropoda","Insecta","Hymenoptera","Braconidae","Microgastrinae","Glyptapanteles","Glyptapanteles Whitfield144","BOLD:AAI7287","malaise-trapped",10.8902,-85.388,"2007-10-02","1",657,"ASHYA"
"223","DHJPAR0025625","ASHYA964-08","07-SRNP-67087","Arthropoda","Insecta","Hymenoptera","Braconidae","Microgastrinae","Hypomicrogaster","Hypomicrogaster Whitfield41","BOLD:AAF4770","malaise-trapped",10.8902,-85.388,"2007-10-02","1",657,"ASHYA"
"224","DHJPAR0025627","ASHYA966-08","07-SRNP-67089","Arthropoda","Insecta","Hymenoptera","Braconidae","Microgastrinae","Cotesia","Cotesia Whitfield80","BOLD:AAC0471","malaise-trapped",10.8902,-85.388,"2007-09-02","1",657,"ASHYA"
"225","DHJPAR0025637","ASHYA976-08","07-SRNP-67099","Arthropoda","Insecta","Hymenoptera","Braconidae","Microgastrinae","Apanteles","Apanteles yeissonchavesi","BOLD:AAE2980","malaise-trapped",10.8902,-85.388,"2007-09-02","1",657,"ASHYA"
"226","DHJPAR0025751","ASHYB090-08","07-SRNP-67213","Arthropoda","Insecta","Hymenoptera","Braconidae","Microgastrinae","Pseudapanteles","Pseudapanteles josefigueresi","BOLD:AAX8358","malaise-trapped",10.8902,-85.388,"2007-06-16","1",630,"ASMGJ"
"227","DHJPAR0025757","ASHYB096-08","07-SRNP-67219","Arthropoda","Insecta","Hymenoptera","Braconidae","Microgastrinae","Apanteles","Apanteles bettymarchenae","BOLD:AAJ1526","malaise-trapped",10.8902,-85.388,"2007-06-16","1",657,"ASMGJ"
"228","DHJPAR0025764","ASHYB103-08","07-SRNP-67226","Arthropoda","Insecta","Hymenoptera","Braconidae","Microgastrinae","Apanteles","Apanteles tiboshartae","BOLD:AAC6897","malaise-trapped",10.8902,-85.388,"2007-06-16","1",656,"ASMGJ"
"229","DHJPAR0025814","ASHYB153-08","07-SRNP-67276","Arthropoda","Insecta","Hymenoptera","Braconidae","Microgastrinae","Parapanteles","Parapanteles Whitfield44","BOLD:AAD6608","malaise-trapped",10.9019,-85.2749,"2007-07-29","1",657,"ASMGJ"
"230","DHJPAR0025816","ASHYB155-08","07-SRNP-67278","Arthropoda","Insecta","Hymenoptera","Braconidae","Microgastrinae","Diolcogaster","Diolcogaster Choi101","BOLD:AAX9658","malaise-trapped",10.9019,-85.2749,"2007-06-06","1",648,"ASMGJ"
"231","DHJPAR0025818","ASHYB157-08","07-SRNP-67280","Arthropoda","Insecta","Hymenoptera","Braconidae","Microgastrinae","Hypomicrogaster","Hypomicrogaster Whitfield28","BOLD:ABZ7986","malaise-trapped",10.9019,-85.2749,"2007-06-23","1",657,"ASMGJ"
"232","DHJPAR0025825","ASHYB164-08","07-SRNP-67287","Arthropoda","Insecta","Hymenoptera","Braconidae","Microgastrinae","Apanteles","Apanteles osvaldoespinozai","BOLD:AAA3684","malaise-trapped",10.8801,-85.3889,"2007-07-04","1",648,"ASMGJ"
"233","DHJPAR0025838","ASHYB177-08","07-SRNP-67300","Arthropoda","Insecta","Hymenoptera","Braconidae","Microgastrinae","Cotesia","Cotesia Whitfield1281","BOLD:AAD1281","malaise-trapped",10.8801,-85.3889,"2007-07-04","1",657,"ASMGJ"
"234","DHJPAR0025841","ASHYB180-08","07-SRNP-67303","Arthropoda","Insecta","Hymenoptera","Braconidae","Microgastrinae","Apanteles","Apanteles franciscoramirezi","BOLD:AAK2115","malaise-trapped",10.8801,-85.3889,"2007-06-22","1",586,"ASMGJ"
"235","DHJPAR0025844","ASHYB183-08","07-SRNP-67306","Arthropoda","Insecta","Hymenoptera","Braconidae","Microgastrinae","Glyptapanteles","Glyptapanteles Whitfield307","BOLD:AAI7311","malaise-trapped",10.8801,-85.3889,"2007-06-22","1",657,"ASMGJ"
"236","DHJPAR0025851","ASHYB190-08","07-SRNP-67313","Arthropoda","Insecta","Hymenoptera","Braconidae","Microgastrinae","Diolcogaster","Diolcogaster Choi102","BOLD:AAI9895","malaise-trapped",10.8801,-85.3889,"2007-08-27","1",628,"ASMGJ"
"237","DHJPAR0025853","ASHYB192-08","07-SRNP-67315","Arthropoda","Insecta","Hymenoptera","Braconidae","Microgastrinae","Dolichogenidea","Dolichogenidea Whitfield59","BOLD:ABX5833","malaise-trapped",10.8801,-85.3889,"2007-07-22","1",657,"ASMGJ"
"238","DHJPAR0025854","ASHYB193-08","07-SRNP-67316","Arthropoda","Insecta","Hymenoptera","Braconidae","Microgastrinae","Pseudapanteles","Pseudapanteles jorgerodriguezi","BOLD:AAX8359","malaise-trapped",10.8801,-85.3889,"2007-07-22","1",657,"ASMGJ"
"239","DHJPAR0025861","ASHYB200-08","07-SRNP-67323","Arthropoda","Insecta","Hymenoptera","Braconidae","Microgastrinae","Apanteles","Apanteles rostermoragai","BOLD:AAD5960","malaise-trapped",10.8801,-85.3889,"2007-07-10","1",657,"ASMGJ"
"240","DHJPAR0025909","ASHYB248-08","07-SRNP-67371","Arthropoda","Insecta","Hymenoptera","Braconidae","Microgastrinae","Glyptapanteles","Glyptapanteles henrytownesi","BOLD:AAD1416","malaise-trapped",10.8628,-85.3846,"2007-07-22","1",657,"ASMGJ"
"241","DHJPAR0025917","ASHYB256-08","07-SRNP-67379","Arthropoda","Insecta","Hymenoptera","Braconidae","Microgastrinae","Promicrogaster","Promicrogaster monteverdensis","BOLD:AAE9955","malaise-trapped",10.8628,-85.3846,"2007-07-28","1",657,"ASMGJ"
"242","DHJPAR0025921","ASHYB260-08","07-SRNP-67383","Arthropoda","Insecta","Hymenoptera","Braconidae","Microgastrinae","Dolichogenidea","Dolichogenidea Janzen43","BOLD:AAL2287","malaise-trapped",10.8628,-85.3846,"2007-07-28","1",657,"ASMGJ"
"243","DHJPAR0025926","ASHYB265-08","07-SRNP-67388","Arthropoda","Insecta","Hymenoptera","Braconidae","Microgastrinae","Promicrogaster","Promicrogaster pablouzagaiDHJ01","BOLD:AAC9679","malaise-trapped",10.8628,-85.3846,"2007-07-28","1",657,"ASMGJ"
"244","DHJPAR0025957","ASHYB296-08","07-SRNP-67419","Arthropoda","Insecta","Hymenoptera","Braconidae","Microgastrinae","Hypomicrogaster","Hypomicrogaster Whitfield34","BOLD:AAK3032","malaise-trapped",10.8628,-85.3846,"2007-08-27","1",657,"ASMGJ"
"245","DHJPAR0025961","ASHYB300-08","07-SRNP-67423","Arthropoda","Insecta","Hymenoptera","Braconidae","Microgastrinae","Dolichogenidea","Dolichogenidea Janzen1396","BOLD:AAJ1396","malaise-trapped",10.8628,-85.3846,"2007-12-13","1",657,"ASMGJ"
"246","DHJPAR0025998","ASHYB431-08","07-SRNP-67460","Arthropoda","Insecta","Hymenoptera","Braconidae","Microgastrinae","Dolichogenidea","Dolichogenidea Janzen09","BOLD:AAB4946","malaise-trapped",10.8628,-85.3846,"2007-06-16","1",657,"ASMGJ"
"247","DHJPAR0026012","ASHYB445-08","07-SRNP-67474","Arthropoda","Insecta","Hymenoptera","Braconidae","Microgastrinae","Pseudapanteles","Pseudapanteles christianafigueresae","BOLD:AAA6668","malaise-trapped",10.8628,-85.3846,"2007-09-14","1",649,"ASMGJ"
"248","DHJPAR0026016","ASHYB449-08","07-SRNP-67478","Arthropoda","Insecta","Hymenoptera","Braconidae","Microgastrinae","Apanteles","Apanteles cristianalemani","BOLD:AAK1715","malaise-trapped",10.8628,-85.3846,"2007-09-02","1",657,"ASMGJ"
"249","DHJPAR0026034","ASHYB467-08","07-SRNP-67496","Arthropoda","Insecta","Hymenoptera","Braconidae","Microgastrinae","Parapanteles","Parapanteles Whitfield199","BOLD:AAX8844","malaise-trapped",10.8628,-85.3846,"2007-06-05","1",657,"ASMGJ"
"250","DHJPAR0026039","ASHYB472-08","07-SRNP-67501","Arthropoda","Insecta","Hymenoptera","Braconidae","Microgastrinae","Dolichogenidea","Dolichogenidea Janzen96","BOLD:AAX8740","malaise-trapped",10.8628,-85.3846,"2007-07-10","1",657,"ASMGJ"
"251","DHJPAR0026045","ASHYB478-08","07-SRNP-67507","Arthropoda","Insecta","Hymenoptera","Braconidae","Microgastrinae","Glyptapanteles","Glyptapanteles Whitfield275","BOLD:AAL3671","malaise-trapped",10.8628,-85.3846,"2007-07-10","1",657,"ASMGJ"
"252","DHJPAR0026060","ASHYB493-08","07-SRNP-67522","Arthropoda","Insecta","Hymenoptera","Braconidae","Microgastrinae","Pseudapanteles","Pseudapanteles laurachinchillae","BOLD:AAX8356","malaise-trapped",10.8628,-85.3846,"2007-08-21","1",624,"ASMGJ"
"253","DHJPAR0026076","ASHYB509-08","07-SRNP-67538","Arthropoda","Insecta","Hymenoptera","Braconidae","Microgastrinae","Dolichogenidea","Dolichogenidea Janzen246","BOLD:AAX8657","malaise-trapped",10.8628,-85.3846,"2007-10-26","1",657,"ASMGJ"
"254","DHJPAR0026083","ASHYB516-08","07-SRNP-67545","Arthropoda","Insecta","Hymenoptera","Braconidae","Microgastrinae","Apanteles","Apanteles Rodriguez174","BOLD:AAK1683","malaise-trapped",10.8628,-85.3846,"2007-06-10","1",657,"ASMGJ"
"255","DHJPAR0026090","ASHYC113-08","07-SRNP-67564","Arthropoda","Insecta","Hymenoptera","Braconidae","Microgastrinae","Promicrogaster","Promicrogaster Janzen77","BOLD:AAK9345","malaise-trapped",10.9019,-85.2749,"2007-08-10","1",632,"ASMGJ"
"256","DHJPAR0026091","ASHYC114-08","07-SRNP-67565","Arthropoda","Insecta","Hymenoptera","Braconidae","Microgastrinae","Apanteles","Apanteles dickyui","BOLD:AAK1714","malaise-trapped",10.9019,-85.2749,"2007-08-10","1",624,"ASMGJ"
"257","DHJPAR0026092","ASHYC115-08","08-SRNP-41673","Arthropoda","Insecta","Hymenoptera","Braconidae","Microgastrinae","Glyptapanteles","Glyptapanteles Whitfield277","BOLD:AAI7284","malaise-trapped",10.9019,-85.2749,"2008-01-01","1",657,"ASMGJ"
"258","DHJPAR0026094","ASHYC117-08","08-SRNP-41675","Arthropoda","Insecta","Hymenoptera","Braconidae","Microgastrinae","Apanteles","Apanteles Rodriguez179","BOLD:AAK1725","malaise-trapped",10.9019,-85.2749,"2008-01-07","1",657,"ASMGJ"
"259","DHJPAR0026116","ASHYC139-08","07-SRNP-67586","Arthropoda","Insecta","Hymenoptera","Braconidae","Microgastrinae","Glyptapanteles","Glyptapanteles Whitfield135","BOLD:AAY0769","malaise-trapped",10.9009,-85.2891,"2007-11-02","1",657,"ASMGJ"
"260","DHJPAR0026126","ASHYC149-08","08-SRNP-41683","Arthropoda","Insecta","Hymenoptera","Braconidae","Microgastrinae","Apanteles","Apanteles Whitfield97","BOLD:ABX5649","malaise-trapped",10.9009,-85.2891,"2008-01-07","1",631,"ASMGJ"
"261","DHJPAR0026129","ASHYC152-08","08-SRNP-41686","Arthropoda","Insecta","Hymenoptera","Braconidae","Microgastrinae","Hypomicrogaster","Hypomicrogaster Whitfield04","BOLD:AAA8037","malaise-trapped",10.9009,-85.2891,"2008-01-13","1",631,"ASMGJ"
"262","DHJPAR0026151","ASHYC174-08","08-SRNP-41708","Arthropoda","Insecta","Hymenoptera","Braconidae","Microgastrinae","Parapanteles","Parapanteles Whitfield87","BOLD:AAE3568","malaise-trapped",10.9009,-85.2891,"2008-02-06","1",635,"ASMGJ"
"263","DHJPAR0026175","ASHYC198-08","08-SRNP-41732","Arthropoda","Insecta","Hymenoptera","Braconidae","Microgastrinae","Glyptapanteles","Glyptapanteles Whitfield116","BOLD:AAC6262","malaise-trapped",10.9009,-85.2891,"2008-02-24","1",616,"ASMGJ"
"264","DHJPAR0026194","ASHYC217-08","08-SRNP-41751","Arthropoda","Insecta","Hymenoptera","Braconidae","Microgastrinae","Glyptapanteles","Glyptapanteles Whitfield162","BOLD:AAY0717","malaise-trapped",10.9009,-85.2891,"2008-03-13","1",657,"ASMGJ"
"265","DHJPAR0026202","ASHYC225-08","08-SRNP-41759","Arthropoda","Insecta","Hymenoptera","Braconidae","Microgastrinae","Parapanteles","Parapanteles Rodriguez209","BOLD:AAE6771","malaise-trapped",10.9009,-85.2891,"2008-03-19","1",657,"ASMGJ"
"266","DHJPAR0026208","ASHYC231-08","08-SRNP-41765","Arthropoda","Insecta","Hymenoptera","Braconidae","Microgastrinae","Apanteles","Apanteles laurahuberae","BOLD:AAJ1398","malaise-trapped",10.9009,-85.2891,"2008-03-25","1",587,"ASMGJ"
"267","DHJPAR0026210","ASHYC233-08","08-SRNP-41767","Arthropoda","Insecta","Hymenoptera","Braconidae","Microgastrinae","Glyptapanteles","Glyptapanteles Whitfield115","BOLD:AEY7511","malaise-trapped",10.9009,-85.2891,"2008-03-25","1",624,"ASMGJ"
"268","DHJPAR0026211","ASHYC234-08","08-SRNP-41768","Arthropoda","Insecta","Hymenoptera","Braconidae","Microgastrinae","Glyptapanteles","Glyptapanteles Whitfield112","BOLD:AAL3674","malaise-trapped",10.9009,-85.2891,"2008-03-25","1",657,"ASMGJ"
"269","DHJPAR0026227","ASHYC250-08","08-SRNP-41784","Arthropoda","Insecta","Hymenoptera","Braconidae","Microgastrinae","Glyptapanteles","Glyptapanteles Whitfield130","BOLD:AAY0763","malaise-trapped",10.9009,-85.2891,"2008-03-31","1",657,"ASMGJ"
"270","DHJPAR0026244","ASHYC267-08","08-SRNP-41801","Arthropoda","Insecta","Hymenoptera","Braconidae","Microgastrinae","Hypomicrogaster","Hypomicrogaster Whitfield251","BOLD:ACM8436","malaise-trapped",10.9009,-85.2891,"2008-04-18","1",482,"ASMGJ"
"271","DHJPAR0026252","ASHYC275-08","08-SRNP-41809","Arthropoda","Insecta","Hymenoptera","Braconidae","Microgastrinae","Dolichogenidea","Dolichogenidea Janzen45","BOLD:AAX8653","malaise-trapped",10.9009,-85.2891,"2008-04-30","1",566,"ASMGJ"
"272","DHJPAR0026266","ASHYC289-08","08-SRNP-2822","Arthropoda","Insecta","Hymenoptera","Braconidae","Microgastrinae","Glyptapanteles","Glyptapanteles Whitfield198","BOLD:AAW5675","malaise-trapped",10.8801,-85.3889,"2008-04-15","1",610,"ASMGJ"
"273","DHJPAR0026267","ASHYC290-08","08-SRNP-2823","Arthropoda","Insecta","Hymenoptera","Braconidae","Microgastrinae","Pseudapanteles","Pseudapanteles ruficollis","BOLD:AAE8275","malaise-trapped",10.8801,-85.3889,"2008-04-15","1",657,"ASMGJ"
"274","DHJPAR0026276","ASHYC299-08","08-SRNP-2832","Arthropoda","Insecta","Hymenoptera","Braconidae","Microgastrinae","Apanteles","Apanteles juanhernandezi","BOLD:AAJ1388","malaise-trapped",10.8801,-85.3889,"2008-04-15","1",621,"ASMGJ"
"275","DHJPAR0026281","ASHYC304-08","08-SRNP-2837","Arthropoda","Insecta","Hymenoptera","Braconidae","Microgastrinae","Pseudapanteles","Pseudapanteles maureenballesteroae","BOLD:AAX8342","malaise-trapped",10.8801,-85.3889,"2008-04-15","1",657,"ASMGJ"
"276","DHJPAR0026282","ASHYC305-08","08-SRNP-2838","Arthropoda","Insecta","Hymenoptera","Braconidae","Microgastrinae","Hypomicrogaster","Hypomicrogaster Whitfield39","BOLD:AAI7795","malaise-trapped",10.8801,-85.3889,"2008-04-15","1",657,"ASMGJ"
"277","DHJPAR0026404","ASHYC427-08","07-SRNP-67709","Arthropoda","Insecta","Hymenoptera","Braconidae","Microgastrinae","Diolcogaster","Diolcogaster Choi52","BOLD:AAA9150","malaise-trapped",10.9004,-85.3725,"2007-11-07","1",657,"ASMGJ"
"278","DHJPAR0026420","ASHYC443-08","07-SRNP-67725","Arthropoda","Insecta","Hymenoptera","Braconidae","Microgastrinae","Glyptapanteles","Glyptapanteles Whitfield271","BOLD:AAL3669","malaise-trapped",10.9004,-85.3725,"2007-11-13","1",657,"ASMGJ"
"279","DHJPAR0026421","ASHYC444-08","07-SRNP-67726","Arthropoda","Insecta","Hymenoptera","Braconidae","Microgastrinae","Diolcogaster","Diolcogaster Choi103","BOLD:AAD0025","malaise-trapped",10.9004,-85.3725,"2007-12-31","1",657,"ASMGJ"
"280","DHJPAR0026474","ASHYC497-08","08-SRNP-2893","Arthropoda","Insecta","Hymenoptera","Braconidae","Microgastrinae","Apanteles","Apanteles robertovargasi","BOLD:AAK1645","malaise-trapped",10.9004,-85.3725,"2008-01-30","1",636,"ASMGJ"
"281","DHJPAR0026530","ASHYC553-08","08-SRNP-2949","Arthropoda","Insecta","Hymenoptera","Braconidae","Microgastrinae","Glyptapanteles","Glyptapanteles Whitfield153","BOLD:ABZ3946","malaise-trapped",10.9004,-85.3725,"2008-02-17","1",657,"ASMGJ"
"282","DHJPAR0026542","ASHYC565-08","08-SRNP-2961","Arthropoda","Insecta","Hymenoptera","Braconidae","Microgastrinae","Apanteles","Apanteles robertoespinozai","BOLD:AAC1190","malaise-trapped",10.9004,-85.3725,"2008-02-17","1",657,"ASMGJ"
"283","DHJPAR0026558","ASHYC581-08","08-SRNP-2977","Arthropoda","Insecta","Hymenoptera","Braconidae","Microgastrinae","Glyptapanteles","Glyptapanteles Whitfield308","BOLD:AAL3667","malaise-trapped",10.9004,-85.3725,"2008-02-23","1",657,"ASMGJ"
"284","DHJPAR0026588","ASHYC611-08","08-SRNP-3007","Arthropoda","Insecta","Hymenoptera","Braconidae","Microgastrinae","Hypomicrogaster","Hypomicrogaster Whitfield46","BOLD:AAK3030","malaise-trapped",10.9004,-85.3725,"2008-02-29","1",657,"ASMGJ"
"285","DHJPAR0026680","ASHYC703-08","08-SRNP-3099","Arthropoda","Insecta","Hymenoptera","Braconidae","Microgastrinae","Parapanteles","Parapanteles Whitfield89","BOLD:AAI6306","malaise-trapped",10.9004,-85.3725,"2008-03-12","1",657,"ASMGJ"
"286","DHJPAR0026694","ASHYC717-08","08-SRNP-3113","Arthropoda","Insecta","Hymenoptera","Braconidae","Microgastrinae","Parapanteles","Parapanteles Whitfield90","BOLD:AAX1180","malaise-trapped",10.9004,-85.3725,"2008-03-12","1",657,"ASMGJ"
"287","DHJPAR0026733","ASHYC756-08","08-SRNP-3152","Arthropoda","Insecta","Hymenoptera","Braconidae","Microgastrinae","Diolcogaster","Diolcogaster Choi92","BOLD:AAX9671","malaise-trapped",10.9004,-85.3725,"2008-03-18","1",657,"ASMGJ"
"288","DHJPAR0026735","ASHYC758-08","08-SRNP-3154","Arthropoda","Insecta","Hymenoptera","Braconidae","Microgastrinae","Glyptapanteles","Glyptapanteles Whitfield165","BOLD:AAY0713","malaise-trapped",10.9004,-85.3725,"2008-03-18","1",657,"ASMGJ"
"289","DHJPAR0026747","ASHYC770-08","08-SRNP-3166","Arthropoda","Insecta","Hymenoptera","Braconidae","Microgastrinae","Dolichogenidea","Dolichogenidea Janzen254","BOLD:ACF0268","malaise-trapped",10.9004,-85.3725,"2008-03-18","1",657,"ASMGJ"
"290","DHJPAR0026782","ASHYC805-08","08-SRNP-3201","Arthropoda","Insecta","Hymenoptera","Braconidae","Microgastrinae","Hypomicrogaster","Hypomicrogaster Whitfield50","BOLD:ABY8051","malaise-trapped",10.9004,-85.3725,"2008-03-24","1",657,"ASMGJ"
"291","DHJPAR0026790","ASHYC813-08","08-SRNP-3209","Arthropoda","Insecta","Hymenoptera","Braconidae","Microgastrinae","Papanteles","Papanteles Whitfield205","BOLD:AAE9956","malaise-trapped",10.9004,-85.3725,"2008-03-24","1",657,"ASMGJ"
"292","DHJPAR0026792","ASHYC815-08","08-SRNP-3211","Arthropoda","Insecta","Hymenoptera","Braconidae","Microgastrinae","Choeras","Choeras Whitfield04","BOLD:AAI7343","malaise-trapped",10.9004,-85.3725,"2008-03-24","1",636,"ASMGJ"
"293","DHJPAR0026812","ASHYC835-08","08-SRNP-3231","Arthropoda","Insecta","Hymenoptera","Braconidae","Microgastrinae","Hypomicrogaster","Hypomicrogaster Whitfield47","BOLD:AAX2162","malaise-trapped",10.9004,-85.3725,"2008-03-30","1",657,"ASMGJ"
"294","DHJPAR0026868","ASHYC891-08","08-SRNP-3287","Arthropoda","Insecta","Hymenoptera","Braconidae","Microgastrinae","Hypomicrogaster","Hypomicrogaster Whitfield05","BOLD:AAM1108","malaise-trapped",10.9004,-85.3725,"2008-03-30","1",421,"ASMGJ"
"295","DHJPAR0026992","ASHYD018-08","08-SRNP-3411","Arthropoda","Insecta","Hymenoptera","Braconidae","Microgastrinae","Apanteles","Apanteles felixcarmonai","BOLD:ABX5072","malaise-trapped",10.9004,-85.3725,"2008-04-11","1",657,"ASMGJ"
"296","DHJPAR0027019","ASHYD045-08","08-SRNP-3438","Arthropoda","Insecta","Hymenoptera","Braconidae","Microgastrinae","Glyptapanteles","Glyptapanteles Whitfield164","BOLD:AAI7270","malaise-trapped",10.9004,-85.3725,"2008-04-11","1",657,"ASMGJ"
"297","DHJPAR0027111","ASHYD137-08","08-SRNP-3530","Arthropoda","Insecta","Hymenoptera","Braconidae","Microgastrinae","Diolcogaster","Diolcogaster Choi11","BOLD:AAI9894","malaise-trapped",10.9004,-85.3725,"2008-04-17","1",614,"ASMGJ"
"298","DHJPAR0031741","ASHYD1665-10","08-SRNP-76182","Arthropoda","Insecta","Hymenoptera","Braconidae","Microgastrinae","Dolichogenidea","Dolichogenidea Rodriguez172","BOLD:AAM5750","malaise-trapped",10.8376,-85.6187,"2008-12-25","1",646,"ASHYD"
"299","DHJPAR0031749","ASHYD1673-10","08-SRNP-76190","Arthropoda","Insecta","Hymenoptera","Braconidae","Microgastrinae","Pseudapanteles","Pseudapanteles ottonsolisi","BOLD:AAM9559","malaise-trapped",10.8376,-85.6187,"2008-12-25","1",658,"ASHYD"
"300","DHJPAR0031751","ASHYD1675-10","08-SRNP-76192","Arthropoda","Insecta","Hymenoptera","Braconidae","Microgastrinae","Apanteles","Apanteles Rodriguez240","BOLD:AAM5751","malaise-trapped",10.8376,-85.6187,"2008-12-25","1",658,"ASHYD"
"301","DHJPAR0031757","ASHYD1681-10","08-SRNP-76198","Arthropoda","Insecta","Hymenoptera","Braconidae","Microgastrinae","Apanteles","Apanteles Rodriguez266","BOLD:AAM5752","malaise-trapped",10.8376,-85.6187,"2008-12-25","1",658,"ASHYD"
"302","DHJPAR0031763","ASHYD1687-10","08-SRNP-76204","Arthropoda","Insecta","Hymenoptera","Braconidae","Microgastrinae","Glyptapanteles","Glyptapanteles Whitfield138","BOLD:AAM5229","malaise-trapped",10.8376,-85.6187,"2008-12-25","1",633,"ASHYD"
"303","DHJPAR0031765","ASHYD1689-10","08-SRNP-76206","Arthropoda","Insecta","Hymenoptera","Braconidae","Microgastrinae","Pseudapanteles","Pseudapanteles renecastroi","BOLD:ABX9145","malaise-trapped",10.8376,-85.6187,"2008-12-25","1",626,"ASHYD"
"304","DHJPAR0031786","ASHYD1710-10","08-SRNP-76227","Arthropoda","Insecta","Hymenoptera","Braconidae","Microgastrinae","Apanteles","Apanteles Rodriguez153","BOLD:AAM5746","malaise-trapped",10.8376,-85.6187,"2008-12-25","1",658,"ASHYD"
"305","DHJPAR0031797","ASHYD1721-10","08-SRNP-76238","Arthropoda","Insecta","Hymenoptera","Braconidae","Microgastrinae","Glyptapanteles","Glyptapanteles Whitfield121","BOLD:AAM5231","malaise-trapped",10.8376,-85.6187,"2008-12-25","1",658,"ASHYD"
"306","DHJPAR0031801","ASHYD1725-10","08-SRNP-76242","Arthropoda","Insecta","Hymenoptera","Braconidae","Microgastrinae","Parapanteles","Parapanteles Whitfield249","BOLD:AAM5382","malaise-trapped",10.8376,-85.6187,"2008-12-25","1",658,"ASHYD"
"307","DHJPAR0031803","ASHYD1727-10","08-SRNP-76244","Arthropoda","Insecta","Hymenoptera","Braconidae","Microgastrinae","Apanteles","Apanteles Rodriguez76","BOLD:AAM5753","malaise-trapped",10.8376,-85.6187,"2008-12-25","1",658,"ASHYD"
"308","DHJPAR0031814","ASHYD1738-10","08-SRNP-76255","Arthropoda","Insecta","Hymenoptera","Braconidae","Microgastrinae","Promicrogaster","Promicrogaster alexmartinezi","BOLD:AAM6962","malaise-trapped",10.8376,-85.6187,"2008-12-25","1",658,"ASHYD"
"309","DHJPAR0031816","ASHYD1740-10","08-SRNP-76257","Arthropoda","Insecta","Hymenoptera","Braconidae","Microgastrinae","Cotesia","Cotesia Whitfield84","BOLD:AAJ5709","malaise-trapped",10.8376,-85.6187,"2008-12-25","1",658,"ASHYD"
"310","DHJPAR0031819","ASHYD1743-10","08-SRNP-76260","Arthropoda","Insecta","Hymenoptera","Braconidae","Microgastrinae","Promicrogaster","Promicrogaster daniellopezi","BOLD:AAM5748","malaise-trapped",10.8376,-85.6187,"2008-12-25","1",658,"ASHYD"
"311","DHJPAR0031839","ASHYD1763-10","08-SRNP-76280","Arthropoda","Insecta","Hymenoptera","Braconidae","Microgastrinae","Glyptapanteles","Glyptapanteles robbinthorpiDHJ01","BOLD:AAM5230","malaise-trapped",10.8376,-85.6187,"2008-12-25","1",658,"ASHYD"
"312","DHJPAR0031845","ASHYD1769-10","08-SRNP-76286","Arthropoda","Insecta","Hymenoptera","Braconidae","Microgastrinae","Dolichogenidea","Dolichogenidea Whitfield79","BOLD:AAM5850","malaise-trapped",10.8376,-85.6187,"2008-12-25","1",658,"ASHYD"
"313","DHJPAR0031847","ASHYD1771-10","08-SRNP-76288","Arthropoda","Insecta","Hymenoptera","Braconidae","Microgastrinae","Dolichogenidea","Dolichogenidea Janzen15","BOLD:AAM5851","malaise-trapped",10.8376,-85.6187,"2008-12-25","1",510,"ASHYD"
"314","DHJPAR0031851","ASHYD1775-10","08-SRNP-76292","Arthropoda","Insecta","Hymenoptera","Braconidae","Microgastrinae","Dolichogenidea","Dolichogenidea Janzen456","BOLD:AAM5852","malaise-trapped",10.8376,-85.6187,"2008-12-25","1",658,"ASHYD"
"315","DHJPAR0031864","ASHYD1788-10","08-SRNP-76305","Arthropoda","Insecta","Hymenoptera","Braconidae","Microgastrinae","Dolichogenidea","Dolichogenidea Janzen324","BOLD:AAM5853","malaise-trapped",10.8376,-85.6187,"2008-12-25","1",658,"ASHYD"
"316","DHJPAR0031871","ASHYD1795-10","08-SRNP-76312","Arthropoda","Insecta","Hymenoptera","Braconidae","Microgastrinae","Apanteles","Apanteles ciriloumanaiDHJ04","BOLD:AAM5630","malaise-trapped",10.8376,-85.6187,"2008-12-25","1",658,"ASHYD"
"317","DHJPAR0027221","ASHYD247-08","08-SRNP-3640","Arthropoda","Insecta","Hymenoptera","Braconidae","Microgastrinae","Pseudapanteles","Pseudapanteles munifigueresae","BOLD:AAW5194","malaise-trapped",10.9004,-85.3725,"2008-04-23","1",657,"ASMGJ"
"318","DHJPAR0027225","ASHYD251-08","08-SRNP-3644","Arthropoda","Insecta","Hymenoptera","Braconidae","Microgastrinae","Apanteles","Apanteles juangazoi","BOLD:AAK2125","malaise-trapped",10.9004,-85.3725,"2008-04-23","1",563,"ASMGJ"
"319","DHJPAR0027237","ASHYD263-08","08-SRNP-3656","Arthropoda","Insecta","Hymenoptera","Braconidae","Microgastrinae","Glyptapanteles","Glyptapanteles hugokonsi","BOLD:AFC7057","malaise-trapped",10.9004,-85.3725,"2008-04-30","1",620,"ASMGJ"
"320","DHJPAR0027261","ASHYD287-08","08-SRNP-3680","Arthropoda","Insecta","Hymenoptera","Braconidae","Microgastrinae","Glyptapanteles","Glyptapanteles Whitfield180","BOLD:AAC1260","malaise-trapped",10.9004,-85.3725,"2008-04-30","1",620,"ASMGJ"
"321","DHJPAR0027296","ASHYD322-08","08-SRNP-3715","Arthropoda","Insecta","Hymenoptera","Braconidae","Microgastrinae","Hypomicrogaster","Hypomicrogaster Whitfield53","BOLD:AAX2167","malaise-trapped",10.9004,-85.3725,"2008-05-06","1",611,"ASMGJ"
"322","DHJPAR0027329","ASHYD355-08","08-SRNP-3748","Arthropoda","Insecta","Hymenoptera","Braconidae","Microgastrinae","Pseudapanteles","Pseudapanteles pedroleoni","BOLD:AAH8194","malaise-trapped",10.9004,-85.3725,"2008-05-06","1",657,"ASMGJ"
"323","DHJPAR0027349","ASHYD375-08","08-SRNP-3768","Arthropoda","Insecta","Hymenoptera","Braconidae","Microgastrinae","Glyptapanteles","Glyptapanteles Whitfield301","BOLD:AAD6863","malaise-trapped",10.9004,-85.3725,"2008-05-12","1",657,"ASMGJ"
"324","DHJPAR0027417","ASHYD443-08","08-SRNP-3836","Arthropoda","Insecta","Hymenoptera","Braconidae","Microgastrinae","Apanteles","Apanteles jimmychevezi","BOLD:AAJ1513","malaise-trapped",10.9004,-85.3725,"2008-05-18","1",657,"ASMGJ"
"325","DHJPAR0027456","ASHYD482-08","08-SRNP-3875","Arthropoda","Insecta","Hymenoptera","Braconidae","Microgastrinae","Apanteles","Apanteles Rodriguez253","BOLD:AAJ1514","malaise-trapped",10.9004,-85.3725,"2008-05-19","1",657,"ASMGJ"
"326","DHJPAR0027491","ASHYD517-08","07-SRNP-67753","Arthropoda","Insecta","Hymenoptera","Braconidae","Microgastrinae","Glyptapanteles","Glyptapanteles jamesrobertsoni","BOLD:AAD1413","malaise-trapped",10.8902,-85.388,"2007-08-09","1",632,"ASMGJ"
"327","DHJPAR0027499","ASHYD525-08","07-SRNP-67761","Arthropoda","Insecta","Hymenoptera","Braconidae","Microgastrinae","Glyptapanteles","Glyptapanteles Janzen55","BOLD:AAX2085","malaise-trapped",10.8902,-85.388,"2007-08-09","1",635,"ASMGJ"
"328","DHJPAR0027548","ASHYD574-08","08-SRNP-3894","Arthropoda","Insecta","Hymenoptera","Braconidae","Microgastrinae","Apanteles","Apanteles jairomoyai","BOLD:AAK1709","malaise-trapped",10.8902,-85.388,"2008-01-18","1",621,"ASMGJ"
"329","DHJPAR0027583","ASHYD609-08","08-SRNP-3929","Arthropoda","Insecta","Hymenoptera","Braconidae","Microgastrinae","Glyptapanteles","Glyptapanteles Whitfield134","BOLD:AAY0766","malaise-trapped",10.8902,-85.388,"2008-03-06","1",657,"ASMGJ"
"330","DHJPAR0027612","ASHYD638-08","07-SRNP-67816","Arthropoda","Insecta","Hymenoptera","Braconidae","Microgastrinae","Apanteles","Apanteles alejandromorai","BOLD:AAF8059","malaise-trapped",10.8628,-85.3846,"2007-08-03","1",645,"ASMGJ"
"331","DHJPAR0027635","ASHYD661-08","07-SRNP-67839","Arthropoda","Insecta","Hymenoptera","Braconidae","Microgastrinae","Apanteles","Apanteles juanapui","BOLD:AAK1708","malaise-trapped",10.8628,-85.3846,"2007-11-01","1",637,"ASMGJ"
"332","DHJPAR0027654","ASHYD680-08","08-SRNP-3952","Arthropoda","Insecta","Hymenoptera","Braconidae","Microgastrinae","Apanteles","Apanteles pablotranai","BOLD:AAL2297","malaise-trapped",10.8628,-85.3846,"2008-01-30","1",632,"ASMGJ"
"333","DHJPAR0027660","ASHYD686-08","08-SRNP-3958","Arthropoda","Insecta","Hymenoptera","Braconidae","Microgastrinae","Glyptapanteles","Glyptapanteles Whitfield97","BOLD:AAY1042","malaise-trapped",10.8628,-85.3846,"2008-02-05","1",657,"ASMGJ"
"334","DHJPAR0027669","ASHYD695-08","08-SRNP-3967","Arthropoda","Insecta","Hymenoptera","Braconidae","Microgastrinae","Pseudapanteles","Pseudapanteles luisguillermosolisi","BOLD:AAX8357","malaise-trapped",10.8628,-85.3846,"2008-03-11","1",624,"ASMGJ"
"335","DHJPAR0027679","ASHYD705-08","08-SRNP-3977","Arthropoda","Insecta","Hymenoptera","Braconidae","Microgastrinae","Diolcogaster","Diolcogaster Choi97","BOLD:ABY6876","malaise-trapped",10.8628,-85.3846,"2008-04-17","1",636,"ASMGJ"
"336","DHJPAR0027680","ASHYD706-08","08-SRNP-3978","Arthropoda","Insecta","Hymenoptera","Braconidae","Microgastrinae","Apanteles","Apanteles marialuisariasae","BOLD:AAF8060","malaise-trapped",10.8628,-85.3846,"2008-04-17","1",623,"ASMGJ"
"337","DHJPAR0027681","ASHYD707-08","08-SRNP-3979","Arthropoda","Insecta","Hymenoptera","Braconidae","Microgastrinae","Apanteles","Apanteles ronaldcastroi","BOLD:ADA2584","malaise-trapped",10.8628,-85.3846,"2008-04-17","1",631,"ASMGJ"
"338","DHJPAR0027685","ASHYD711-08","08-SRNP-3983","Arthropoda","Insecta","Hymenoptera","Braconidae","Microgastrinae","Dolichogenidea","Dolichogenidea Janzen152","BOLD:AAE8609","malaise-trapped",10.8628,-85.3846,"2008-04-23","1",632,"ASMGJ"
"339","DHJPAR0027695","ASHYD721-08","08-SRNP-3993","Arthropoda","Insecta","Hymenoptera","Braconidae","Microgastrinae","Dolichogenidea","Dolichogenidea Janzen63","BOLD:AAN9770","malaise-trapped",10.8628,-85.3846,"2008-05-18","1",609,"ASMGJ"
"340","DHJPAR0033733","ASHYG003-10","08-SRNP-37652","Arthropoda","Insecta","Hymenoptera","Braconidae","Microgastrinae","Dolichogenidea","Dolichogenidea Janzen57","BOLD:AAM5842","malaise-trapped",10.9277,-85.4745,"2008-11-22","1",658,"ASHYG"
"341","DHJPAR0033735","ASHYG005-10","08-SRNP-37654","Arthropoda","Insecta","Hymenoptera","Braconidae","Microgastrinae","Apanteles","Apanteles Janzen20","BOLD:AAM5735","malaise-trapped",10.9277,-85.4745,"2008-11-22","1",658,"ASHYG"
"342","DHJPAR0033736","ASHYG006-10","08-SRNP-37655","Arthropoda","Insecta","Hymenoptera","Braconidae","Microgastrinae","Promicrogaster","Promicrogaster sebastiancambroneroi","BOLD:AAM5741","malaise-trapped",10.9277,-85.4745,"2008-11-22","1",658,"ASHYG"
"343","DHJPAR0033737","ASHYG007-10","08-SRNP-37656","Arthropoda","Insecta","Hymenoptera","Braconidae","Microgastrinae","Apanteles","Apanteles Rodriguez148","BOLD:AAM5736","malaise-trapped",10.9277,-85.4745,"2008-11-22","1",658,"ASHYG"
"344","DHJPAR0033739","ASHYG009-10","08-SRNP-37658","Arthropoda","Insecta","Hymenoptera","Braconidae","Microgastrinae","Glyptapanteles","Glyptapanteles Whitfield132","BOLD:ACF0807","malaise-trapped",10.9277,-85.4745,"2008-11-22","1",658,"ASHYG"
"345","DHJPAR0033751","ASHYG021-10","08-SRNP-37670","Arthropoda","Insecta","Hymenoptera","Braconidae","Microgastrinae","Dolichogenidea","Dolichogenidea rosamatarritae","BOLD:ABY5258","malaise-trapped",10.9277,-85.4745,"2008-11-22","1",658,"ASHYG"
"346","DHJPAR0033753","ASHYG023-10","08-SRNP-37672","Arthropoda","Insecta","Hymenoptera","Braconidae","Microgastrinae","Dolichogenidea","Dolichogenidea Janzen16","BOLD:AAM5843","malaise-trapped",10.9277,-85.4745,"2008-11-22","1",658,"ASHYG"
"347","DHJPAR0033755","ASHYG025-10","08-SRNP-37674","Arthropoda","Insecta","Hymenoptera","Braconidae","Microgastrinae","Choeras","Choeras Whitfield02","BOLD:AAM5956","malaise-trapped",10.9277,-85.4745,"2008-11-22","1",658,"ASHYG"
"348","DHJPAR0033760","ASHYG030-10","08-SRNP-37679","Arthropoda","Insecta","Hymenoptera","Braconidae","Microgastrinae","Choeras","Choeras Whitfield05","BOLD:AAM5222","malaise-trapped",10.9277,-85.4745,"2008-11-22","1",658,"ASHYG"
"349","DHJPAR0033777","ASHYG047-10","08-SRNP-37696","Arthropoda","Insecta","Hymenoptera","Braconidae","Microgastrinae","Dolichogenidea","Dolichogenidea Janzen457","BOLD:ACF0267","malaise-trapped",10.9277,-85.4745,"2008-11-22","1",658,"ASHYG"
"350","DHJPAR0033890","ASHYG160-10","08-SRNP-37809","Arthropoda","Insecta","Hymenoptera","Braconidae","Microgastrinae","Apanteles","Apanteles Rodriguez161","BOLD:AAK1700","malaise-trapped",10.9247,-85.4674,"2008-11-22","1",658,"ASHYG"
"351","DHJPAR0033899","ASHYG169-10","08-SRNP-37818","Arthropoda","Insecta","Hymenoptera","Braconidae","Microgastrinae","Glyptapanteles","Glyptapanteles Whitfield79","BOLD:AAM5223","malaise-trapped",10.9247,-85.4674,"2008-11-22","1",658,"ASHYG"
"352","DHJPAR0034082","ASHYG352-10","08-SRNP-38001","Arthropoda","Insecta","Hymenoptera","Braconidae","Microgastrinae","Parapanteles","Parapanteles Whitfield6745","BOLD:ABX6745","malaise-trapped",10.9333,-85.4573,"2008-11-22","1",658,"ASHYG"
"353","DHJPAR0034086","ASHYG356-10","08-SRNP-38005","Arthropoda","Insecta","Hymenoptera","Braconidae","Microgastrinae","Promicrogaster","Promicrogaster andreyvallejosi","BOLD:AAM5737","malaise-trapped",10.9333,-85.4573,"2008-11-22","1",658,"ASHYG"
"354","DHJPAR0034115","ASHYG385-10","08-SRNP-38034","Arthropoda","Insecta","Hymenoptera","Braconidae","Microgastrinae","Sendaphne","Sendaphne rogerblancoi","BOLD:AAM9443","malaise-trapped",10.9333,-85.4573,"2008-11-22","1",623,"ASHYG"
"355","DHJPAR0034169","ASHYG439-10","08-SRNP-38088","Arthropoda","Insecta","Hymenoptera","Braconidae","Microgastrinae","Apanteles","Apanteles Janzen07","BOLD:AAM5844","malaise-trapped",10.9333,-85.4573,"2008-11-22","1",658,"ASHYG"
"356","DHJPAR0034172","ASHYG442-10","08-SRNP-38091","Arthropoda","Insecta","Hymenoptera","Braconidae","Microgastrinae","Dolichogenidea","Dolichogenidea Janzen66","BOLD:AAM5845","malaise-trapped",10.9333,-85.4573,"2008-11-22","1",658,"ASHYG"
"357","DHJPAR0031198","ASHYG459-10","08-SRNP-38108","Arthropoda","Insecta","Hymenoptera","Braconidae","Microgastrinae","Hypomicrogaster","Hypomicrogaster OVRGDHJ11","BOLD:AAE5860","malaise-trapped",10.9271,-85.4668,"2008-12-18","1",615,"ASHYG"
"358","DHJPAR0031201","ASHYG462-10","08-SRNP-38111","Arthropoda","Insecta","Hymenoptera","Braconidae","Microgastrinae","Glyptapanteles","Glyptapanteles charlesmicheneri","BOLD:AAM5224","malaise-trapped",10.9271,-85.4668,"2008-12-18","1",658,"ASHYG"
"359","DHJPAR0031203","ASHYG464-10","08-SRNP-38113","Arthropoda","Insecta","Hymenoptera","Braconidae","Microgastrinae","Promicrogaster","Promicrogaster brandondinarteiDHJ02","BOLD:AAM9535","malaise-trapped",10.9271,-85.4668,"2008-12-18","1",613,"ASHYG"
"360","DHJPAR0031207","ASHYG468-10","08-SRNP-38117","Arthropoda","Insecta","Hymenoptera","Braconidae","Microgastrinae","Promicrogaster","Promicrogaster luismendezi","BOLD:AAM9536","malaise-trapped",10.9271,-85.4668,"2008-12-18","1",658,"ASHYG"
"361","DHJPAR0031233","ASHYG494-10","08-SRNP-38143","Arthropoda","Insecta","Hymenoptera","Braconidae","Microgastrinae","Apanteles","Apanteles Rodriguez162","BOLD:AAM5738","malaise-trapped",10.9271,-85.4668,"2008-12-18","1",658,"ASHYG"
"362","DHJPAR0031270","ASHYG531-10","08-SRNP-38180","Arthropoda","Insecta","Hymenoptera","Braconidae","Microgastrinae","Glyptapanteles","Glyptapanteles Whitfield303","BOLD:AAM5225","malaise-trapped",10.9271,-85.4668,"2008-12-18","1",658,"ASHYG"
"363","DHJPAR0031274","ASHYG535-10","08-SRNP-38184","Arthropoda","Insecta","Hymenoptera","Braconidae","Microgastrinae","Promicrogaster","Promicrogaster kevinmartinezi","BOLD:AAM9537","malaise-trapped",10.9247,-85.4674,"2008-12-18","1",658,"ASHYG"
"364","DHJPAR0031275","ASHYG536-10","08-SRNP-38185","Arthropoda","Insecta","Hymenoptera","Braconidae","Microgastrinae","Glyptapanteles","Glyptapanteles corriemoreauae","BOLD:AAD1614","malaise-trapped",10.9247,-85.4674,"2008-12-18","1",658,"ASHYG"
"365","DHJPAR0031280","ASHYG541-10","08-SRNP-38190","Arthropoda","Insecta","Hymenoptera","Braconidae","Microgastrinae","Apanteles","Apanteles Janzen28","BOLD:AAM5739","malaise-trapped",10.9247,-85.4674,"2008-12-18","1",658,"ASHYG"
"366","DHJPAR0031284","ASHYG545-10","08-SRNP-38194","Arthropoda","Insecta","Hymenoptera","Braconidae","Microgastrinae","Parapanteles","Parapanteles tlineaDHJ01","BOLD:AED2446","malaise-trapped",10.9247,-85.4674,"2008-12-18","1",658,"ASHYG"
"367","DHJPAR0031285","ASHYG546-10","08-SRNP-38195","Arthropoda","Insecta","Hymenoptera","Braconidae","Microgastrinae","Dolichogenidea","Dolichogenidea Janzen21","BOLD:AAM5846","malaise-trapped",10.9247,-85.4674,"2008-12-18","1",630,"ASHYG"
"368","DHJPAR0031286","ASHYG547-10","08-SRNP-38196","Arthropoda","Insecta","Hymenoptera","Braconidae","Microgastrinae","Pseudapanteles","Pseudapanteles Janzen05","BOLD:AAM9538","malaise-trapped",10.9247,-85.4674,"2008-12-18","1",658,"ASHYG"
"369","DHJPAR0031288","ASHYG549-10","08-SRNP-38198","Arthropoda","Insecta","Hymenoptera","Braconidae","Microgastrinae","Promicrogaster","Promicrogaster kiralycastilloae","BOLD:AAM9539","malaise-trapped",10.9247,-85.4674,"2008-12-18","1",658,"ASHYG"
"370","DHJPAR0031289","ASHYG550-10","08-SRNP-38199","Arthropoda","Insecta","Hymenoptera","Braconidae","Microgastrinae","Glyptapanteles","Glyptapanteles Whitfield80","BOLD:AAF8310","malaise-trapped",10.9247,-85.4674,"2008-12-18","1",658,"ASHYG"
"371","DHJPAR0031290","ASHYG551-10","08-SRNP-38200","Arthropoda","Insecta","Hymenoptera","Braconidae","Microgastrinae","Promicrogaster","Promicrogaster brandondinarteiDHJ01","BOLD:ABZ2999","malaise-trapped",10.9247,-85.4674,"2008-12-18","1",624,"ASHYG"
"372","DHJPAR0031292","ASHYG553-10","08-SRNP-38202","Arthropoda","Insecta","Hymenoptera","Braconidae","Microgastrinae","Glyptapanteles","Glyptapanteles Whitfield127","BOLD:AAM5226","malaise-trapped",10.9247,-85.4674,"2008-12-18","1",658,"ASHYG"
"373","DHJPAR0031295","ASHYG556-10","08-SRNP-38205","Arthropoda","Insecta","Hymenoptera","Braconidae","Microgastrinae","Dolichogenidea","Dolichogenidea Rodriguez159","BOLD:AAM5740","malaise-trapped",10.9247,-85.4674,"2008-12-18","1",658,"ASHYG"
"374","DHJPAR0031297","ASHYG558-10","08-SRNP-38207","Arthropoda","Insecta","Hymenoptera","Braconidae","Microgastrinae","Pseudapanteles","Pseudapanteles christianafigueresae","BOLD:AAZ6842","malaise-trapped",10.9247,-85.4674,"2008-12-18","1",624,"ASHYG"
"375","DHJPAR0031299","ASHYG560-10","08-SRNP-38209","Arthropoda","Insecta","Hymenoptera","Braconidae","Microgastrinae","Dolichogenidea","Dolichogenidea Janzen50","BOLD:AAD8952","malaise-trapped",10.9247,-85.4674,"2008-12-18","1",658,"ASHYG"
"376","DHJPAR0031301","ASHYG562-10","08-SRNP-38211","Arthropoda","Insecta","Hymenoptera","Braconidae","Microgastrinae","Promicrogaster","Promicrogaster Whitfield21","BOLD:AAM9540","malaise-trapped",10.9247,-85.4674,"2008-12-18","1",658,"ASHYG"
"377","DHJPAR0031303","ASHYG564-10","08-SRNP-38213","Arthropoda","Insecta","Hymenoptera","Braconidae","Microgastrinae","Dolichogenidea","Dolichogenidea Janzen359","BOLD:ACE8228","malaise-trapped",10.9247,-85.4674,"2008-12-18","1",621,"ASHYG"
"378","DHJPAR0031310","ASHYG571-10","08-SRNP-38220","Arthropoda","Insecta","Hymenoptera","Braconidae","Microgastrinae","Promicrogaster","Promicrogaster fabiancastroi","BOLD:AAM9541","malaise-trapped",10.9247,-85.4674,"2008-12-18","1",658,"ASHYG"
"379","DHJPAR0031320","ASHYG581-10","08-SRNP-38230","Arthropoda","Insecta","Hymenoptera","Braconidae","Microgastrinae","Promicrogaster","Promicrogaster eddycastroi","BOLD:AAM9542","malaise-trapped",10.9247,-85.4674,"2008-12-18","1",658,"ASHYG"
"380","DHJPAR0031324","ASHYG585-10","08-SRNP-38234","Arthropoda","Insecta","Hymenoptera","Braconidae","Microgastrinae","Hypomicrogaster","Hypomicrogaster Janzen06","BOLD:AAM5149","malaise-trapped",10.9247,-85.4674,"2008-12-18","1",658,"ASHYG"
"381","DHJPAR0031337","ASHYG598-10","08-SRNP-38247","Arthropoda","Insecta","Hymenoptera","Braconidae","Microgastrinae","Choeras","Choeras Whitfield04","BOLD:AFK6288","malaise-trapped",10.9247,-85.4674,"2008-12-18","1",658,"ASHYG"
"382","DHJPAR0031372","ASHYG633-10","08-SRNP-38282","Arthropoda","Insecta","Hymenoptera","Braconidae","Microgastrinae","Glyptapanteles","Glyptapanteles Whitfield267","BOLD:AAD9731","malaise-trapped",10.9277,-85.4745,"2008-12-18","1",658,"ASHYG"
"383","DHJPAR0031375","ASHYG636-10","08-SRNP-38285","Arthropoda","Insecta","Hymenoptera","Braconidae","Microgastrinae","Hypomicrogaster","Hypomicrogaster Janzen160","BOLD:AAM5150","malaise-trapped",10.9277,-85.4745,"2008-12-18","1",658,"ASHYG"
"384","DHJPAR0031378","ASHYG639-10","08-SRNP-38288","Arthropoda","Insecta","Hymenoptera","Braconidae","Microgastrinae","Dolichogenidea","Dolichogenidea Janzen5847","BOLD:AAM5847","malaise-trapped",10.9277,-85.4745,"2008-12-18","1",658,"ASHYG"
"385","DHJPAR0031380","ASHYG641-10","08-SRNP-38290","Arthropoda","Insecta","Hymenoptera","Braconidae","Microgastrinae","Apanteles","Apanteles Janzen21","BOLD:AAM5848","malaise-trapped",10.9277,-85.4745,"2008-12-18","1",658,"ASHYG"
"386","DHJPAR0031381","ASHYG642-10","08-SRNP-38291","Arthropoda","Insecta","Hymenoptera","Braconidae","Microgastrinae","Dolichogenidea","Dolichogenidea Janzen161","BOLD:AAI6323","malaise-trapped",10.9277,-85.4745,"2008-12-18","1",658,"ASHYG"
"387","DHJPAR0031384","ASHYG645-10","08-SRNP-38294","Arthropoda","Insecta","Hymenoptera","Braconidae","Microgastrinae","Promicrogaster","Promicrogaster Rodriguez267","BOLD:AAM5742","malaise-trapped",10.9277,-85.4745,"2008-12-18","1",658,"ASHYG"
"388","DHJPAR0031395","ASHYG656-10","08-SRNP-38305","Arthropoda","Insecta","Hymenoptera","Braconidae","Microgastrinae","Choeras","Choeras Whitfield04","BOLD:AFK6290","malaise-trapped",10.9277,-85.4745,"2008-12-18","1",658,"ASHYG"
"389","DHJPAR0031401","ASHYG662-10","08-SRNP-38311","Arthropoda","Insecta","Hymenoptera","Braconidae","Microgastrinae","Cotesia","Cotesia Whitfield98DHJ01","BOLD:ABZ7908","malaise-trapped",10.9277,-85.4745,"2008-12-18","1",623,"ASHYG"
"390","DHJPAR0031404","ASHYG665-10","08-SRNP-38314","Arthropoda","Insecta","Hymenoptera","Braconidae","Microgastrinae","Promicrogaster","Promicrogaster naomiduarteae","BOLD:AAM5743","malaise-trapped",10.9277,-85.4745,"2008-12-18","1",658,"ASHYG"
"391","DHJPAR0031431","ASHYG692-10","08-SRNP-38341","Arthropoda","Insecta","Hymenoptera","Braconidae","Microgastrinae","Promicrogaster","Promicrogaster leilycastilloae","BOLD:AAM9543","malaise-trapped",10.9277,-85.4745,"2008-12-18","1",658,"ASHYG"
"392","DHJPAR0031438","ASHYG699-10","08-SRNP-38348","Arthropoda","Insecta","Hymenoptera","Braconidae","Microgastrinae","Glyptapanteles","Glyptapanteles Whitfield284","BOLD:ACF4585","malaise-trapped",10.9333,-85.4573,"2008-12-18","1",658,"ASHYG"
"393","DHJPAR0031513","ASHYG774-10","08-SRNP-38423","Arthropoda","Insecta","Hymenoptera","Braconidae","Microgastrinae","Hypomicrogaster","Hypomicrogaster Whitfield36","BOLD:AAM5151","malaise-trapped",10.9333,-85.4573,"2008-12-18","1",658,"ASHYG"
"394","DHJPAR0031515","ASHYG776-10","08-SRNP-38425","Arthropoda","Insecta","Hymenoptera","Braconidae","Microgastrinae","Dolichogenidea","Dolichogenidea Janzen17","BOLD:AAL2277","malaise-trapped",10.9333,-85.4573,"2008-12-18","1",658,"ASHYG"
"395","DHJPAR0031522","ASHYG783-10","08-SRNP-38432","Arthropoda","Insecta","Hymenoptera","Braconidae","Microgastrinae","Dolichogenidea","Dolichogenidea Janzen67","BOLD:AAM5849","malaise-trapped",10.9333,-85.4573,"2008-12-18","1",658,"ASHYG"
"396","DHJPAR0031534","ASHYG795-10","08-SRNP-38444","Arthropoda","Insecta","Hymenoptera","Braconidae","Microgastrinae","Pseudapanteles","Pseudapanteles Janzen04","BOLD:AEO3327","malaise-trapped",10.9333,-85.4573,"2008-12-18","1",658,"ASHYG"
"397","DHJPAR0031546","ASHYG807-10","08-SRNP-38456","Arthropoda","Insecta","Hymenoptera","Braconidae","Microgastrinae","Glyptapanteles","Glyptapanteles Whitfield168","BOLD:AAM5227","malaise-trapped",10.9333,-85.4573,"2008-12-18","1",658,"ASHYG"
"398","DHJPAR0031550","ASHYG811-10","08-SRNP-38460","Arthropoda","Insecta","Hymenoptera","Braconidae","Microgastrinae","Glyptapanteles","Glyptapanteles Whitfield102","BOLD:AAM5228","malaise-trapped",10.9333,-85.4573,"2008-12-18","1",658,"ASHYG"
"399","DHJPAR0031589","ASHYG850-10","08-SRNP-76030","Arthropoda","Insecta","Hymenoptera","Braconidae","Microgastrinae","Glyptapanteles","Glyptapanteles Whitfield270","BOLD:AAM1086","malaise-trapped",10.8376,-85.6187,"2008-12-25","1",658,"ASHYG"
"400","DHJPAR0031597","ASHYG858-10","08-SRNP-76038","Arthropoda","Insecta","Hymenoptera","Braconidae","Microgastrinae","Apanteles","Apanteles Janzen25","BOLD:AAM5744","malaise-trapped",10.8376,-85.6187,"2008-12-25","1",658,"ASHYG"
"401","DHJPAR0031607","ASHYG868-10","08-SRNP-76048","Arthropoda","Insecta","Hymenoptera","Braconidae","Microgastrinae","Cotesia","Cotesia Whitfield81","BOLD:AAM5381","malaise-trapped",10.8376,-85.6187,"2008-12-25","1",658,"ASHYG"
"402","DHJPAR0031608","ASHYG869-10","08-SRNP-76049","Arthropoda","Insecta","Hymenoptera","Braconidae","Microgastrinae","Apanteles","Apanteles Janzen37","BOLD:AAM5745","malaise-trapped",10.8376,-85.6187,"2008-12-25","1",658,"ASHYG"
"403","DHJPAR0031610","ASHYG871-10","08-SRNP-76051","Arthropoda","Insecta","Hymenoptera","Braconidae","Microgastrinae","Fornicia","Fornicia Janzen03","BOLD:AAM5267","malaise-trapped",10.8376,-85.6187,"2008-12-25","1",658,"ASHYG"
"404","DHJPAR0031629","ASHYG890-10","08-SRNP-76070","Arthropoda","Insecta","Hymenoptera","Braconidae","Microgastrinae","Apanteles","Apanteles Rodriguez83","BOLD:AAK2074","malaise-trapped",10.8376,-85.6187,"2008-12-25","1",658,"ASHYG"
"405","DHJPAR0031634","ASHYG895-10","08-SRNP-76075","Arthropoda","Insecta","Hymenoptera","Braconidae","Microgastrinae","Snellenius","Snellenius mariakuzminae","BOLD:AAM5432","malaise-trapped",10.8376,-85.6187,"2008-12-25","1",658,"ASHYG"
"406","DHJPAR0031635","ASHYG896-10","08-SRNP-76076","Arthropoda","Insecta","Hymenoptera","Braconidae","Microgastrinae","Apanteles","Apanteles Rodriguez5747","BOLD:AAM5747","malaise-trapped",10.8376,-85.6187,"2008-12-25","1",658,"ASHYG"
"407","DHJPAR0031672","ASHYG933-10","08-SRNP-76113","Arthropoda","Insecta","Hymenoptera","Braconidae","Microgastrinae","Hypomicrogaster","Hypomicrogaster Whitfield02","BOLD:ACF2960","malaise-trapped",10.8376,-85.6187,"2008-12-25","1",658,"ASHYG"
"408","DHJPAR0031685","ASHYG946-10","08-SRNP-76126","Arthropoda","Insecta","Hymenoptera","Braconidae","Microgastrinae","Snellenius","Snellenius Whitfield19","BOLD:ACE6684","malaise-trapped",10.8376,-85.6187,"2008-12-25","1",658,"ASHYG"
"409","DHJPAR0031689","ASHYG950-10","08-SRNP-76130","Arthropoda","Insecta","Hymenoptera","Braconidae","Microgastrinae","Diolcogaster","Diolcogaster Choi65","BOLD:AAE8429","malaise-trapped",10.8376,-85.6187,"2008-12-25","1",658,"ASHYG"
"410","DHJPAR0031691","ASHYG952-10","08-SRNP-76132","Arthropoda","Insecta","Hymenoptera","Braconidae","Microgastrinae","Glyptapanteles","Glyptapanteles paulhansoni","BOLD:AAF8299","malaise-trapped",10.8376,-85.6187,"2008-12-25","1",658,"ASHYG"
"411","DHJPAR0031736","ASHYG997-10","08-SRNP-76177","Arthropoda","Insecta","Hymenoptera","Braconidae","Microgastrinae","Apanteles","Apanteles Janzen18","BOLD:AAM5749","malaise-trapped",10.8376,-85.6187,"2008-12-25","1",658,"ASHYG"
"412","CBG-A32136-A04","CRBTA26096-24","GMP#45299","Arthropoda","Insecta","Hymenoptera","Braconidae","Microgastrinae","Distatrix","Distatrix xanadon","BOLD:AAL2271","Malaise trap BT01A",10.90037,-85.37254,"2022-02-21","1",658,"CRBTA"
"413","CBG-A32688-A08","CRBTA28855-24","GMP#42921","Arthropoda","Insecta","Hymenoptera","Braconidae","Microgastrinae","Glyptapanteles","Glyptapanteles Malaise4688","BOLD:AEF4688","Malaise trap BT02A",10.90037,-85.37254,"2022-03-07","1",658,"CRBTA"
"414","CBG-A32660-E01","CRBTA35356-24","GMP#45307","Arthropoda","Insecta","Hymenoptera","Braconidae","Microgastrinae","Alphomelon","Alphomelon andydeansi","BOLD:ADJ6568","Malaise trap BT01A",10.90037,-85.37254,"2022-04-18","1",658,"CRBTA"
"415","CBG-A33108-F06","CRBTA45478-24","GMP#45311","Arthropoda","Insecta","Hymenoptera","Braconidae","Microgastrinae","","","BOLD:AFJ4258","Malaise trap BT01A",10.90037,-85.37254,"2022-05-16","1",658,"CRBTA"
"416","CBG-A33125-C04","CRBTA47475-24","GMP#45311","Arthropoda","Insecta","Hymenoptera","Braconidae","Microgastrinae","","","BOLD:AFX7630","Malaise trap BT01A",10.90037,-85.37254,"2022-05-16","1",657,"CRBTA"
"417","CBG-A33221-A05","CRBTB16776-24","GMP#44020","Arthropoda","Insecta","Hymenoptera","Braconidae","Microgastrinae","","","BOLD:AAA6775","Malaise trap BT02A",10.90037,-85.37254,"2022-08-15","1",658,"CRBTB"
"418","CBG-A31586-B07","CRBTB5096-24","GMP#42922","Arthropoda","Insecta","Hymenoptera","Braconidae","Microgastrinae","","","BOLD:AFF5095","Malaise trap BT02A",10.90037,-85.37254,"2022-03-14","1",658,"CRBTB"
"419","CBG-A32756-H02","CRBTB5974-24","GMP#42920","Arthropoda","Insecta","Hymenoptera","Braconidae","Microgastrinae","","","BOLD:AAL3681","Malaise trap BT02A",10.90037,-85.37254,"2022-02-28","1",658,"CRBTB"
"420","CBG-A33746-A06","CRBTE18997-24","GMP#50224","Arthropoda","Insecta","Hymenoptera","Braconidae","Microgastrinae","","","BOLD:ACE8823","Malaise trap BT01A",10.90037,-85.37254,"2022-10-31","1",658,"CRBTE"
"421","CBG-A34450-E04","CRBTE20848-24","GMP#50232","Arthropoda","Insecta","Hymenoptera","Braconidae","Microgastrinae","","","BOLD:AAB8584","Malaise trap BT01A",10.90037,-85.37254,"2022-12-26","1",658,"CRBTE"
"422","CBG-A14398-A06","CRCCA17305-23","GMP#29739","Arthropoda","Insecta","Hymenoptera","Braconidae","Microgastrinae","","","BOLD:AAL3684","Malaise trap Arenales-F",10.92471,-85.46738,"2019-11-06","1",658,"CRCCA"
"423","CBG-A12318-G05","CRCCA424-23","GMP#29707","Arthropoda","Insecta","Hymenoptera","Braconidae","Microgastrinae","","","BOLD:AGA4770","Malaise trap Arenales-F",10.92471,-85.46738,"2019-03-27","1",658,"CRCCA"
"424","CBG-A13451-G12","CRCCA4326-23","GMP#29711","Arthropoda","Insecta","Hymenoptera","Braconidae","Microgastrinae","","","BOLD:ADA9679","Malaise trap Arenales-F",10.92471,-85.46738,"2019-04-24","1",658,"CRCCA"
"425","CBG-A12319-C02","CRCCA468-23","GMP#29707","Arthropoda","Insecta","Hymenoptera","Braconidae","Microgastrinae","","","BOLD:AGA4724","Malaise trap Arenales-F",10.92471,-85.46738,"2019-03-27","1",658,"CRCCA"
"426","CBG-A06082-H08","CRCCB17090-23","GMP#29670","Arthropoda","Insecta","Hymenoptera","Braconidae","Microgastrinae","Glyptapanteles","Glyptapanteles Malaise7206","BOLD:AFI7206","Malaise trap Cima-G",10.933,-85.457,"2019-07-04","1",653,"CRCCB"
"427","CBG-A06834-B07","CRCCB22592-23","GMP#29690","Arthropoda","Insecta","Hymenoptera","Braconidae","Microgastrinae","","","BOLD:AFV2745","Malaise trap Cima-G",10.933,-85.457,"2019-11-21","1",658,"CRCCB"
"428","CBG-A06842-C12","CRCCB25291-23","GMP#29694","Arthropoda","Insecta","Hymenoptera","Braconidae","Microgastrinae","Hypomicrogaster","","BOLD:AEJ8971","Malaise trap Cima-G",10.933,-85.457,"2019-12-19","1",658,"CRCCB"
"429","CBG-A06130-E08","CRCCB27831-23","GMP#29686","Arthropoda","Insecta","Hymenoptera","Braconidae","Microgastrinae","Hypomicrogaster","Hypomicrogaster zonaria","BOLD:AFX9476","Malaise trap Cima-G",10.933,-85.457,"2019-10-24","1",658,"CRCCB"
"430","CBG-A34369-H11","CRCCB40162-24","GMP#29657","Arthropoda","Insecta","Hymenoptera","Braconidae","Microgastrinae","","","BOLD:AGA7827","Malaise trap Cima-G",10.93328,-85.45729,"2019-04-04","1",658,"CRCCB"
"431","CBG-A34392-B01","CRCCB48800-24","GMP#29664","Arthropoda","Insecta","Hymenoptera","Braconidae","Microgastrinae","","","BOLD:AFU1645","Malaise trap Cima-G",10.93328,-85.45729,"2019-05-23","1",658,"CRCCB"
"432","CBG-A04261-H09","CRCCB6101-23","GMP#29658","Arthropoda","Insecta","Hymenoptera","Braconidae","Microgastrinae","Dolichogenidea","Dolichogenidea Malaise7944","BOLD:AFI7944","Malaise trap Cima-G",10.933,-85.457,"2019-04-11","1",653,"CRCCB"
"433","CBG-A11406-G06","CRCCC1067-23","GMP#29838","Arthropoda","Insecta","Hymenoptera","Braconidae","Microgastrinae","Glyptapanteles","Glyptapanteles Malaise7938","BOLD:ADA7938","Malaise trap Circular-G",10.92714,-85.46683,"2019-03-27","1",658,"CRCCC"
"434","CBG-A12873-D09","CRCCC9159-23","GMP#29850","Arthropoda","Insecta","Hymenoptera","Braconidae","Microgastrinae","","","BOLD:AEO2163","Malaise trap Circular-G",10.92714,-85.46683,"2019-06-19","1",658,"CRCCC"
"435","CBG-A11994-C11","CRCCD049-23","GMP#29607","Arthropoda","Insecta","Hymenoptera","Braconidae","Microgastrinae","","","BOLD:AED0177","Malaise trap Gongora-G",10.88919,-85.47609,"2019-03-18","1",658,"CRCCD"
"436","CBG-A14274-F07","CRCCD10010-23","GMP#29644","Arthropoda","Insecta","Hymenoptera","Braconidae","Microgastrinae","microMalaise01","microMalaise01 Malaise5932","BOLD:AEZ5932","Malaise trap Gongora-G",10.88919,-85.47609,"2020-01-06","1",658,"CRCCD"
"437","CBG-A14275-B12","CRCCD10062-23","GMP#29644","Arthropoda","Insecta","Hymenoptera","Braconidae","Microgastrinae","","","BOLD:ADB5057","Malaise trap Gongora-G",10.88919,-85.47609,"2020-01-06","1",658,"CRCCD"
"438","CBG-A12005-C06","CRCCD1089-23","GMP#29607","Arthropoda","Insecta","Hymenoptera","Braconidae","Microgastrinae","Apanteles","Apanteles Malaise2941","BOLD:ADB2941","Malaise trap Gongora-G",10.88919,-85.47609,"2019-03-18","1",658,"CRCCD"
"439","CBG-A14280-F03","CRCCD12096-23","GMP#29648","Arthropoda","Insecta","Hymenoptera","Braconidae","Microgastrinae","Glyptapanteles","Glyptapanteles ilarisaaksjarvi","BOLD:AFO4569","Malaise trap Gongora-G",10.88919,-85.47609,"2020-02-03","1",651,"CRCCD"
"440","CBG-A11996-A10","CRCCD214-23","GMP#29607","Arthropoda","Insecta","Hymenoptera","Braconidae","Microgastrinae","","","BOLD:AGA4780","Malaise trap Gongora-G",10.88919,-85.47609,"2019-03-18","1",658,"CRCCD"
"441","CBG-A13784-H05","CRCCD2573-23","GMP#29615","Arthropoda","Insecta","Hymenoptera","Braconidae","Microgastrinae","","","BOLD:AAK1628","Malaise trap Gongora-G",10.88919,-85.47609,"2019-05-13","1",658,"CRCCD"
"442","CBG-A13788-H08","CRCCD2956-23","GMP#29615","Arthropoda","Insecta","Hymenoptera","Braconidae","Microgastrinae","Apanteles","Apanteles Malaise2892","BOLD:ADB2892","Malaise trap Gongora-G",10.88919,-85.47609,"2019-05-13","1",658,"CRCCD"
"443","CBG-A13799-G12","CRCCD3993-23","GMP#29615","Arthropoda","Insecta","Hymenoptera","Braconidae","Microgastrinae","Clarkinella","Clarkinella Fernandez126","BOLD:ADB3088","Malaise trap Gongora-G",10.88919,-85.47609,"2019-05-13","1",658,"CRCCD"
"444","CBG-A11999-B03","CRCCD504-23","GMP#29607","Arthropoda","Insecta","Hymenoptera","Braconidae","Microgastrinae","Dolichogenidea","","BOLD:AEF2167","Malaise trap Gongora-G",10.88919,-85.47609,"2019-03-18","1",658,"CRCCD"
"445","CBG-A13825-F08","CRCCD6352-23","GMP#29642","Arthropoda","Insecta","Hymenoptera","Braconidae","Microgastrinae","","","BOLD:ACL0795","Malaise trap Gongora-G",10.88919,-85.47609,"2019-12-23","1",658,"CRCCD"
"446","CBG-A13412-B11","CRCCD7579-23","GMP#29609","Arthropoda","Insecta","Hymenoptera","Braconidae","Microgastrinae","","","BOLD:AEM5779","Malaise trap Gongora-G",10.88919,-85.47609,"2019-04-01","1",661,"CRCCD"
"447","CBG-A08856-G02","CRCCE074-23","GMP#29505","Arthropoda","Insecta","Hymenoptera","Braconidae","Microgastrinae","Apanteles","Apanteles Janzen0422","BOLD:AAW0422","Malaise trap Harold-G",10.90475,-85.46803,"2019-03-18","1",658,"CRCCE"
"448","CBG-A11968-A07","CRCCE14257-23","GMP#29522","Arthropoda","Insecta","Hymenoptera","Braconidae","Microgastrinae","Apanteles","","BOLD:ADD0319","Malaise trap Harold-G",10.90475,-85.46803,"2019-08-05","1",658,"CRCCE"
"449","CBG-A08882-E09","CRCCE2337-23","GMP#29509","Arthropoda","Insecta","Hymenoptera","Braconidae","Microgastrinae","Sendaphne","Sendaphne Malaise3510","BOLD:AEG3510","Malaise trap Harold-G",10.90475,-85.46803,"2019-04-15","1",658,"CRCCE"
"450","CBG-A11852-D05","CRCCE2986-23","GMP#29509","Arthropoda","Insecta","Hymenoptera","Braconidae","Microgastrinae","Parapanteles","","BOLD:AEK5130","Malaise trap Harold-G",10.90475,-85.46803,"2019-04-15","1",658,"CRCCE"
"451","CBG-A07212-C09","CRCCF1035-23","GMP#29764","Arthropoda","Insecta","Hymenoptera","Braconidae","Microgastrinae","microMalaise01","microMalaise01 Malaise9467","BOLD:AES9467","Malaise trap Pedregal-G",10.928,-85.474,"2019-04-24","1",658,"CRCCF"
"452","CBG-A05357-B04","CRCCF111-23","GMP#29760","Arthropoda","Insecta","Hymenoptera","Braconidae","Microgastrinae","","","BOLD:AFV3079","Malaise trap Pedregal-G",10.928,-85.474,"2019-03-27","1",658,"CRCCF"
"453","CBG-A07216-G01","CRCCF1455-23","GMP#29764","Arthropoda","Insecta","Hymenoptera","Braconidae","Microgastrinae","","","BOLD:AFX9998","Malaise trap Pedregal-G",10.928,-85.474,"2019-04-24","1",658,"CRCCF"
"454","CBG-A17233-B06","CRCCF15563-23","GMP#29770","Arthropoda","Insecta","Hymenoptera","Braconidae","Microgastrinae","Promicrogaster","Promicrogaster Malaise6422","BOLD:AED6422","Malaise trap Pedregal-G",10.92767,-85.47449,"2019-06-05","1",658,"CRCCF"
"455","CBG-A17223-E09","CRCCF21112-23","GMP#29790","Arthropoda","Insecta","Hymenoptera","Braconidae","Microgastrinae","Dolichogenidea","Dolichogenidea Janzen312","BOLD:ABA7252","Malaise trap Pedregal-G",10.92767,-85.47449,"2019-10-23","1",658,"CRCCF"
"456","CBG-A17268-D07","CRCCF23853-23","GMP#29794","Arthropoda","Insecta","Hymenoptera","Braconidae","Microgastrinae","Hypomicrogaster","Hypomicrogaster Malaise3839","BOLD:AFX7655","Malaise trap Pedregal-G",10.92767,-85.47449,"2019-11-20","1",658,"CRCCF"
"457","CBG-A19099-D08","CRCCF26134-23","GMP#29802","Arthropoda","Insecta","Hymenoptera","Braconidae","Microgastrinae","Dolichogenidea","Dolichogenidea Malaise6290","BOLD:AFX7647","Malaise trap Pedregal-G",10.92767,-85.47449,"2020-01-15","1",658,"CRCCF"
"458","CBG-A07206-A08","CRCCF264-23","GMP#29760","Arthropoda","Insecta","Hymenoptera","Braconidae","Microgastrinae","","","BOLD:AFY3133","Malaise trap Pedregal-G",10.928,-85.474,"2019-03-27","1",658,"CRCCF"
"459","CBG-A07245-G01","CRCCF4374-23","GMP#29772","Arthropoda","Insecta","Hymenoptera","Braconidae","Microgastrinae","","","BOLD:AFY3863","Malaise trap Pedregal-G",10.928,-85.474,"2019-06-19","1",658,"CRCCF"
"460","CBG-A05676-A09","CRCCF7038-23","GMP#29788","Arthropoda","Insecta","Hymenoptera","Braconidae","Microgastrinae","Apanteles","","BOLD:AEP1950","Malaise trap Pedregal-G",10.928,-85.474,"2019-10-09","1",657,"CRCCF"
"461","CBG-A05677-E05","CRCCF7177-23","GMP#29788","Arthropoda","Insecta","Hymenoptera","Braconidae","Microgastrinae","","","BOLD:AEF7307","Malaise trap Pedregal-G",10.928,-85.474,"2019-10-09","1",658,"CRCCF"
"462","CBG-A32567-A02","CRLDA10167-24","GMP#50392","Arthropoda","Insecta","Hymenoptera","Braconidae","Microgastrinae","","","BOLD:AAB9626","Malaise trap LDR-1A",10.8930855,-85.3794,"2023-04-25","1",658,"CRLDA"
"463","CBG-A32570-C07","CRLDA10481-24","GMP#50392","Arthropoda","Insecta","Hymenoptera","Braconidae","Microgastrinae","Glyptapanteles","","BOLD:AAF8353","Malaise trap LDR-1A",10.8930855,-85.3794,"2023-04-25","1",658,"CRLDA"
"464","CBG-A32577-B03","CRLDA11130-24","GMP#50392","Arthropoda","Insecta","Hymenoptera","Braconidae","Microgastrinae","","","BOLD:AFX7633","Malaise trap LDR-1A",10.8930855,-85.3794,"2023-04-25","1",658,"CRLDA"
"465","CBG-A32580-G06","CRLDA11478-24","GMP#50396","Arthropoda","Insecta","Hymenoptera","Braconidae","Microgastrinae","","","BOLD:AAE1352","Malaise trap LDR-1A",10.8930855,-85.3794,"2023-05-23","1",658,"CRLDA"
"466","CBG-A32581-B02","CRLDA11509-24","GMP#50396","Arthropoda","Insecta","Hymenoptera","Braconidae","Microgastrinae","","","BOLD:AAC5219","Malaise trap LDR-1A",10.8930855,-85.3794,"2023-05-23","1",658,"CRLDA"
"467","CBG-A32584-B11","CRLDA11803-24","GMP#50396","Arthropoda","Insecta","Hymenoptera","Braconidae","Microgastrinae","","","BOLD:AFX7631","Malaise trap LDR-1A",10.8930855,-85.3794,"2023-05-23","1",658,"CRLDA"
"468","CBG-A32584-H04","CRLDA11868-24","GMP#50396","Arthropoda","Insecta","Hymenoptera","Braconidae","Microgastrinae","","","BOLD:AAM1048","Malaise trap LDR-1A",10.8930855,-85.3794,"2023-05-23","1",658,"CRLDA"
"469","CBG-A32587-H10","CRLDA12634-24","GMP#50396","Arthropoda","Insecta","Hymenoptera","Braconidae","Microgastrinae","","","BOLD:AFF5198","Malaise trap LDR-1A",10.8930855,-85.3794,"2023-05-23","1",658,"CRLDA"
"470","CBG-A32591-F01","CRLDA13456-24","GMP#50398","Arthropoda","Insecta","Hymenoptera","Braconidae","Microgastrinae","","","BOLD:AAH7528","Malaise trap LDR-1A",10.8930855,-85.3794,"2023-06-06","1",658,"CRLDA"
"471","CBG-A32594-B08","CRLDA13700-24","GMP#50398","Arthropoda","Insecta","Hymenoptera","Braconidae","Microgastrinae","","","BOLD:AER7450","Malaise trap LDR-1A",10.8930855,-85.3794,"2023-06-06","1",658,"CRLDA"
"472","CBG-A32595-C11","CRLDA13810-24","GMP#50398","Arthropoda","Insecta","Hymenoptera","Braconidae","Microgastrinae","","","BOLD:ABY3502","Malaise trap LDR-1A",10.8930855,-85.3794,"2023-06-06","1",658,"CRLDA"
"473","CBG-A30899-A12","CRLDA1437-24","GMP#50388","Arthropoda","Insecta","Hymenoptera","Braconidae","Microgastrinae","Glyptapanteles","Glyptapanteles Janzen04","BOLD:AAW4505","Malaise trap LDR-1A",10.8930855,-85.3794,"2023-03-28","1",658,"CRLDA"
"474","CBG-A27335-B02","CRLDA14549-24","GMP#50400","Arthropoda","Insecta","Hymenoptera","Braconidae","Microgastrinae","","","BOLD:ABW5846","Malaise trap LDR-1A",10.8930855,-85.3794,"2023-06-20","1",658,"CRLDA"
"475","CBG-A30899-C10","CRLDA1459-24","GMP#50388","Arthropoda","Insecta","Hymenoptera","Braconidae","Microgastrinae","Diolcogaster","Diolcogaster Choi73","BOLD:AAJ0004","Malaise trap LDR-1A",10.8930855,-85.3794,"2023-03-28","1",658,"CRLDA"
"476","CBG-A27342-B12","CRLDA15224-24","GMP#50400","Arthropoda","Insecta","Hymenoptera","Braconidae","Microgastrinae","Apanteles","","BOLD:ACF3142","Malaise trap LDR-1A",10.8930855,-85.3794,"2023-06-20","1",658,"CRLDA"
"477","CBG-A27343-E02","CRLDA15345-24","GMP#50400","Arthropoda","Insecta","Hymenoptera","Braconidae","Microgastrinae","","","BOLD:AAE9335","Malaise trap LDR-1A",10.8930855,-85.3794,"2023-06-20","1",658,"CRLDA"
"478","CBG-A27348-F07","CRLDA15837-24","GMP#50400","Arthropoda","Insecta","Hymenoptera","Braconidae","Microgastrinae","","","BOLD:ABU7420","Malaise trap LDR-1A",10.8930855,-85.3794,"2023-06-20","1",658,"CRLDA"
"479","CBG-A33523-H06","CRLDA15955-24","GMP#50398","Arthropoda","Insecta","Hymenoptera","Braconidae","Microgastrinae","","","BOLD:AFX7650","Malaise trap LDR-1A",10.8930855,-85.3794,"2023-06-06","1",658,"CRLDA"
"480","CBG-A33531-F07","CRLDA16692-24","GMP#50398","Arthropoda","Insecta","Hymenoptera","Braconidae","Microgastrinae","Hypomicrogaster","","BOLD:ABA7260","Malaise trap LDR-1A",10.8930855,-85.3794,"2023-06-06","1",658,"CRLDA"
"481","CBG-A27351-C07","CRLDA17131-24","GMP#50400","Arthropoda","Insecta","Hymenoptera","Braconidae","Microgastrinae","","","BOLD:AES8341","Malaise trap LDR-1A",10.8930855,-85.3794,"2023-06-20","1",658,"CRLDA"
"482","CBG-A27351-G06","CRLDA17178-24","GMP#50400","Arthropoda","Insecta","Hymenoptera","Braconidae","Microgastrinae","","","BOLD:ACE9199","Malaise trap LDR-1A",10.8930855,-85.3794,"2023-06-20","1",658,"CRLDA"
"483","CBG-A27356-D01","CRLDA17612-24","GMP#50400","Arthropoda","Insecta","Hymenoptera","Braconidae","Microgastrinae","","","BOLD:AFX7635","Malaise trap LDR-1A",10.8930855,-85.3794,"2023-06-20","1",658,"CRLDA"
"484","CBG-A14971-C10","CRLDA18369-24","GMP#50402","Arthropoda","Insecta","Hymenoptera","Braconidae","Microgastrinae","","","BOLD:ACV4289","Malaise trap LDR-1A",10.8930855,-85.3794,"2023-07-04","1",658,"CRLDA"
"485","CBG-A33537-C04","CRLDA18553-24","GMP#50402","Arthropoda","Insecta","Hymenoptera","Braconidae","Microgastrinae","Apanteles","","BOLD:AAF8074","Malaise trap LDR-1A",10.8930855,-85.3794,"2023-07-04","1",658,"CRLDA"
"486","CBG-A33541-A02","CRLDA18907-24","GMP#50402","Arthropoda","Insecta","Hymenoptera","Braconidae","Microgastrinae","","","BOLD:ACE8845","Malaise trap LDR-1A",10.8930855,-85.3794,"2023-07-04","1",658,"CRLDA"
"487","CBG-A33556-B03","CRLDA20820-24","GMP#50404","Arthropoda","Insecta","Hymenoptera","Braconidae","Microgastrinae","","","BOLD:AEM0782","Malaise trap LDR-1A",10.8930855,-85.3794,"2023-07-18","1",658,"CRLDA"
"488","CBG-A30906-E06","CRLDA2144-24","GMP#50388","Arthropoda","Insecta","Hymenoptera","Braconidae","Microgastrinae","Pseudapanteles","Pseudapanteles Malaise2374","BOLD:AEU2374","Malaise trap LDR-1A",10.8930855,-85.3794,"2023-03-28","1",658,"CRLDA"
"489","CBG-A27305-A07","CRLDA2192-24","GMP#50388","Arthropoda","Insecta","Hymenoptera","Braconidae","Microgastrinae","Glyptapanteles","Glyptapanteles Janzen13","BOLD:ABZ9375","Malaise trap LDR-1A",10.8930855,-85.3794,"2023-03-28","1",658,"CRLDA"
"490","CBG-A27372-D12","CRLDA22468-24","GMP#50406","Arthropoda","Insecta","Hymenoptera","Braconidae","Microgastrinae","","","BOLD:AAB2976","Malaise trap LDR-1A",10.8930855,-85.3794,"2023-08-01","1",658,"CRLDA"
"491","CBG-A33572-E08","CRLDA24851-24","GMP#50408","Arthropoda","Insecta","Hymenoptera","Braconidae","Microgastrinae","","","BOLD:AAA7376","Malaise trap LDR-1A",10.8930855,-85.3794,"2023-08-15","1",658,"CRLDA"
"492","CBG-A33576-B11","CRLDA25198-24","GMP#50408","Arthropoda","Insecta","Hymenoptera","Braconidae","Microgastrinae","","","BOLD:ACM9409","Malaise trap LDR-1A",10.8930855,-85.3794,"2023-08-15","1",658,"CRLDA"
"493","CBG-A33577-E07","CRLDA25325-24","GMP#50408","Arthropoda","Insecta","Hymenoptera","Braconidae","Microgastrinae","","","BOLD:ABA3469","Malaise trap LDR-1A",10.8930855,-85.3794,"2023-08-15","1",658,"CRLDA"
"494","CBG-A33591-E02","CRLDA27695-24","GMP#50389","Arthropoda","Insecta","Hymenoptera","Braconidae","Microgastrinae","","","BOLD:AAF4784","Malaise trap LDR-1A",10.8930855,-85.3794,"2023-04-04","1",658,"CRLDA"
"495","CBG-A33595-E04","CRLDA28837-24","GMP#50389","Arthropoda","Insecta","Hymenoptera","Braconidae","Microgastrinae","","","BOLD:AFU8933","Malaise trap LDR-1A",10.8930855,-85.3794,"2023-04-04","1",658,"CRLDA"
"496","CBG-A33597-A06","CRLDA28981-24","GMP#50389","Arthropoda","Insecta","Hymenoptera","Braconidae","Microgastrinae","","","BOLD:AAA7259","Malaise trap LDR-1A",10.8930855,-85.3794,"2023-04-04","1",658,"CRLDA"
"497","CBG-A33603-D06","CRLDA29587-24","GMP#50389","Arthropoda","Insecta","Hymenoptera","Braconidae","Microgastrinae","","","BOLD:AFY1763","Malaise trap LDR-1A",10.8930855,-85.3794,"2023-04-04","1",657,"CRLDA"
"498","CBG-A33604-C04","CRLDA29668-24","GMP#50389","Arthropoda","Insecta","Hymenoptera","Braconidae","Microgastrinae","","","BOLD:AFE5933","Malaise trap LDR-1A",10.8930855,-85.3794,"2023-04-04","1",667,"CRLDA"
"499","CBG-A34217-D04","CRLDA31010-24","GMP#50387","Arthropoda","Insecta","Hymenoptera","Braconidae","Microgastrinae","","","BOLD:AAB9519","Malaise trap LDR-1A",10.8930855,-85.3794,"2023-03-21","1",658,"CRLDA"
"500","CBG-A34226-C01","CRLDA31850-24","GMP#50387","Arthropoda","Insecta","Hymenoptera","Braconidae","Microgastrinae","","","BOLD:ABX6174","Malaise trap LDR-1A",10.8930855,-85.3794,"2023-03-21","1",658,"CRLDA"
"501","CBG-A34236-H07","CRLDA34956-24","GMP#50387","Arthropoda","Insecta","Hymenoptera","Braconidae","Microgastrinae","","","BOLD:AGB0754","Malaise trap LDR-1A",10.8930855,-85.3794,"2023-03-21","1",658,"CRLDA"
"502","CBG-A34572-C07","CRLDA35846-24","GMP#50391","Arthropoda","Insecta","Hymenoptera","Braconidae","Microgastrinae","","","BOLD:AFY4403","Malaise trap LDR-1A",10.8930855,-85.3794,"2023-04-18","1",658,"CRLDA"
"503","CBG-A32522-G04","CRLDA3591-24","GMP#50386","Arthropoda","Insecta","Hymenoptera","Braconidae","Microgastrinae","Apanteles","Apanteles edithlopezae","BOLD:AAM1056","Malaise trap LDR-1A",10.8930855,-85.3794,"2023-03-14","1",658,"CRLDA"
"504","CBG-A34706-B04","CRLDA36401-24","GMP#50393","Arthropoda","Insecta","Hymenoptera","Braconidae","Microgastrinae","","","BOLD:AAA3229","Malaise trap LDR-1A",10.8930855,-85.3794,"2023-05-02","1",658,"CRLDA"
"505","CBG-A34709-F09","CRLDA36739-24","GMP#50393","Arthropoda","Insecta","Hymenoptera","Braconidae","Microgastrinae","","","BOLD:ACE6407","Malaise trap LDR-1A",10.8930855,-85.3794,"2023-05-02","1",658,"CRLDA"
"506","CBG-A34712-D08","CRLDA37569-24","GMP#50393","Arthropoda","Insecta","Hymenoptera","Braconidae","Microgastrinae","","","BOLD:AFY2071","Malaise trap LDR-1A",10.8930855,-85.3794,"2023-05-02","1",658,"CRLDA"
"507","CBG-A34714-G06","CRLDA37793-24","GMP#50393","Arthropoda","Insecta","Hymenoptera","Braconidae","Microgastrinae","","","BOLD:AGA6060","Malaise trap LDR-1A",10.8930855,-85.3794,"2023-05-02","1",658,"CRLDA"
"508","CBG-A34718-D06","CRLDA38137-24","GMP#50393","Arthropoda","Insecta","Hymenoptera","Braconidae","Microgastrinae","","","BOLD:AAY4695","Malaise trap LDR-1A",10.8930855,-85.3794,"2023-05-02","1",658,"CRLDA"
"509","CBG-A34583-C07","CRLDA39266-24","GMP#50391","Arthropoda","Insecta","Hymenoptera","Braconidae","Microgastrinae","Apanteles","Apanteles deifiliadavilae","BOLD:AAJ1402","Malaise trap LDR-1A",10.8930855,-85.3794,"2023-04-18","1",658,"CRLDA"
"510","CBG-A34732-F02","CRLDA44617-24","GMP#50399","Arthropoda","Insecta","Hymenoptera","Braconidae","Microgastrinae","Diolcogaster","Diolcogaster Choi64","BOLD:AAK7552","Malaise trap LDR-1A",10.8930855,-85.3794,"2023-06-13","1",658,"CRLDA"
"511","CBG-A34737-F11","CRLDA45101-24","GMP#50399","Arthropoda","Insecta","Hymenoptera","Braconidae","Microgastrinae","","","BOLD:AFW1565","Malaise trap LDR-1A",10.8930855,-85.3794,"2023-06-13","1",658,"CRLDA"
"512","CBG-A34267-G05","CRLDA45677-24","GMP#50401","Arthropoda","Insecta","Hymenoptera","Braconidae","Microgastrinae","Dolichogenidea","Dolichogenidea Janzen62","BOLD:ACI3413","Malaise trap LDR-1A",10.8930855,-85.3794,"2023-06-27","1",658,"CRLDA"
"513","CBG-A32538-C08","CRLDA5067-24","GMP#50390","Arthropoda","Insecta","Hymenoptera","Braconidae","Microgastrinae","Glyptapanteles","Glyptapanteles Janzen24","BOLD:ACM2107","Malaise trap LDR-1A",10.8930855,-85.3794,"2023-04-11","1",658,"CRLDA"
"514","CBG-A32552-C07","CRLDA6681-24","GMP#50390","Arthropoda","Insecta","Hymenoptera","Braconidae","Microgastrinae","Apanteles","Apanteles keineraragoni","BOLD:AAY4689","Malaise trap LDR-1A",10.8930855,-85.3794,"2023-04-11","1",658,"CRLDA"
"515","CBG-A27318-G08","CRLDA9295-24","GMP#50394","Arthropoda","Insecta","Hymenoptera","Braconidae","Microgastrinae","","","BOLD:AAD1415","Malaise trap LDR-1A",10.8930855,-85.3794,"2023-05-09","1",658,"CRLDA"
"516","CBG-A27320-B03","CRLDA9420-24","GMP#50394","Arthropoda","Insecta","Hymenoptera","Braconidae","Microgastrinae","","","BOLD:AFH7818","Malaise trap LDR-1A",10.8930855,-85.3794,"2023-05-09","1",658,"CRLDA"
"517","CBG-A27320-D04","CRLDA9445-24","GMP#50394","Arthropoda","Insecta","Hymenoptera","Braconidae","Microgastrinae","","","BOLD:AEU9888","Malaise trap LDR-1A",10.8930855,-85.3794,"2023-05-09","1",658,"CRLDA"
"518","CBG-A33605-A10","CRLDB12265-24","GMP#50375","Arthropoda","Insecta","Hymenoptera","Braconidae","Microgastrinae","Apanteles","","BOLD:AAJ1383","Malaise trap LDR-3A",10.8930855,-85.3794,"2023-06-13","1",658,"CRLDB"
"519","CBG-A35804-D01","CRLDC1462-24","GMP#50401","Arthropoda","Insecta","Hymenoptera","Braconidae","Microgastrinae","Hypomicrogaster","Hypomicrogaster Janzen11","BOLD:ABZ4093","Malaise trap LDR-1A",10.8930855,-85.3794,"2023-06-27","1",658,"CRLDC"
"520","CBG-A34608-C02","CRLDC2140-24","GMP#50405","Arthropoda","Insecta","Hymenoptera","Braconidae","Microgastrinae","Diolcogaster","","BOLD:ACY9397","Malaise trap LDR-1A",10.8930855,-85.3794,"2023-07-25","1",657,"CRLDC"
"521","CBG-A34755-G03","CRLDC265-24","GMP#50403","Arthropoda","Insecta","Hymenoptera","Braconidae","Microgastrinae","Apanteles","","BOLD:ACF1627","Malaise trap LDR-1A",10.8930855,-85.3794,"2023-07-11","1",658,"CRLDC"
"522","CBG-A36463-E09","CRLDC7301-24","GMP#50407","Arthropoda","Insecta","Hymenoptera","Braconidae","Microgastrinae","Dolichogenidea","","BOLD:AGB7761","Malaise trap LDR-1A",10.8930855,-85.3794,"2023-08-08","1",658,"CRLDC"
"523","CBG-A36253-B01","CRLDC9537-24","GMP#50409","Arthropoda","Insecta","Hymenoptera","Braconidae","Microgastrinae","","","BOLD:AAB0787","Malaise trap LDR-1A",10.8930855,-85.3794,"2023-08-22","1",658,"CRLDC"
"524","CBG-A34506-A05","CRLSB15076-24","GMP#45603","Arthropoda","Insecta","Hymenoptera","Braconidae","Microgastrinae","","","BOLD:AAA1634","Malaise trap LuzSol-B",10.83764,-85.61871,"2022-08-18","1",658,"CRLSB"
"525","CBG-A32984-A10","CRMBA11164-24","GMP#50422","Arthropoda","Insecta","Hymenoptera","Braconidae","Microgastrinae","","","BOLD:AGB0792","Malaise trap MBT-1",10.55173,-85.42575,"2023-06-16","1",658,"CRMBA"
"526","CBG-A33684-F12","CRMBA25497-24","GMP#50411","Arthropoda","Insecta","Hymenoptera","Braconidae","Microgastrinae","","","BOLD:ACL4489","Malaise trap MBT-1",10.55173,-85.42575,"2023-03-31","1",658,"CRMBA"
"527","CBG-A35302-B11","CRMBA33998-24","GMP#50420","Arthropoda","Insecta","Hymenoptera","Braconidae","Microgastrinae","","","BOLD:AGG1770","Malaise trap MBT-1",10.55173,-85.42575,"2023-06-09","1",658,"CRMBA"
"528","CBG-A36878-A01","CRMBA47334-24","GMP#50433","Arthropoda","Insecta","Hymenoptera","Braconidae","Microgastrinae","","","BOLD:ABA0192","Malaise trap MBT-1",10.55173,-85.42575,"2023-09-15","1",658,"CRMBA"
"529","CBG-A32942-F12","CRMBA6191-24","GMP#50417","Arthropoda","Insecta","Hymenoptera","Braconidae","Microgastrinae","Dolichogenidea","Dolichogenidea Malaise2942","BOLD:AFX7634","Malaise trap MBT-1",10.55173,-85.42575,"2023-05-19","1",658,"CRMBA"
"530","CBG-A41708-B01","CRMLA2215-24","GMP#25094","Arthropoda","Insecta","Hymenoptera","Braconidae","Microgastrinae","","","BOLD:AEF3782","Malaise trap SMNPL07_9-A",10.771277,-85.36083,"2017-05-01","1",658,"CRMLA"
"531","CBG-A43352-B07","CRMLA7768-24","GMP#25118","Arthropoda","Insecta","Hymenoptera","Braconidae","Microgastrinae","","","BOLD:AEB7445","Malaise trap SMNPL07_9-A",10.771277,-85.36083,"2017-10-16","1",658,"CRMLA"
"532","CBG-A43372-A04","CRMLA9653-24","GMP#25130","Arthropoda","Insecta","Hymenoptera","Braconidae","Microgastrinae","","","BOLD:AAV2052","Malaise trap SMNPL07_9-A",10.771277,-85.36083,"2018-01-08","1",658,"CRMLA"
"533","CBG-A40913-F09","CRMLC354-24","GMP#23570","Arthropoda","Insecta","Hymenoptera","Braconidae","Microgastrinae","","","BOLD:ADB2009","Malaise trap SMNPL07_13-A",10.768084,-85.35934,"2017-04-03","1",658,"CRMLC"
"534","CBG-A40917-C04","CRMLC749-24","GMP#23570","Arthropoda","Insecta","Hymenoptera","Braconidae","Microgastrinae","","","BOLD:AAE2842","Malaise trap SMNPL07_13-A",10.768084,-85.35934,"2017-04-03","1",658,"CRMLC"
"535","CBG-A41366-F09","CRMLC7594-24","GMP#23618","Arthropoda","Insecta","Hymenoptera","Braconidae","Microgastrinae","","","BOLD:AAE6754","Malaise trap SMNPL07_13-A",10.768084,-85.35934,"2018-03-05","1",658,"CRMLC"
"536","CBG-A41072-B05","CRMLE017-24","GMP#25245","Arthropoda","Insecta","Hymenoptera","Braconidae","Microgastrinae","","","BOLD:ABX5984","Malaise trap SMNPL07_8-A",10.771472,-85.361115,"2017-04-03","1",658,"CRMLE"
"537","CBG-A43105-H06","CRMLE1705-24","GMP#25253","Arthropoda","Insecta","Hymenoptera","Braconidae","Microgastrinae","","","BOLD:AGD6582","Malaise trap SMNPL07_8-A",10.771472,-85.361115,"2017-05-29","1",658,"CRMLE"
"538","CBG-A43127-E04","CRMLE2902-24","GMP#25261","Arthropoda","Insecta","Hymenoptera","Braconidae","Microgastrinae","Glyptapanteles","","BOLD:AAI7301","Malaise trap SMNPL07_8-A",10.771472,-85.361115,"2017-07-24","1",658,"CRMLE"
"539","CBG-A43144-A09","CRMLE5896-24","GMP#25285","Arthropoda","Insecta","Hymenoptera","Braconidae","Microgastrinae","","","BOLD:AAX2065","Malaise trap SMNPL07_8-A",10.771472,-85.361115,"2018-01-08","1",658,"CRMLE"
"540","CBG-A41079-C11","CRMLE700-24","GMP#25249","Arthropoda","Insecta","Hymenoptera","Braconidae","Microgastrinae","","","BOLD:AEC6850","Malaise trap SMNPL07_8-A",10.771472,-85.361115,"2017-05-01","1",658,"CRMLE"
"541","CBG-A39810-A03","CRMLG3681-24","GMP#23466","Arthropoda","Insecta","Hymenoptera","Braconidae","Microgastrinae","","","BOLD:AED0267","Malaise trap SMNPL07_11-A",10.771667,-85.35975,"2017-04-03","1",658,"CRMLG"
"542","CBG-A41501-H05","CRMLG4990-24","GMP#23498","Arthropoda","Insecta","Hymenoptera","Braconidae","Microgastrinae","","","BOLD:AAC3394","Malaise trap SMNPL07_11-A",10.771667,-85.35975,"2017-11-13","1",658,"CRMLG"
"543","CBG-A41528-D07","CRMLG8781-24","GMP#23514","Arthropoda","Insecta","Hymenoptera","Braconidae","Microgastrinae","","","BOLD:ADA9656","Malaise trap SMNPL07_11-A",10.771667,-85.35975,"2018-03-05","1",658,"CRMLG"
"544","CBG-A41535-A11","CRMLG9414-24","GMP#23514","Arthropoda","Insecta","Hymenoptera","Braconidae","Microgastrinae","","","BOLD:AGF3552","Malaise trap SMNPL07_11-A",10.771667,-85.35975,"2018-03-05","1",658,"CRMLG"
"545","CBG-A40463-D11","CRMLH107-24","GMP#23678","Arthropoda","Insecta","Hymenoptera","Braconidae","Microgastrinae","","","BOLD:ADB7955","Malaise trap SMNPL07_14-A",10.768194,-85.360306,"2017-05-01","1",658,"CRMLH"
"546","CBG-A40463-F12","CRMLH132-24","GMP#23678","Arthropoda","Insecta","Hymenoptera","Braconidae","Microgastrinae","","","BOLD:ADB3040","Malaise trap SMNPL07_14-A",10.768194,-85.360306,"2017-05-01","1",658,"CRMLH"
"547","CBG-A40963-H01","CRMLI1415-24","GMP#23626","Arthropoda","Insecta","Hymenoptera","Braconidae","Microgastrinae","","","BOLD:AAE3605","Malaise trap SMNPL07_15-A",10.76825,-85.361305,"2017-05-01","1",658,"CRMLI"
"548","CBG-A41374-F12","CRMLI6399-24","GMP#23638","Arthropoda","Insecta","Hymenoptera","Braconidae","Microgastrinae","","","BOLD:AGF3891","Malaise trap SMNPL07_15-A",10.76825,-85.361305,"2017-07-24","1",658,"CRMLI"
"549","CBG-A41374-G10","CRMLI6409-24","GMP#23638","Arthropoda","Insecta","Hymenoptera","Braconidae","Microgastrinae","","","BOLD:AGF3892","Malaise trap SMNPL07_15-A",10.76825,-85.361305,"2017-07-24","1",658,"CRMLI"
"550","CBG-A42917-H02","CRMNB1386-24","GMP#25217","Arthropoda","Insecta","Hymenoptera","Braconidae","Microgastrinae","","","BOLD:ADW7655","Malaise trap SMNR4-A",10.761833,-85.3922,"2017-07-31","1",658,"CRMNB"
"551","CBG-A41416-B03","CRMNB3128-24","GMP#25229","Arthropoda","Insecta","Hymenoptera","Braconidae","Microgastrinae","","","BOLD:ACL1263","Malaise trap SMNR4-A",10.761833,-85.3922,"2017-10-23","1",658,"CRMNB"
"552","CBG-A42903-E08","CRMNB5354-24","GMP#25205","Arthropoda","Insecta","Hymenoptera","Braconidae","Microgastrinae","","","BOLD:ADX5743","Malaise trap SMNR4-A",10.761833,-85.3922,"2017-05-08","1",658,"CRMNB"
"553","CBG-A41581-C02","CRMNE3283-24","GMP#25141","Arthropoda","Insecta","Hymenoptera","Braconidae","Microgastrinae","","","BOLD:AAI7299","Malaise trap SMNR5-A",10.762333,-85.39211,"2017-02-13","1",658,"CRMNE"
"554","CBG-A43298-B07","CRMNE4388-24","GMP#25157","Arthropoda","Insecta","Hymenoptera","Braconidae","Microgastrinae","","","BOLD:AAA7181","Malaise trap SMNR5-A",10.762333,-85.39211,"2017-06-05","1",658,"CRMNE"
"555","CBG-A42562-H06","CRMNF2692-24","GMP#24954","Arthropoda","Insecta","Hymenoptera","Braconidae","Microgastrinae","Glyptapanteles","","BOLD:AFV4284","Malaise trap SMNR6-A",10.762694,-85.39203,"2017-05-08","1",658,"CRMNF"
"556","CBG-A42535-D01","CRMNF2927-24","GMP#24942","Arthropoda","Insecta","Hymenoptera","Braconidae","Microgastrinae","","","BOLD:ABY7235","Malaise trap SMNR6-A",10.762694,-85.39203,"2017-02-13","1",658,"CRMNF"
"557","CBG-A42536-H07","CRMNF3076-24","GMP#24942","Arthropoda","Insecta","Hymenoptera","Braconidae","Microgastrinae","","","BOLD:ADB4497","Malaise trap SMNR6-A",10.762694,-85.39203,"2017-02-13","1",658,"CRMNF"
"558","CCDB-46556-E05","CRMSA1241-23","GMP#45336","Arthropoda","Insecta","Hymenoptera","Braconidae","Microgastrinae","Alphomelon","Alphomelon xestopyga","BOLD:AAE5701","Malaise trap BSE",10.8438,-85.6138,"","1",653,"CRMSA"
"559","CBG-A04291-G09","CRSAA10045-23","GMP#24591","Arthropoda","Insecta","Hymenoptera","Braconidae","Microgastrinae","Lathrapanteles","Lathrapanteles Janzen02","BOLD:AFI4867","Malaise trap SSM-2A",10.804,-85.326,"2018-06-22","1",651,"CRSCA"
"560","CBG-A04629-G09","CRSCA1441-23","GMP#24611","Arthropoda","Insecta","Hymenoptera","Braconidae","Microgastrinae","Cotesia","Cotesia Whitfield52","BOLD:AAR9046","Malaise trap SSM-2A",10.804,-85.326,"2018-11-09","1",652,"CRSCA"
"561","CBG-A29013-A02","CRSCA15755-24","GMP#24592","Arthropoda","Insecta","Hymenoptera","Braconidae","Microgastrinae","Glyptapanteles","Glyptapanteles jeremydewaardi","BOLD:ABY7037","Malaise trap SSM-2A",10.8038,-85.32611,"2018-06-29","1",658,"CRSCA"
"562","CBG-A29065-G11","CRSCA24671-24","GMP#24626","Arthropoda","Insecta","Hymenoptera","Braconidae","Microgastrinae","Glyptapanteles","Glyptapanteles Whitfield115","BOLD:AEY7512","Malaise trap SSM-2A",10.8038,-85.32611,"2019-02-22","1",658,"CRSCA"
"563","CBG-A04643-D03","CRSCA4551-23","GMP#24631","Arthropoda","Insecta","Hymenoptera","Braconidae","Microgastrinae","Apanteles","Apanteles Malaise2419","BOLD:AFX2419","Malaise trap SSM-2A",10.804,-85.326,"2019-03-29","1",653,"CRSCA"
"564","CBG-A08069-C07","CRSGB10584-23","GMP#28784","Arthropoda","Insecta","Hymenoptera","Braconidae","Microgastrinae","","","BOLD:AAB4574","Malaise trap SGF-A",10.879,-85.39,"2020-02-24","1",658,"CRSGB"
"565","CBG-A06134-E02","CRSGB1680-23","GMP#31077","Arthropoda","Insecta","Hymenoptera","Braconidae","Microgastrinae","","","BOLD:AGA9368","Malaise trap SGF-A",10.879,-85.39,"2019-05-20","1",658,"CRSGB"
"566","CBG-A06137-F10","CRSGB1985-23","GMP#31077","Arthropoda","Insecta","Hymenoptera","Braconidae","Microgastrinae","Sendaphne","","BOLD:AEN4779","Malaise trap SGF-A",10.879,-85.39,"2019-05-20","1",658,"CRSGB"
"567","CBG-A08564-A11","CRSGC10239-23","GMP#31038","Arthropoda","Insecta","Hymenoptera","Braconidae","Microgastrinae","microMalaise01","microMalaise01 Malaise8411","BOLD:AFG8411","Malaise trap SGC-A",10.88,-85.389,"2019-05-20","1",658,"CRSGC"
"568","CBG-A08333-G07","CRSGC14228-23","GMP#31042","Arthropoda","Insecta","Hymenoptera","Braconidae","Microgastrinae","Glyptapanteles","Glyptapanteles Malaise9293","BOLD:ACX9239","Malaise trap SGC-A",10.88,-85.389,"2019-06-17","1",658,"CRSGC"
"569","CBG-A08587-B07","CRSGC20549-23","GMP#31046","Arthropoda","Insecta","Hymenoptera","Braconidae","Microgastrinae","","","BOLD:AAB7535","Malaise trap SGC-A",10.88,-85.389,"2019-07-15","1",657,"CRSGC"
"570","CBG-A08643-B04","CRSGC25257-23","GMP#31054","Arthropoda","Insecta","Hymenoptera","Braconidae","Microgastrinae","","","BOLD:AAM1064","Malaise trap SGC-A",10.88,-85.389,"2019-09-09","1",658,"CRSGC"
"571","CBG-A09686-F10","CRSGC26784-23","GMP#31058","Arthropoda","Insecta","Hymenoptera","Braconidae","Microgastrinae","","","BOLD:AAM1089","Malaise trap SGC-A",10.88,-85.389,"2019-10-07","1",658,"CRSGC"
"572","CBG-A09713-B02","CRSGC30954-23","GMP#28747","Arthropoda","Insecta","Hymenoptera","Braconidae","Microgastrinae","","","BOLD:ABA7271","Malaise trap SGC-A",10.88,-85.389,"2020-02-24","1",658,"CRSGC"
"573","CBG-A35821-C02","CRSGD121-24","GMP#53351","Arthropoda","Insecta","Hymenoptera","Braconidae","Microgastrinae","","","BOLD:ACI3397","Malaise trap SGF-E",10.87912,-85.38987,"2023-05-15","1",658,"CRSGD"
"574","CBG-A36486-B01","CRSGD3243-24","GMP#53359","Arthropoda","Insecta","Hymenoptera","Braconidae","Microgastrinae","","","BOLD:ABU7421","Malaise trap SGF-E",10.87912,-85.38987,"2023-07-10","1",658,"CRSGD"
"575","BIOUG80544-A04","CRSIA34675-22","GMP#23135","Arthropoda","Insecta","Hymenoptera","Braconidae","Microgastrinae","Hypomicrogaster","Hypomicrogaster Malaise6626","BOLD:ABY6626","Malaise trap PL12-4F",10.763,-85.334,"2019-07-04","1",652,"CRSIA"
"576","BIOUG80544-B01","CRSIA34684-22","GMP#23135","Arthropoda","Insecta","Hymenoptera","Braconidae","Microgastrinae","Hypomicrogaster","Hypomicrogaster Malaise5139","BOLD:AES5139","Malaise trap PL12-4F",10.763,-85.334,"2019-07-04","1",653,"CRSIA"
"577","BIOUG80544-C07","CRSIA34702-22","GMP#23135","Arthropoda","Insecta","Hymenoptera","Braconidae","Microgastrinae","microMalaise01","microMalaise01 Malaise2421","BOLD:AES2421","Malaise trap PL12-4F",10.763,-85.334,"2019-07-04","1",656,"CRSIA"
"578","BIOUG80544-C12","CRSIA34707-22","GMP#23135","Arthropoda","Insecta","Hymenoptera","Braconidae","Microgastrinae","Apanteles","Apanteles petronariosae","BOLD:AET3846","Malaise trap PL12-4F",10.763,-85.334,"2019-07-04","1",652,"CRSIA"
"579","BIOUG80544-E05","CRSIA34724-22","GMP#23135","Arthropoda","Insecta","Hymenoptera","Braconidae","Microgastrinae","microMalaise01","microMalaise01 Malaise0043","BOLD:AEU0043","Malaise trap PL12-4F",10.763,-85.334,"2019-07-04","1",651,"CRSIA"
"580","BIOUG80544-E09","CRSIA34728-22","GMP#23135","Arthropoda","Insecta","Hymenoptera","Braconidae","Microgastrinae","Hypomicrogaster","Hypomicrogaster Malaise9119","BOLD:AEO9119","Malaise trap PL12-4F",10.763,-85.334,"2019-07-04","1",651,"CRSIA"
"581","CBG-A31122-E07","CRSMG6990-24","GMP#29411","Arthropoda","Insecta","Hymenoptera","Braconidae","Microgastrinae","Glyptapanteles","Glyptapanteles Malaise1122","BOLD:AFX7651","Malaise trap SSM-3B",10.79698,-85.32745,"2020-05-22","1",658,"CRSMG"
"582","CBG-A31125-E07","CRSMG7275-24","GMP#29412","Arthropoda","Insecta","Hymenoptera","Braconidae","Microgastrinae","Glyptapanteles","Glyptapanteles malaise0738","BOLD:AEN0738","Malaise trap SSM-3B",10.79698,-85.32745,"2020-05-29","1",658,"CRSMG"
"583","CBG-A31361-C02","CRSMG7816-24","GMP#29414","Arthropoda","Insecta","Hymenoptera","Braconidae","Microgastrinae","Apanteles","Apanteles Malaise7738","BOLD:AEF7738","Malaise trap SSM-3B",10.79698,-85.32745,"2020-06-12","1",658,"CRSMG"
"584","BIOUG27901-A06","GMAAE137-16","GMP#05826","Arthropoda","Insecta","Hymenoptera","Braconidae","Microgastrinae","Apanteles","Apanteles Malaise1876","BOLD:ADA1876","ESG Malaise Trap",10.8801,-85.3889,"2013-10-14","1",594,"GMAAE"
"585","BIOUG28290-G07","GMAAN823-16","GMP#05844","Arthropoda","Insecta","Hymenoptera","Braconidae","Microgastrinae","Glyptapanteles","Glyptapanteles robbinthorpiDHJ02","BOLD:AAI7313","ESG Malaise Trap",10.8801,-85.389,"2014-02-17","1",564,"GMAAN"
"586","BIOUG28287-A08","GMAAU424-16","GMP#05858","Arthropoda","Insecta","Hymenoptera","Braconidae","Microgastrinae","Promicrogaster","Promicrogaster Whitfield4589","BOLD:ADA4589","ESG Malaise Trap",10.8801,-85.389,"2014-05-26","1",588,"GMAAU"
"587","BIOUG28037-E07","GMABS019-16","GMP#09005","Arthropoda","Insecta","Hymenoptera","Braconidae","Microgastrinae","Glyptapanteles","Glyptapanteles Whitfield57","BOLD:ABA9261","ESG Malaise Trap Year 2",10.88,-85.389,"2014-12-29","1",588,"GMABS"
"588","BIOUG28039-F12","GMABT023-16","GMP#09006","Arthropoda","Insecta","Hymenoptera","Braconidae","Microgastrinae","Hypomicrogaster","Hypomicrogaster Malaise8079","BOLD:ACZ8079","ESG Malaise Trap Year 2",10.88,-85.389,"2015-01-05","1",585,"GMABT"
"589","BIOUG19587-D10","GMACA845-15","GMP#05819","Arthropoda","Insecta","Hymenoptera","Braconidae","Microgastrinae","Dolichogenidea","Dolichogenidea Malaise2758","BOLD:ACU2758","ESG Malaise Trap",10.88,-85.389,"2013-08-26","1",561,"GMACA"
"590","BIOUG22620-B03","GMACG805-15","GMP#05831","Arthropoda","Insecta","Hymenoptera","Braconidae","Microgastrinae","Dolichogenidea","Dolichogenidea rogerblancoi","BOLD:AAL2325","ESG Malaise Trap",10.88,-85.389,"2013-11-18","1",600,"GMACG"
"591","BIOUG22966-F03","GMACH552-15","GMP#05833","Arthropoda","Insecta","Hymenoptera","Braconidae","Microgastrinae","Glyptapanteles","Glyptapanteles Malaise4804","BOLD:ACW4804","ESG Malaise Trap",10.88,-85.389,"2013-12-02","1",600,"GMACH"
"592","BIOUG24962-F08","GMACT020-15","GMP#05855","Arthropoda","Insecta","Hymenoptera","Braconidae","Microgastrinae","Hypomicrogaster","Hypomicrogaster Malaise4770","BOLD:ACY4770","ESG Malaise Trap",10.88,-85.389,"2014-05-05","1",585,"GMACT"
"593","BIOUG28201-E11","GMADZ071-16","GMP#09038","Arthropoda","Insecta","Hymenoptera","Braconidae","Microgastrinae","Glyptapanteles","Glyptapanteles Malaise1467","BOLD:ADA1467","ESG Malaise Trap Year 2",10.8801,-85.389,"2015-08-17","1",612,"GMADZ"
"594","BIOUG36488-H08","GMCCB2659-17","GMP#10077","Arthropoda","Insecta","Hymenoptera","Braconidae","Microgastrinae","Apanteles","Apanteles Malaise7120","BOLD:ADH7120","Derrumbe Malaise Trap",10.92918,-85.46426,"2015-04-30","1",600,"GMCCB"
"595","BIOUG36548-C11","GMCCD1153-17","GMP#10078","Arthropoda","Insecta","Hymenoptera","Braconidae","Microgastrinae","Apanteles","Apanteles malaise0331","BOLD:ADK0331","Derrumbe Malaise Trap",10.92918,-85.46426,"2015-05-07","1",585,"GMCCD"
"596","BIOUG31505-C10","GMCDA834-16","GMP#10051","Arthropoda","Insecta","Hymenoptera","Braconidae","Microgastrinae","Apanteles","Apanteles Malaise6611","BOLD:ADF6611","Derrumbe Malaise Trap",10.9292,-85.4643,"2014-10-30","1",591,"GMCDA"
"597","BIOUG31516-D08","GMCDB875-16","GMP#10052","Arthropoda","Insecta","Hymenoptera","Braconidae","Microgastrinae","Promicrogaster","Promicrogaster Malaise3512","BOLD:ADF3512","Derrumbe Malaise Trap",10.9292,-85.4643,"2014-11-06","1",603,"GMCDB"
"598","BIOUG31616-D07","GMCDH1337-16","GMP#10057","Arthropoda","Insecta","Hymenoptera","Braconidae","Microgastrinae","Glyptapanteles","Glyptapanteles Malaise6664","BOLD:ADF6664","Derrumbe Malaise Trap",10.9292,-85.4643,"2014-12-11","1",594,"GMCDH"
"599","BIOUG31637-H10","GMCDI1629-16","GMP#10058","Arthropoda","Insecta","Hymenoptera","Braconidae","Microgastrinae","Glyptapanteles","Glyptapanteles alexborisenkoi","BOLD:AAY0777","Derrumbe Malaise Trap",10.9292,-85.4643,"2014-12-18","1",600,"GMCDI"
"600","BIOUG31661-G11","GMCDJ1231-16","GMP#10059","Arthropoda","Insecta","Hymenoptera","Braconidae","Microgastrinae","Apanteles","Apanteles Malaise7698","BOLD:ADF7698","Derrumbe Malaise Trap",10.9292,-85.4643,"2014-12-25","1",588,"GMCDJ"
"601","BIOUG32747-E05","GMCDQ1125-17","GMP#10066","Arthropoda","Insecta","Hymenoptera","Braconidae","Microgastrinae","Parapanteles","Parapanteles Malaise6250","BOLD:ADH6250","Derrumbe Malaise Trap",10.9292,-85.4643,"2015-02-12","1",595,"GMCDQ"
"602","BIOUG33274-H09","GMCDZ1035-17","GMP#10075","Arthropoda","Insecta","Hymenoptera","Braconidae","Microgastrinae","Diolcogaster","Diolcogaster Malaise6970","BOLD:ADH6970","Derrumbe Malaise Trap",10.9292,-85.4643,"2015-04-16","1",604,"GMCDZ"
"603","BIOUG68943-A08","GMCEC15756-21","GMP#10104","Arthropoda","Insecta","Hymenoptera","Braconidae","Microgastrinae","Rasivalva","Rasivalva Choi01","BOLD:AEL9772","Malaise trap Derrumbe-B",10.929,-85.464,"2015-11-12","1",655,"GMCEC"
"604","BIOUG68476-F10","GMCEC29150-21","GMP#10105","Arthropoda","Insecta","Hymenoptera","Braconidae","Microgastrinae","Glyptapanteles","Glyptapanteles Malaise8812","BOLD:AEM8812","Malaise trap Derrumbe-B",10.929,-85.464,"2015-11-19","1",642,"GMCEC"
"605","BIOUG68477-B05","GMCEC29192-21","GMP#10105","Arthropoda","Insecta","Hymenoptera","Braconidae","Microgastrinae","Apanteles","Apanteles Malaise6817","BOLD:AEM6817","Malaise trap Derrumbe-B",10.929,-85.464,"2015-11-19","1",644,"GMCEC"
"606","BIOUG70538-E01","GMCEC33377-21","GMP#25668","Arthropoda","Insecta","Hymenoptera","Braconidae","Microgastrinae","Snellenius","Snellenius Malaise7986","BOLD:AEF7986","Malaise trap Derrumbe-B",10.929,-85.464,"2016-02-25","1",655,"GMCEC"
"607","BIOUG70333-D06","GMCEC41938-21","GMP#25672","Arthropoda","Insecta","Hymenoptera","Braconidae","Microgastrinae","Hypomicrogaster","Hypomicrogaster Janzen24","BOLD:AAM1109","Malaise trap Derrumbe-B",10.929,-85.464,"2016-03-24","1",656,"GMCEC"
"608","BIOUG70586-A01","GMCEC42467-21","GMP#25672","Arthropoda","Insecta","Hymenoptera","Braconidae","Microgastrinae","Promicrogaster","Promicrogaster Malaise6931","BOLD:AEN6931","Malaise trap Derrumbe-B",10.929,-85.464,"2016-03-24","1",655,"GMCEC"
"609","BIOUG68482-A01","GMCEC48447-21","GMP#25667","Arthropoda","Insecta","Hymenoptera","Braconidae","Microgastrinae","Dolichogenidea","Dolichogenidea Malaise4592","BOLD:AEN4592","Malaise trap Derrumbe-B",10.929,-85.464,"2016-02-18","1",654,"GMCEC"
"610","BIOUG68382-G04","GMCEC6063-21","GMP#25661","Arthropoda","Insecta","Hymenoptera","Braconidae","Microgastrinae","Apanteles","Apanteles wilbertharayai","BOLD:AAN2539","Malaise trap Derrumbe-B",10.929,-85.464,"2015-12-31","1",655,"GMCEC"
"611","BIOUG70345-A10","GMCED14761-21","GMP#25680","Arthropoda","Insecta","Hymenoptera","Braconidae","Microgastrinae","Promicrogaster","Promicrogaster Malaise7904","BOLD:AEM7904","Malaise trap Derrumbe-B",10.929,-85.464,"2016-05-19","1",654,"GMCED"
"612","BIOUG70983-D08","GMCED1659-21","GMP#25699","Arthropoda","Insecta","Hymenoptera","Braconidae","Microgastrinae","Apanteles","Apanteles Malaise7825","BOLD:AEN7825","Malaise trap Derrumbe-B",10.929,-85.464,"2016-09-29","1",654,"GMCED"
"613","CBG-A37527-B11","GMCGA13228-24","GMP#25727","Arthropoda","Insecta","Hymenoptera","Braconidae","Microgastrinae","","","BOLD:AFK1700","Malaise trap Derrumbe-C",10.92918,-85.46426,"2017-04-13","1",658,"GMCGA"
"614","CBG-A38631-C02","GMCGA48571-24","GMP#25747","Arthropoda","Insecta","Hymenoptera","Braconidae","Microgastrinae","","","BOLD:AEJ8114","Malaise trap Derrumbe-C",10.92918,-85.46426,"2017-08-31","1",658,"GMCGA"
"615","BIOUG17969-H06","GMCJJ1073-14","GMP#00616","Arthropoda","Insecta","Hymenoptera","Braconidae","Microgastrinae","Snellenius","Snellenius Malaise8256","BOLD:ACR8256","BSE Malaise Trap",10.8438,-85.6138,"2012-06-11","1",582,"GMCJJ"
"616","BIOUG68411-A11","GMCNA16218-21","GMP#28344","Arthropoda","Insecta","Hymenoptera","Braconidae","Microgastrinae","Hypomicrogaster","Hypomicrogaster Malaise2620","BOLD:ACK2620","Malaise trap BSE-B",10.844,-85.614,"2020-01-16","1",653,"GMCNA"
"617","BIOUG68411-E07","GMCNA16262-21","GMP#28344","Arthropoda","Insecta","Hymenoptera","Braconidae","Microgastrinae","Promicrogaster","Promicrogaster Malaise8883","BOLD:AEL8883","Malaise trap BSE-B",10.844,-85.614,"2020-01-16","1",655,"GMCNA"
"618","BIOUG70384-A06","GMCNA21401-21","GMP#28373","Arthropoda","Insecta","Hymenoptera","Braconidae","Microgastrinae","mgMalaise160","mgMalaise160 Malaise4282","BOLD:AEM4282","Malaise trap BSE-B",10.844,-85.614,"2019-08-29","1",657,"GMCNA"
"619","BIOUG68716-E11","GMCNA2267-21","GMP#28379","Arthropoda","Insecta","Hymenoptera","Braconidae","Microgastrinae","Dolichogenidea","Dolichogenidea Malaise3644","BOLD:AEM3644","Malaise trap BSE-B",10.844,-85.614,"2019-10-10","1",654,"GMCNA"
"620","BIOUG70762-C09","GMCNA39373-21","GMP#28384","Arthropoda","Insecta","Hymenoptera","Braconidae","Microgastrinae","Glyptapanteles","Glyptapanteles Malaise9431","BOLD:ADA9431","Malaise trap BSE-B",10.844,-85.614,"2019-11-14","1",654,"GMCNA"
"621","BIOUG70762-D08","GMCNA39384-21","GMP#28384","Arthropoda","Insecta","Hymenoptera","Braconidae","Microgastrinae","Glyptapanteles","Glyptapanteles Malaise2289","BOLD:AEN2289","Malaise trap BSE-B",10.844,-85.614,"2019-11-14","1",654,"GMCNA"
"622","BIOUG70765-E07","GMCNA43967-21","GMP#28371","Arthropoda","Insecta","Hymenoptera","Braconidae","Microgastrinae","Cotesia","Cotesia Whitfield23","BOLD:AEM9150","Malaise trap BSE-B",10.844,-85.614,"2019-08-15","1",654,"GMCNA"
"623","BIOUG70484-B02","GMCNA47909-21","GMP#28378","Arthropoda","Insecta","Hymenoptera","Braconidae","Microgastrinae","Hypomicrogaster","Hypomicrogaster Malaise2045","BOLD:AEN2045","Malaise trap BSE-B",10.844,-85.614,"2019-10-03","1",655,"GMCNA"
"624","BIOUG70020-A05","GMCNA5340-21","GMP#29906","Arthropoda","Insecta","Hymenoptera","Braconidae","Microgastrinae","Glyptapanteles","Glyptapanteles Malaise2200","BOLD:AEM2200","Malaise trap BSE-B",10.844,-85.614,"2020-01-09","1",652,"GMCNA"
"625","BIOUG68410-D09","GMCNA7684-21","GMP#28344","Arthropoda","Insecta","Hymenoptera","Braconidae","Microgastrinae","Apanteles","Apanteles mariachavarriae","BOLD:ACE8120","Malaise trap BSE-B",10.844,-85.614,"2020-01-16","1",662,"GMCNA"
"626","BIOUG05346-B08","GMCRE929-13","GMP#00621","Arthropoda","Insecta","Hymenoptera","Braconidae","Microgastrinae","Diolcogaster","Diolcogaster Malaise3371","BOLD:ACG3371","BSE Malaise Trap",10.8438,-85.6138,"2012-07-16","1",611,"GMCRE"
"627","BIOUG05346-E05","GMCRE962-13","GMP#00621","Arthropoda","Insecta","Hymenoptera","Braconidae","Microgastrinae","Dolichogenidea","Dolichogenidea Malaise3373","BOLD:ACG3373","BSE Malaise Trap",10.8438,-85.6138,"2012-07-16","1",630,"GMCRE"
"628","BIOUG05865-H06","GMCRG540-13","GMP#00623","Arthropoda","Insecta","Hymenoptera","Braconidae","Microgastrinae","Hypomicrogaster","Hypomicrogaster OVRGDHJ02","BOLD:ACF2959","BSE Malaise Trap",10.8438,-85.6138,"2012-07-30","1",618,"GMCRG"
"629","BIOUG07457-F09","GMCRJ250-13","GMP#00607","Arthropoda","Insecta","Hymenoptera","Braconidae","Microgastrinae","Apanteles","Apanteles Malaise1259","BOLD:ACJ1259","BSE Malaise Trap",10.8438,-85.6138,"2012-04-09","1",658,"GMCRJ"
"630","BIOUG07617-E08","GMCRK056-13","GMP#00609","Arthropoda","Insecta","Hymenoptera","Braconidae","Microgastrinae","Pseudapanteles","Pseudapanteles Malaise8549","BOLD:ACB8549","BSE Malaise Trap",10.8438,-85.6138,"2012-04-23","1",658,"GMCRK"
"631","BIOUG07615-C01","GMCRK1936-13","GMP#00609","Arthropoda","Insecta","Hymenoptera","Braconidae","Microgastrinae","Apanteles","Apanteles Malaise2550","BOLD:ACJ2550","BSE Malaise Trap",10.8438,-85.6138,"2012-04-23","1",673,"GMCRK"
"632","BIOUG07615-H05","GMCRK2000-13","GMP#00609","Arthropoda","Insecta","Hymenoptera","Braconidae","Microgastrinae","Hypomicrogaster","Hypomicrogaster specialis","BOLD:ABZ2026","BSE Malaise Trap",10.8438,-85.6138,"2012-04-23","1",673,"GMCRK"
"633","BIOUG07616-D08","GMCRK2050-13","GMP#00609","Arthropoda","Insecta","Hymenoptera","Braconidae","Microgastrinae","Apanteles","Apanteles Malaise2416","BOLD:ACJ2416","BSE Malaise Trap",10.8438,-85.6138,"2012-04-23","1",548,"GMCRK"
"634","BIOUG08264-G08","GMCRM392-13","GMP#00613","Arthropoda","Insecta","Hymenoptera","Braconidae","Microgastrinae","Glyptapanteles","Glyptapanteles Malaise6625","BOLD:ACJ6625","BSE Malaise Trap",10.8438,-85.6138,"2012-05-21","1",658,"GMCRM"
"635","BIOUG10016-H03","GMCRZ309-14","GMP#01823","Arthropoda","Insecta","Hymenoptera","Braconidae","Microgastrinae","Dolichogenidea","Dolichogenidea Malaise3803","BOLD:ACL3803","BSE Malaise Trap",10.8438,-85.6138,"2013-01-21","1",658,"GMCRZ"
"636","BIOUG17498-H03","GMCTT123-14","GMP#01814","Arthropoda","Insecta","Hymenoptera","Braconidae","Microgastrinae","Hypomicrogaster","Hypomicrogaster Malaise4922","BOLD:ACR4922","BSE Malaise Trap",10.8438,-85.6138,"2012-11-19","1",558,"GMCTT"
"637","BIOUG13945-A07","GMCVV007-15","GMP#01820","Arthropoda","Insecta","Hymenoptera","Braconidae","Microgastrinae","Apanteles","Apanteles flormoralesae","BOLD:AAN2537","BSE Malaise Trap",10.8438,-85.6138,"2012-12-31","1",561,"GMCVV"
"638","BIOUG29863-B11","JCCCB688-16","GMP#06839","Arthropoda","Insecta","Hymenoptera","Braconidae","Microgastrinae","Apanteles","Apanteles Malaise7726","BOLD:ADB7726","Malaise trap PL12-3A",10.763,-85.334,"2014-05-29","1",558,"JCCCB"
"639","BIOUG30256-A09","JCCCZ5182-16","GMP#06863","Arthropoda","Insecta","Hymenoptera","Braconidae","Microgastrinae","Dolichogenidea","Dolichogenidea Malaise8723","BOLD:ADB8723","Malaise trap PL12-3A",10.763,-85.334,"2014-11-13","1",594,"JCCCZ"
"640","BIOUG29059-D02","JIAAE060-16","GMP#06738","Arthropoda","Insecta","Hymenoptera","Braconidae","Microgastrinae","Promicrogaster","Promicrogaster Malaise9820","BOLD:AES6587","Malaise trap PL12-1A",10.764,-85.335,"2014-05-01","1",579,"JIAAE"
"641","BIOUG29140-B01","JIAAO063-16","GMP#06748","Arthropoda","Insecta","Hymenoptera","Braconidae","Microgastrinae","Dolichogenidea","Dolichogenidea malaise0710","BOLD:ADB0710","Malaise trap PL12-1A",10.764,-85.335,"2014-07-10","1",585,"JIAAO"
"642","BIOUG29554-B12","JIBBP112-16","GMP#07061","Arthropoda","Insecta","Hymenoptera","Braconidae","Microgastrinae","Dolichogenidea","Dolichogenidea Malaise4730","BOLD:ADB4730","Malaise trap PL12-7A",10.761,-85.335,"2014-08-14","1",579,"JIBBP"
"643","BIOUG29112-D02","JICCC1406-16","GMP#06814","Arthropoda","Insecta","Hymenoptera","Braconidae","Microgastrinae","Glyptapanteles","Glyptapanteles Whitfield285","BOLD:AAM1075","Malaise trap PL12-3A",10.763,-85.334,"2013-12-05","1",588,"JICCC"
"644","BIOUG29112-F05","JICCC1433-16","GMP#06814","Arthropoda","Insecta","Hymenoptera","Braconidae","Microgastrinae","Glyptapanteles","Glyptapanteles Malaise8087","BOLD:AAN8087","Malaise trap PL12-3A",10.763,-85.334,"2013-12-05","1",594,"JICCC"
"645","BIOUG29415-D05","JICCE1143-16","GMP#06816","Arthropoda","Insecta","Hymenoptera","Braconidae","Microgastrinae","Glyptapanteles","Glyptapanteles Malaise6541","BOLD:ABX6541","Malaise trap PL12-3A",10.763,-85.334,"2013-12-19","1",603,"JICCE"
"646","BIOUG29456-F10","JICCF562-16","GMP#06817","Arthropoda","Insecta","Hymenoptera","Braconidae","Microgastrinae","Microplitis","Microplitis Malaise3152","BOLD:ADB3152","Malaise trap PL12-3A",10.763,-85.334,"2013-12-26","1",579,"JICCF"
"647","BIOUG29473-G10","JICCG1029-16","GMP#06818","Arthropoda","Insecta","Hymenoptera","Braconidae","Microgastrinae","Apanteles","Apanteles Janzen40","BOLD:ABA7264","Malaise trap PL12-3A",10.763,-85.334,"2014-01-02","1",585,"JICCG"
"648","BIOUG29671-G03","JICCL789-16","GMP#06823","Arthropoda","Insecta","Hymenoptera","Braconidae","Microgastrinae","Apanteles","Apanteles Malaise9568","BOLD:ADA9568","Malaise trap PL12-3A",10.763,-85.334,"2014-02-06","1",577,"JICCL"
"649","BIOUG29681-E12","JICCN515-16","GMP#06825","Arthropoda","Insecta","Hymenoptera","Braconidae","Microgastrinae","Dolichogenidea","Dolichogenidea Janzen5847","BOLD:AEB8464","Malaise trap PL12-3A",10.763,-85.334,"2014-02-20","1",585,"JICCN"
"650","BIOUG28804-E12","JICFP037-16","GMP#06983","Arthropoda","Insecta","Hymenoptera","Braconidae","Microgastrinae","Diolcogaster","Diolcogaster Malaise1451","BOLD:ADB1451","Malaise trap PL12-6A",10.764,-85.333,"2014-01-16","1",576,"JICFP"
"651","BIOUG29377-F04","JIDDZ237-16","GMP#06915","Arthropoda","Insecta","Hymenoptera","Braconidae","Microgastrinae","Glyptapanteles","Glyptapanteles barneyburksi","BOLD:AAI7344","Malaise trap PL12-4A",10.763,-85.334,"2014-11-13","1",567,"JIDDZ"
"652","BIOUG29292-A07","JIEEG465-16","GMP#07156","Arthropoda","Insecta","Hymenoptera","Braconidae","Microgastrinae","Promicrogaster","Promicrogaster Malaise4300","BOLD:ADB4300","Malaise trap PL12-9A",10.76,-85.334,"2014-06-12","1",588,"JIEEG"
"653","BIOUG29212-H06","JIFFD178-16","GMP#06997","Arthropoda","Insecta","Hymenoptera","Braconidae","Microgastrinae","Apanteles","Apanteles Janzen45","BOLD:ACM9154","Malaise trap PL12-6A",10.764,-85.333,"2014-04-24","1",588,"JIFFD"
"654","BIOUG29489-H04","JIFFM122-16","GMP#07006","Arthropoda","Insecta","Hymenoptera","Braconidae","Microgastrinae","Apanteles","Apanteles Malaise4699","BOLD:ADB4699","Malaise trap PL12-6A",10.764,-85.333,"2014-06-26","1",600,"JIFFM"
"655","BIOUG29490-F01","JIFFN054-16","GMP#07007","Arthropoda","Insecta","Hymenoptera","Braconidae","Microgastrinae","Dolichogenidea","Dolichogenidea Malaise3343","BOLD:ADB3343","Malaise trap PL12-6A",10.764,-85.333,"2014-07-03","1",588,"JIFFN"
"656","BIOUG44551-B04","PLAAB6001-18","GMP#06345","Arthropoda","Insecta","Hymenoptera","Braconidae","Microgastrinae","Hypomicrogaster","Hypomicrogaster Whitfield57","BOLD:ABZ1039","Malaise trap PL12-3B",10.763,-85.334,"2014-11-27","1",654,"PLAAB"
"657","BIOUG44131-G01","PLAAE4514-18","GMP#06348","Arthropoda","Insecta","Hymenoptera","Braconidae","Microgastrinae","Glyptapanteles","Glyptapanteles Whitfield123","BOLD:AAT8855","Malaise trap PL12-3B",10.763,-85.334,"2014-12-18","1",652,"PLAAE"
"658","BIOUG44676-H02","PLAAF4521-18","GMP#06349","Arthropoda","Insecta","Hymenoptera","Braconidae","Microgastrinae","Microplitis","Microplitis marini","BOLD:AAC9585","Malaise trap PL12-3B",10.763,-85.334,"2014-12-25","1",654,"PLAAF"
"659","BIOUG44638-B11","PLAAJ869-18","GMP#06353","Arthropoda","Insecta","Hymenoptera","Braconidae","Microgastrinae","Apanteles","Apanteles Janzen2906","BOLD:ABZ2906","Malaise trap PL12-3B",10.763,-85.334,"2015-01-22","1",654,"PLAAJ"
"660","BIOUG44164-E07","PLAAW642-18","GMP#06366","Arthropoda","Insecta","Hymenoptera","Braconidae","Microgastrinae","Dolichogenidea","Dolichogenidea Janzen4450","BOLD:ADW4450","Malaise trap PL12-3B",10.763,-85.334,"2015-04-23","1",655,"PLAAW"
"661","BIOUG44303-G04","PLABE2656-18","GMP#06374","Arthropoda","Insecta","Hymenoptera","Braconidae","Microgastrinae","Glyptapanteles","Glyptapanteles Janzen4192","BOLD:AFU5153","Malaise trap PL12-3B",10.763,-85.334,"2015-06-18","1",654,"PLABE"
"662","BIOUG50091-G03","PLABK1951-19","GMP#06380","Arthropoda","Insecta","Hymenoptera","Braconidae","Microgastrinae","Dolichogenidea","Dolichogenidea Malaise7875","BOLD:AEA7875","Malaise trap PL12-3B",10.763,-85.334,"2015-07-30","1",653,"PLABK"
"663","BIOUG49831-C08","PLABL1557-19","GMP#06381","Arthropoda","Insecta","Hymenoptera","Braconidae","Microgastrinae","Hypomicrogaster","Hypomicrogaster amazo4DHJ01","BOLD:ABY6627","Malaise trap PL12-3B",10.763,-85.334,"2015-08-06","1",654,"PLABL"
"664","BIOUG49968-C08","PLABM880-19","GMP#06382","Arthropoda","Insecta","Hymenoptera","Braconidae","Microgastrinae","Glyptapanteles","Glyptapanteles Malaise5829","BOLD:AEA5829","Malaise trap PL12-3B",10.763,-85.334,"2015-08-13","1",652,"PLABM"
"665","BIOUG58625-B10","PLADK197-20","GMP#21377","Arthropoda","Insecta","Hymenoptera","Braconidae","Microgastrinae","Apanteles","Apanteles Malaise9488","BOLD:AEC9488","Malaise trap PL12-3E",10.763,-85.334,"2018-07-26","1",654,"PLADK"
"666","BIOUG64072-G03","PLAEF1431-21","GMP#28224","Arthropoda","Insecta","Hymenoptera","Braconidae","Microgastrinae","Pseudapanteles","Pseudapanteles Malaise3088","BOLD:AEJ3088","Malaise trap PL12-5G",10.763,-85.334,"2019-12-19","1",641,"PLAEF"
"667","BIOUG44777-C12","PLBAV045-18","GMP#06261","Arthropoda","Insecta","Hymenoptera","Braconidae","Microgastrinae","Hypomicrogaster","Hypomicrogaster Janzen2378","BOLD:ADX2378","Malaise trap PL12-1B",10.764,-85.335,"2015-04-16","1",653,"PLBAV"
"668","BIOUG49638-G05","PLBBE282-19","GMP#06270","Arthropoda","Insecta","Hymenoptera","Braconidae","Microgastrinae","Dolichogenidea","Dolichogenidea Janzen9638","BOLD:AEA0779","Malaise trap PL12-1B",10.764,-85.335,"2015-06-18","1",654,"PLBBE"
"669","BIOUG56591-A04","PLBDJ019-20","GMP#21223","Arthropoda","Insecta","Hymenoptera","Braconidae","Microgastrinae","Apanteles","Apanteles Malaise8793","BOLD:AEF8793","Malaise trap PL12-1E",10.764,-85.335,"2018-07-19","1",654,"PLBDJ"
"670","BIOUG46577-A12","PLCAD202-19","GMP#06399","Arthropoda","Insecta","Hymenoptera","Braconidae","Microgastrinae","Apanteles","Apanteles Janzen5893","BOLD:ADY5893","Malaise trap PL12-4B",10.763,-85.334,"2014-12-11","1",654,"PLCAD"
"671","BIOUG46557-G01","PLDAM282-19","GMP#06512","Arthropoda","Insecta","Hymenoptera","Braconidae","Microgastrinae","Apanteles","Apanteles Rodriguez50","BOLD:AAJ1515","Malaise trap PL12-6B",10.764,-85.333,"2015-02-12","1",654,"PLDAM"
"672","BIOUG50477-E08","PLDBI124-19","GMP#06534","Arthropoda","Insecta","Hymenoptera","Braconidae","Microgastrinae","Glyptapanteles","Glyptapanteles Malaise1893","BOLD:ACB1893","Malaise trap PL12-6B",10.764,-85.333,"2015-07-16","1",656,"PLDBI"
"673","BIOUG58355-B06","PLDCB318-20","GMP#20877","Arthropoda","Insecta","Hymenoptera","Braconidae","Microgastrinae","Parapanteles","Parapanteles Janzen3007","BOLD:AEA3007","Malaise trap PL12-6E",10.764,-85.333,"2017-11-23","1",654,"PLDCB"
"674","BIOUG58466-B12","PLDCH080-20","GMP#20883","Arthropoda","Insecta","Hymenoptera","Braconidae","Microgastrinae","Dolichogenidea","Dolichogenidea Malaise4342","BOLD:AEF4342","Malaise trap PL12-6E",10.764,-85.333,"2018-01-04","1",641,"PLDCH"
"675","BIOUG56761-C02","PLECB1864-20","GMP#21448","Arthropoda","Insecta","Hymenoptera","Braconidae","Microgastrinae","Glyptapanteles","Glyptapanteles Janzen4535","BOLD:AEB1477","Malaise trap PL12-5D",10.763,-85.334,"2016-11-24","1",656,"PLECB"
"676","BIOUG56762-E01","PLECB1982-20","GMP#21448","Arthropoda","Insecta","Hymenoptera","Braconidae","Microgastrinae","Glyptapanteles","Glyptapanteles carlrettenmeyeri","BOLD:AAY0742","Malaise trap PL12-5D",10.763,-85.334,"2016-11-24","1",656,"PLECB"
"677","BIOUG56763-C12","PLECB2064-20","GMP#21448","Arthropoda","Insecta","Hymenoptera","Braconidae","Microgastrinae","Hypomicrogaster","Hypomicrogaster Whitfield20","BOLD:AAK3035","Malaise trap PL12-5D",10.763,-85.334,"2016-11-24","1",655,"PLECB"
"678","BIOUG56763-G11","PLECB2111-20","GMP#21448","Arthropoda","Insecta","Hymenoptera","Braconidae","Microgastrinae","Glyptapanteles","Glyptapanteles Malaise2049","BOLD:AEA2049","Malaise trap PL12-5D",10.763,-85.334,"2016-11-24","1",654,"PLECB"
"679","BIOUG56764-E09","PLECB2180-20","GMP#21448","Arthropoda","Insecta","Hymenoptera","Braconidae","Microgastrinae","Dolichogenidea","Dolichogenidea Janzen12","BOLD:ACF2953","Malaise trap PL12-5D",10.763,-85.334,"2016-11-24","1",659,"PLECB"
"680","BIOUG56782-C08","PLECC1446-20","GMP#21449","Arthropoda","Insecta","Hymenoptera","Braconidae","Microgastrinae","Glyptapanteles","Glyptapanteles mikegatesi","BOLD:AAI7293","Malaise trap PL12-5D",10.763,-85.334,"2016-12-01","1",651,"PLECC"
"681","BIOUG58268-E05","PLECD2104-20","GMP#21450","Arthropoda","Insecta","Hymenoptera","Braconidae","Microgastrinae","Fornicia","Fornicia Malaise1879","BOLD:AEF1879","Malaise trap PL12-5D",10.763,-85.334,"2016-12-08","1",655,"PLECD"
"682","BIOUG58295-C05","PLECE1781-20","GMP#21451","Arthropoda","Insecta","Hymenoptera","Braconidae","Microgastrinae","Glyptapanteles","Glyptapanteles malaise0455","BOLD:AEF0455","Malaise trap PL12-5D",10.763,-85.334,"2016-12-15","1",654,"PLECE"
"683","BIOUG58320-D02","PLECF2074-20","GMP#21452","Arthropoda","Insecta","Hymenoptera","Braconidae","Microgastrinae","Glyptapanteles","Glyptapanteles malaise0134","BOLD:AEF0134","Malaise trap PL12-5D",10.763,-85.334,"2016-12-22","1",654,"PLECF"
"684","BIOUG58320-D05","PLECF2077-20","GMP#21452","Arthropoda","Insecta","Hymenoptera","Braconidae","Microgastrinae","Snellenius","Snellenius Malaise7619","BOLD:AEE7619","Malaise trap PL12-5D",10.763,-85.334,"2016-12-22","1",653,"PLECF"
"685","BIOUG57253-F04","PLECG2625-20","GMP#21453","Arthropoda","Insecta","Hymenoptera","Braconidae","Microgastrinae","Promicrogaster","Promicrogaster Malaise3491","BOLD:AEF3491","Malaise trap PL12-5D",10.763,-85.334,"2016-12-29","1",647,"PLECG"
"686","BIOUG57275-B06","PLECH1717-20","GMP#21454","Arthropoda","Insecta","Hymenoptera","Braconidae","Microgastrinae","Glyptapanteles","Glyptapanteles Malaise3230","BOLD:AEF3230","Malaise trap PL12-5D",10.763,-85.334,"2017-01-05","1",655,"PLECH"
"687","BIOUG57915-F11","PLECI2573-20","GMP#21455","Arthropoda","Insecta","Hymenoptera","Braconidae","Microgastrinae","Dolichogenidea","Dolichogenidea Malaise1620","BOLD:AEF1620","Malaise trap PL12-5D",10.763,-85.334,"2017-01-12","1",655,"PLECI"
"688","BIOUG57353-G09","PLECK1563-20","GMP#21457","Arthropoda","Insecta","Hymenoptera","Braconidae","Microgastrinae","Glyptapanteles","Glyptapanteles malaise0378","BOLD:AEF0378","Malaise trap PL12-5D",10.763,-85.334,"2017-01-26","1",654,"PLECK"
"689","BIOUG57355-F06","PLECK1738-20","GMP#21457","Arthropoda","Insecta","Hymenoptera","Braconidae","Microgastrinae","Pseudapanteles","Pseudapanteles Malaise2002","BOLD:AEF2002","Malaise trap PL12-5D",10.763,-85.334,"2017-01-26","1",654,"PLECK"
"690","BIOUG57344-E05","PLECK680-20","GMP#21457","Arthropoda","Insecta","Hymenoptera","Braconidae","Microgastrinae","Diolcogaster","Diolcogaster Malaise5772","BOLD:AEF5772","Malaise trap PL12-5D",10.763,-85.334,"2017-01-26","1",652,"PLECK"
"691","BIOUG57395-D04","PLECL1645-20","GMP#21458","Arthropoda","Insecta","Hymenoptera","Braconidae","Microgastrinae","Apanteles","Apanteles malaise0470","BOLD:AEF0470","Malaise trap PL12-5D",10.763,-85.334,"2017-02-02","1",653,"PLECL"
"692","BIOUG58616-D03","PLECM1319-20","GMP#21459","Arthropoda","Insecta","Hymenoptera","Braconidae","Microgastrinae","Glyptapanteles","Glyptapanteles Malaise7935","BOLD:AAN7935","Malaise trap PL12-5D",10.763,-85.334,"2017-02-09","1",655,"PLECM"
"693","BIOUG58617-A08","PLECM1383-20","GMP#21459","Arthropoda","Insecta","Hymenoptera","Braconidae","Microgastrinae","Glyptapanteles","Glyptapanteles Malaise3706","BOLD:AEF3706","Malaise trap PL12-5D",10.763,-85.334,"2017-02-09","1",654,"PLECM"
"694","BIOUG58634-F11","PLECN599-20","GMP#21460","Arthropoda","Insecta","Hymenoptera","Braconidae","Microgastrinae","Dolichogenidea","Dolichogenidea Malaise8556","BOLD:AEF8556","Malaise trap PL12-5D",10.763,-85.334,"2017-02-16","1",655,"PLECN"
"695","BIOUG57044-G04","PLECT258-20","GMP#21466","Arthropoda","Insecta","Hymenoptera","Braconidae","Microgastrinae","Glyptapanteles","Glyptapanteles Whitfield78","BOLD:AFW6095","Malaise trap PL12-5D",10.763,-85.334,"2017-03-30","1",653,"PLECT"
"696","BIOUG57759-G02","PLEDA3464-20","GMP#21473","Arthropoda","Insecta","Hymenoptera","Braconidae","Microgastrinae","Hypomicrogaster","Hypomicrogaster Malaise4140","BOLD:AEF4140","Malaise trap PL12-5D",10.763,-85.334,"2017-05-18","1",640,"PLEDA"
"697","BIOUG59628-A03","PLEDD2592-20","GMP#21476","Arthropoda","Insecta","Hymenoptera","Braconidae","Microgastrinae","Xanthomicrogaster","Xanthomicrogaster Janzen4621","BOLD:AEC4531","Malaise trap PL12-5D",10.763,-85.334,"2017-06-08","1",654,"PLEDD"
"698","BIOUG60030-C02","PLEDI1372-20","GMP#21481","Arthropoda","Insecta","Hymenoptera","Braconidae","Microgastrinae","Glyptapanteles","Glyptapanteles paulheberti","BOLD:ACE8951","Malaise trap PL12-5D",10.763,-85.334,"2017-07-13","1",640,"PLEDI"
"699","BIOUG57124-B10","PLEDP1119-20","GMP#21488","Arthropoda","Insecta","Hymenoptera","Braconidae","Microgastrinae","Glyptapanteles","Glyptapanteles Janzen4588","BOLD:AEA9104","Malaise trap PL12-5D",10.763,-85.334,"2017-08-31","1",654,"PLEDP"
"700","BIOUG57135-A05","PLEDQ912-20","GMP#21489","Arthropoda","Insecta","Hymenoptera","Braconidae","Microgastrinae","Promicrogaster","Promicrogaster Malaise3092","BOLD:AEF3092","Malaise trap PL12-5D",10.763,-85.334,"2017-09-07","1",654,"PLEDQ"
"701","BIOUG57180-F06","PLEDT1353-20","GMP#21492","Arthropoda","Insecta","Hymenoptera","Braconidae","Microgastrinae","Hypomicrogaster","Hypomicrogaster malaise0484","BOLD:AEF0484","Malaise trap PL12-5D",10.763,-85.334,"2017-09-28","1",655,"PLEDT"
"702","BIOUG57198-F08","PLEDU1500-20","GMP#21493","Arthropoda","Insecta","Hymenoptera","Braconidae","Microgastrinae","Glyptapanteles","Glyptapanteles Whitfield129","BOLD:AGB0786","Malaise trap PL12-5D",10.763,-85.334,"2017-10-05","1",652,"PLEDU"
"703","BIOUG57829-A05","PLEDY631-20","GMP#21497","Arthropoda","Insecta","Hymenoptera","Braconidae","Microgastrinae","Cotesia","Cotesia Whitfield196","BOLD:AAJ5618","Malaise trap PL12-5D",10.763,-85.334,"2017-11-02","1",654,"PLEDY"
"704","BIOUG64619-H02","PLEEV204-21","GMP#28271","Arthropoda","Insecta","Hymenoptera","Braconidae","Microgastrinae","Glyptapanteles","Glyptapanteles Malaise2689","BOLD:AEH2689","Malaise trap PL12-8G",10.761,-85.335,"2020-04-09","1",654,"PLEEV"
"705","BIOUG60462-E03","PLFDA1208-20","GMP#21525","Arthropoda","Insecta","Hymenoptera","Braconidae","Microgastrinae","Glyptapanteles","Glyptapanteles Malaise9101","BOLD:AEG9101","Malaise trap PL12-5E",10.763,-85.334,"2018-05-17","1",652,"PLFDA"
"706","BIOUG64108-D08","PLFEF411-21","GMP#28164","Arthropoda","Insecta","Hymenoptera","Braconidae","Microgastrinae","Glyptapanteles","Glyptapanteles Malaise9358","BOLD:AEC9358","Malaise trap PL12-9G",10.76,-85.334,"2019-12-19","1",648,"PLFEF"
"707","BIOUG64314-H11","PLFFI043-21","GMP#29096","Arthropoda","Insecta","Hymenoptera","Braconidae","Microgastrinae","Dolichogenidea","Dolichogenidea Malaisee3740","BOLD:AEI3740","Malaise trap PL12-9G",10.76,-85.334,"2020-07-16","1",655,"PLFFI"
"708","BIOUG51543-G03","PLGBA071-19","GMP#19965","Arthropoda","Insecta","Hymenoptera","Braconidae","Microgastrinae","Apanteles","Apanteles Malaise8654","BOLD:AEB8654","Malaise trap PL12-8A",10.761,-85.335,"2014-05-22","1",655,"PLGBA"
"709","BIOUG57974-F01","PLGCB168-20","GMP#20096","Arthropoda","Insecta","Hymenoptera","Braconidae","Microgastrinae","Dolichogenidea","Dolichogenidea malaise0693","BOLD:AEF0693","Malaise trap PL12-8D",10.761,-85.335,"2016-11-24","1",654,"PLGCB"
"710","BIOUG56674-G06","PLGCI252-20","GMP#20103","Arthropoda","Insecta","Hymenoptera","Braconidae","Microgastrinae","Distatrix","Distatrix Malaise9572","BOLD:AAZ9572","Malaise trap PL12-8D",10.761,-85.335,"2017-01-12","1",654,"PLGCI"
"711","BIOUG56198-C04","PLGDA705-20","GMP#20121","Arthropoda","Insecta","Hymenoptera","Braconidae","Microgastrinae","Glyptapanteles","Glyptapanteles daveroubiki","BOLD:AAY0743","Malaise trap PL12-8D",10.761,-85.335,"2017-05-18","1",682,"PLGDA"
"712","BIOUG56438-G06","PLHAX506-20","GMP#20831","Arthropoda","Insecta","Hymenoptera","Braconidae","Microgastrinae","Glyptapanteles","Glyptapanteles victoriapookae","BOLD:AAI7271","Malaise trap PL12-6D",10.764,-85.333,"2017-01-05","1",654,"PLXAH"
"713","BIOUG51918-E02","PLIBB156-20","GMP#20435","Arthropoda","Insecta","Hymenoptera","Braconidae","Microgastrinae","Glyptapanteles","Glyptapanteles Malaise3857","BOLD:AEC3857","Malaise trap PL12-7B",10.761,-85.335,"2015-05-28","1",652,"PLIBB"
"714","BIOUG65333-F04","PLIZA192-21","GMP#28221","Arthropoda","Insecta","Hymenoptera","Braconidae","Microgastrinae","Diolcogaster","Diolcogaster Malaise1824","BOLD:AEJ1824","Malaise trap PL12-5G",10.763,-85.334,"2019-11-28","1",654,"PLIZA"
"715","BIOUG52346-B02","PLLAA815-20","GMP#21394","Arthropoda","Insecta","Hymenoptera","Braconidae","Microgastrinae","Cotesia","Cotesia Whitfield200","BOLD:AEC9816","Malaise trap PL12-3C",10.763,-85.334,"2015-11-19","1",640,"PLLAA"
"716","BIOUG52428-C01","PLLAG1964-20","GMP#21245","Arthropoda","Insecta","Hymenoptera","Braconidae","Microgastrinae","Apanteles","Apanteles Malaise6802","BOLD:AEC6802","Malaise trap PL12-3C",10.763,-85.334,"2015-12-31","1",655,"PLLAG"
"717","BIOUG52492-C11","PLLBA1486-20","GMP#21264","Arthropoda","Insecta","Hymenoptera","Braconidae","Microgastrinae","Diolcogaster","Diolcogaster Choi119","BOLD:AEC5126","Malaise trap PL12-3C",10.763,-85.334,"2016-05-19","1",653,"PLLBA"
"718","BIOUG52598-A08","PLLBC1575-20","GMP#21266","Arthropoda","Insecta","Hymenoptera","Braconidae","Microgastrinae","Promicrogaster","Promicrogaster Malaise9455","BOLD:AEC9455","Malaise trap PL12-3C",10.763,-85.334,"2016-06-02","1",652,"PLLBC"
"719","BIOUG53222-B07","PLLBE3059-20","GMP#21268","Arthropoda","Insecta","Hymenoptera","Braconidae","Microgastrinae","Apanteles","Apanteles Malaise6781","BOLD:AEC6781","Malaise trap PL12-3C",10.763,-85.334,"2016-06-16","1",654,"PLLBE"
"720","BIOUG52980-G10","PLLBS211-20","GMP#21282","Arthropoda","Insecta","Hymenoptera","Braconidae","Microgastrinae","Hypomicrogaster","Hypomicrogaster Malaise9209","BOLD:AEC9209","Malaise trap PL12-3C",10.763,-85.334,"2016-09-22","1",640,"PLLBS"
"721","BIOUG53388-C05","PLLBW1272-20","GMP#21286","Arthropoda","Insecta","Hymenoptera","Braconidae","Microgastrinae","Diolcogaster","Diolcogaster Malaise8352","BOLD:AEC8352","Malaise trap PL12-3C",10.763,-85.334,"2016-10-20","1",652,"PLLBW"
"722","BIOUG60373-C05","PLLCQ104-20","GMP#23066","Arthropoda","Insecta","Hymenoptera","Braconidae","Microgastrinae","Dolichogenidea","Dolichogenidea Malaise3265","BOLD:AEE3265","Malaise trap PL12-1F",10.764,-85.335,"2019-03-07","1",654,"PLLCQ"
"723","BIOUG61255-C07","PLNDN939-20","GMP#22984","Arthropoda","Insecta","Hymenoptera","Braconidae","Microgastrinae","Glyptapanteles","Glyptapanteles malaise0110","BOLD:AEG0110","Malaise trap PL12-3F",10.763,-85.334,"2019-08-15","1",654,"PLNDN"
"724","BIOUG53253-E10","PLPAD060-20","GMP#20463","Arthropoda","Insecta","Hymenoptera","Braconidae","Microgastrinae","Hypomicrogaster","Hypomicrogaster Malaise1465","BOLD:AED1465","Malaise trap PL12-7C",10.761,-85.335,"2015-12-10","1",655,"PLPAD"
"725","BIOUG61565-E03","PLPCK544-20","GMP#23268","Arthropoda","Insecta","Hymenoptera","Braconidae","Microgastrinae","Apanteles","Apanteles Malaise8787","BOLD:AEG8787","Malaise trap PL12-5F",10.763,-85.334,"2019-01-24","1",654,"PLPCK"
"726","BIOUG61902-F02","PLPCP418-20","GMP#23273","Arthropoda","Insecta","Hymenoptera","Braconidae","Microgastrinae","Alphomelon","Alphomelon arecaphile","BOLD:AAB1086","Malaise trap PL12-5F",10.763,-85.334,"2019-02-28","1",654,"PLPCP"
"727","BIOUG62626-C12","PLPDL207-20","GMP#23295","Arthropoda","Insecta","Hymenoptera","Braconidae","Microgastrinae","Apanteles","Apanteles Malaise1601","BOLD:ADH1601","Malaise trap PL12-5F",10.763,-85.334,"2019-08-01","1",655,"PLPDL"
"728","BIOUG53830-H03","PLQAI254-20","GMP#20632","Arthropoda","Insecta","Hymenoptera","Braconidae","Microgastrinae","Glyptapanteles","Glyptapanteles Malaise7775","BOLD:AED7775","Malaise trap PL12-9C",10.76,-85.334,"2016-01-14","1",659,"PLQAI"
"729","BIOUG53984-E08","PLQBS543-20","GMP#20668","Arthropoda","Insecta","Hymenoptera","Braconidae","Microgastrinae","Xanthomicrogaster","Xanthomicrogaster Malaise4370","BOLD:AED4370","Malaise trap PL12-9C",10.76,-85.334,"2016-09-22","1",652,"PLQBS"
"730","BIOUG53984-G03","PLQBS562-20","GMP#20668","Arthropoda","Insecta","Hymenoptera","Braconidae","Microgastrinae","Dolichogenidea","Dolichogenidea Malaise4932","BOLD:AEH4932","Malaise trap PL12-9C",10.76,-85.334,"2016-09-22","1",650,"PLQBS"
"731","BIOUG54076-G02","PLQBU1043-20","GMP#20670","Arthropoda","Insecta","Hymenoptera","Braconidae","Microgastrinae","Glyptapanteles","Glyptapanteles Malaise2871","BOLD:AED2871","Malaise trap PL12-9C",10.76,-85.334,"2016-10-06","1",641,"PLQBU"
"732","BIOUG54454-D03","PLSBD1054-20","GMP#21424","Arthropoda","Insecta","Hymenoptera","Braconidae","Microgastrinae","Glyptapanteles","Glyptapanteles Malaise2398","BOLD:AEE2398","Malaise trap PL12-5C",10.763,-85.334,"2016-06-09","1",654,"PLSBD"
"733","BIOUG54898-F04","PLSBI1880-20","GMP#21429","Arthropoda","Insecta","Hymenoptera","Braconidae","Microgastrinae","Promicrogaster","Promicrogaster Malaise7200","BOLD:AEE7200","Malaise trap PL12-5C",10.763,-85.334,"2016-07-14","1",652,"PLSBI"
"734","BIOUG55901-G12","PLUAK358-20","GMP#21300","Arthropoda","Insecta","Hymenoptera","Braconidae","Microgastrinae","Dolichogenidea","Dolichogenidea Malaise9304","BOLD:AEE9304","Malaise trap PL12-3D",10.763,-85.334,"2017-01-26","1",655,"PLUAK"
"735","BIOUG56441-A03","PLXAI193-20","GMP#20832","Arthropoda","Insecta","Hymenoptera","Braconidae","Microgastrinae","Apanteles","Apanteles malaise0925","BOLD:AEE0925","Malaise trap PL12-6D",10.764,-85.333,"2017-01-12","1",654,"PLXAI"
"736","BIOUG56138-G02","PLXBH218-20","GMP#20857","Arthropoda","Insecta","Hymenoptera","Braconidae","Microgastrinae","Hypomicrogaster","Hypomicrogaster Whitfield44","BOLD:AAF4762","Malaise trap PL12-6D",10.764,-85.333,"2017-07-06","1",660,"PLXBH"
"737","BIOUG62552-D06","PLXCD1043-20","GMP#27864","Arthropoda","Insecta","Hymenoptera","Braconidae","Microgastrinae","Alphomelon","Alphomelon disputabile","BOLD:AAF3301","Malaise trap PL12-3G",10.763,-85.334,"2019-12-05","1",655,"PLXCD"
"738","BIOUG61372-F09","PLXCG1655-20","GMP#27867","Arthropoda","Insecta","Hymenoptera","Braconidae","Microgastrinae","Cotesia","Cotesia Malaise3022","BOLD:AEH3022","Malaise trap PL12-3G",10.763,-85.334,"2019-12-26","1",653,"PLXCG"
"739","BIOUG59461-B12","PLXCJ1226-20","GMP#27870","Arthropoda","Insecta","Hymenoptera","Braconidae","Microgastrinae","Dolichogenidea","Dolichogenidea Malaise2202","BOLD:AEH2202","Malaise trap PL12-3G",10.763,-85.334,"2020-01-16","1",655,"PLXCJ"
"740","BIOUG59494-G12","PLXCP990-20","GMP#27876","Arthropoda","Insecta","Hymenoptera","Braconidae","Microgastrinae","Sendaphne","Sendaphne Malaise1237","BOLD:AEH1237","Malaise trap PL12-3G",10.763,-85.334,"2020-02-27","1",653,"PLXCP"
"741","BIOUG62354-D01","PLXCT011-20","GMP#27880","Arthropoda","Insecta","Hymenoptera","Braconidae","Microgastrinae","Promicrogaster","Promicrogaster Malaise4302","BOLD:AEH4302","Malaise trap PL12-3G",10.763,-85.334,"2020-03-26","1",653,"PLXCT"
"742","BIOUG62825-H04","PLXDF2589-20","GMP#27892","Arthropoda","Insecta","Hymenoptera","Braconidae","Microgastrinae","Glyptapanteles","Glyptapanteles Malaise1686","BOLD:AEH1686","Malaise trap PL12-3G",10.763,-85.334,"2020-06-25","1",654,"PLXDF"
"743","BIOUG56455-G03","PLYAB455-20","GMP#20513","Arthropoda","Insecta","Hymenoptera","Braconidae","Microgastrinae","Apanteles","Apanteles Malaise7530","BOLD:AEE7530","Malaise trap PL12-7D",10.761,-85.335,"2016-11-24","1",654,"PLYAB"
"744","BIOUG63113-B12","PLYCU157-20","GMP#28075","Arthropoda","Insecta","Hymenoptera","Braconidae","Microgastrinae","Rasivalva","Rasivalva Malaise2062","BOLD:AAV2062","Malaise trap PL12-4G",10.763,-85.334,"2020-04-02","1",654,"PLYCU"
"745","BIOUG55692-F02","PLZAC519-20","GMP#20678","Arthropoda","Insecta","Hymenoptera","Braconidae","Microgastrinae","Glyptapanteles","Glyptapanteles Malaise0427","BOLD:AFK0427","Malaise trap PL12-9D",10.76,-85.334,"2016-12-01","1",655,"PLZAC"
"746","BIOUG55737-E10","PLZAN261-20","GMP#20689","Arthropoda","Insecta","Hymenoptera","Braconidae","Microgastrinae","Dolichogenidea","Dolichogenidea Malaise3185","BOLD:AEF3185","Malaise trap PL12-9D",10.76,-85.334,"2017-02-16","1",661,"PLZAN"
"747","BIOUG56081-A07","PLZAV356-20","GMP#20697","Arthropoda","Insecta","Hymenoptera","Braconidae","Microgastrinae","Pseudapanteles","Pseudapanteles Malaise34","BOLD:AEZ3433","Malaise trap PL12-9D",10.76,-85.334,"2017-04-13","1",654,"PLZAV"
"748","BIOUG59538-A03","PLZCL034-20","GMP#20363","Arthropoda","Insecta","Hymenoptera","Braconidae","Microgastrinae","Hypomicrogaster","Hypomicrogaster Malaise8000","BOLD:AEF8000","Malaise trap PL12-2E",10.763,-85.335,"2018-02-01","1",652,"PLZCL"
